{
 "nodes": [
 {
 "id": "Amino sugar and nucleotide sugar metabolism",
"label": "Amino sugar and nucleotide sugar metabolism",
"size": 9.687736,
"color": "#FF0000",
"x":  -1.4822,
"y": 3.124264 
},
{
 "id": "Galactose metabolism",
"label": "Galactose metabolism",
"size": 9.826403,
"color": "#FF0A00",
"x": -3.985795,
"y": 2.580359 
},
{
 "id": "Ascorbate and aldarate metabolism",
"label": "Ascorbate and aldarate metabolism",
"size": 9.814434,
"color": "#FF1400",
"x": 0.2260782,
"y": 4.780899 
},
{
 "id": "Glycerophospholipid metabolism",
"label": "Glycerophospholipid metabolism",
"size": 9.280484,
"color": "#FF1D00",
"x": 0.5873709,
"y": -4.573443 
},
{
 "id": "Fatty acid degradation",
"label": "Fatty acid degradation",
"size": 9.875402,
"color": "#FF2700",
"x": 4.547414,
"y": 0.7101935 
},
{
 "id": "Alanine, aspartate and glutamate metabolism",
"label": "Alanine, aspartate and glutamate metabolism",
"size":  9.48873,
"color": "#FF3100",
"x": 2.985846,
"y": 1.618423 
},
{
 "id": "Starch and sucrose metabolism",
"label": "Starch and sucrose metabolism",
"size": 9.830603,
"color": "#FF3B00",
"x": -1.761511,
"y": -3.161012 
},
{
 "id": "Arginine biosynthesis",
"label": "Arginine biosynthesis",
"size": 9.813244,
"color": "#FF4500",
"x": -4.423152,
"y":  1.08364 
},
{
 "id": "Pyrimidine metabolism",
"label": "Pyrimidine metabolism",
"size": 8.459611,
"color": "#FF4E00",
"x": 1.792334,
"y": 4.532115 
},
{
 "id": "Citrate cycle (TCA cycle)",
"label": "Citrate cycle (TCA cycle)",
"size": 9.706146,
"color": "#FF5800",
"x": 3.308127,
"y": 3.563474 
},
{
 "id": "Glyoxylate and dicarboxylate metabolism",
"label": "Glyoxylate and dicarboxylate metabolism",
"size": 9.706146,
"color": "#FF6200",
"x": -4.539357,
"y": -0.443992 
},
{
 "id": "Arginine and proline metabolism",
"label": "Arginine and proline metabolism",
"size": 8.407252,
"color": "#FF6C00",
"x": -4.142473,
"y": -1.941145 
},
{
 "id": "Pantothenate and CoA biosynthesis",
"label": "Pantothenate and CoA biosynthesis",
"size": 9.600238,
"color": "#FF7600",
"x": -1.317481,
"y": -0.2863167 
},
{
 "id": "Purine metabolism",
"label": "Purine metabolism",
"size": 8.881282,
"color": "#FF8000",
"x": -0.6608463,
"y": -1.923195 
},
{
 "id": "Sphingolipid metabolism",
"label": "Sphingolipid metabolism",
"size": 9.278244,
"color": "#FF8900",
"x": 0.1806462,
"y": 3.232468 
},
{
 "id": "Tryptophan metabolism",
"label": "Tryptophan metabolism",
"size": 9.135657,
"color": "#FF9300",
"x": 0.2867083,
"y": -3.217125 
},
{
 "id": "Thiamine metabolism",
"label": "Thiamine metabolism",
"size": 8.823884,
"color": "#FF9D00",
"x": 4.288285,
"y": 2.234916 
},
{
 "id": "Glutathione metabolism",
"label": "Glutathione metabolism",
"size": 7.201316,
"color": "#FFA700",
"x": -2.897153,
"y": 3.795744 
},
{
 "id": "Riboflavin metabolism",
"label": "Riboflavin metabolism",
"size": 7.326753,
"color": "#FFB100",
"x": -2.665755,
"y": 1.837382 
},
{
 "id": "Pentose and glucuronate interconversions",
"label": "Pentose and glucuronate interconversions",
"size": 7.718956,
"color": "#FFBA00",
"x": -3.149206,
"y": -3.323154 
},
{
 "id": "Arachidonic acid metabolism",
"label": "Arachidonic acid metabolism",
"size": 8.218326,
"color": "#FFC400",
"x": 4.559108,
"y": -0.6827169 
},
{
 "id": "alpha-Linolenic acid metabolism",
"label": "alpha-Linolenic acid metabolism",
"size": 8.218326,
"color": "#FFCE00",
"x": -2.678719,
"y": -1.583104 
},
{
 "id": "Nicotinate and nicotinamide metabolism",
"label": "Nicotinate and nicotinamide metabolism",
"size":  7.98054,
"color": "#FFD800",
"x": -1.358676,
"y": 4.652888 
},
{
 "id": "Linoleic acid metabolism",
"label": "Linoleic acid metabolism",
"size": 7.470811,
"color": "#FFE200",
"x": 0.5994224,
"y": -0.6072412 
},
{
 "id": "Lysine degradation",
"label": "Lysine degradation",
"size": 6.920272,
"color": "#FFEB00",
"x": -0.9285876,
"y": 1.394527 
},
{
 "id": "Biotin metabolism",
"label": "Biotin metabolism",
"size": 6.631807,
"color": "#FFF500",
"x": 0.8030096,
"y": 1.523243 
},
{
 "id": "Pentose phosphate pathway",
"label": "Pentose phosphate pathway",
"size": 6.325493,
"color": "#FFFF00",
"x": 2.123747,
"y": 0.3473487 
},
{
 "id": "Fructose and mannose metabolism",
"label": "Fructose and mannose metabolism",
"size": 6.191726,
"color": "#FFFF10",
"x": 1.892665,
"y": 2.996323 
},
{
 "id": "Ether lipid metabolism",
"label": "Ether lipid metabolism",
"size": 6.133137,
"color": "#FFFF30",
"x": 1.630134,
"y": -2.237193 
},
{
 "id": "Cysteine and methionine metabolism",
"label": "Cysteine and methionine metabolism",
"size": 5.207196,
"color": "#FFFF50",
"x": 2.100461,
"y": -3.941413 
},
{
 "id": "Ubiquinone and other terpenoid-quinone biosynthesis",
"label": "Ubiquinone and other terpenoid-quinone biosynthesis",
"size": 4.638457,
"color": "#FFFF70",
"x": -1.179812,
"y": -4.420819 
},
{
 "id": "Tyrosine metabolism",
"label": "Tyrosine metabolism",
"size": 4.638457,
"color": "#FFFF8F",
"x": -3.00309,
"y": 0.149601 
},
{
 "id": "Phenylalanine metabolism",
"label": "Phenylalanine metabolism",
"size": 4.638457,
"color": "#FFFFAF",
"x": 3.934477,
"y": -2.246808 
},
{
 "id": "Phenylalanine, tyrosine and tryptophan biosynthesis",
"label": "Phenylalanine, tyrosine and tryptophan biosynthesis",
"size": 4.638457,
"color": "#FFFFCF",
"x": 3.362477,
"y": -2.879638 
},
{
 "id": "Inositol phosphate metabolism",
"label": "Inositol phosphate metabolism",
"size": 3.731555,
"color": "#FFFFEF",
"x": 2.904661,
"y": -0.9224351 
} 
],
"edges": [ {
 "id": "1",
"source": "Phenylalanine metabolism",
"target": "Phenylalanine, tyrosine and tryptophan biosynthesis" 
} ] 
}