{
 "nodes": [
 {
 "id": "Pyrimidine metabolism",
"label": "Pyrimidine metabolism",
"size": 6.418803,
"color": "#FF0000",
"x": -2.745403,
"y": -1.583244 
},
{
 "id": "Glycerophospholipid metabolism",
"label": "Glycerophospholipid metabolism",
"size": 6.418803,
"color": "#FF1000",
"x": -0.6983288,
"y": -3.053879 
},
{
 "id": "Pentose and glucuronate interconversions",
"label": "Pentose and glucuronate interconversions",
"size": 7.255319,
"color": "#FF2000",
"x": 0.6209786,
"y": -4.521179 
},
{
 "id": "Amino sugar and nucleotide sugar metabolism",
"label": "Amino sugar and nucleotide sugar metabolism",
"size": 6.191489,
"color": "#FF3000",
"x": 2.619864,
"y": -2.37654 
},
{
 "id": "Galactose metabolism",
"label": "Galactose metabolism",
"size": 7.255319,
"color": "#FF4000",
"x": -3.609076,
"y": 0.6033312 
},
{
 "id": "Ascorbate and aldarate metabolism",
"label": "Ascorbate and aldarate metabolism",
"size": 7.255319,
"color": "#FF5000",
"x": -4.181564,
"y": -0.8558237 
},
{
 "id": "Glutathione metabolism",
"label": "Glutathione metabolism",
"size": 5.836879,
"color": "#FF6000",
"x": -4.049974,
"y": -2.609419 
},
{
 "id": "Fatty acid degradation",
"label": "Fatty acid degradation",
"size": 7.255319,
"color": "#FF7000",
"x": 0.9018883,
"y": -2.431965 
},
{
 "id": "Ubiquinone and other terpenoid-quinone biosynthesis",
"label": "Ubiquinone and other terpenoid-quinone biosynthesis",
"size": 7.255319,
"color": "#FF8000",
"x": -2.553256,
"y": 1.860639 
},
{
 "id": "Alanine, aspartate and glutamate metabolism",
"label": "Alanine, aspartate and glutamate metabolism",
"size": 7.255319,
"color": "#FF8F00",
"x": 2.367617,
"y": 0.6669163 
},
{
 "id": "Tyrosine metabolism",
"label": "Tyrosine metabolism",
"size": 7.255319,
"color": "#FF9F00",
"x": -2.061955,
"y": 0.01887724 
},
{
 "id": "Phenylalanine metabolism",
"label": "Phenylalanine metabolism",
"size": 7.255319,
"color": "#FFAF00",
"x": -1.076917,
"y": -4.692507 
},
{
 "id": "Phenylalanine, tyrosine and tryptophan biosynthesis",
"label": "Phenylalanine, tyrosine and tryptophan biosynthesis",
"size": 7.255319,
"color": "#FFBF00",
"x": -1.917775,
"y": -4.500833 
},
{
 "id": "Starch and sucrose metabolism",
"label": "Starch and sucrose metabolism",
"size": 7.255319,
"color": "#FFCF00",
"x": -0.8482852,
"y": -1.37311 
},
{
 "id": "Glycerolipid metabolism",
"label": "Glycerolipid metabolism",
"size": 7.255319,
"color": "#FFDF00",
"x": -0.1239828,
"y": 2.376971 
},
{
 "id": "Inositol phosphate metabolism",
"label": "Inositol phosphate metabolism",
"size": 7.255319,
"color": "#FFEF00",
"x": 1.389234,
"y": -0.7258434 
},
{
 "id": "Ether lipid metabolism",
"label": "Ether lipid metabolism",
"size": 7.255319,
"color": "#FFFF00",
"x": 1.239105,
"y": 1.639031 
},
{
 "id": "Pentose phosphate pathway",
"label": "Pentose phosphate pathway",
"size":  5.12766,
"color": "#FFFF19",
"x": -1.189387,
"y": 1.525016 
},
{
 "id": "Tryptophan metabolism",
"label": "Tryptophan metabolism",
"size":  5.12766,
"color": "#FFFF4D",
"x": 2.972913,
"y": -0.8832669 
},
{
 "id": "Sphingolipid metabolism",
"label": "Sphingolipid metabolism",
"size":  5.12766,
"color": "#FFFF80",
"x": 1.939993,
"y": -3.761381 
},
{
 "id": "Purine metabolism",
"label": "Purine metabolism",
"size": 4.276596,
"color": "#FFFFB3",
"x": -2.832843,
"y": -3.333602 
},
{
 "id": "Arginine and proline metabolism",
"label": "Arginine and proline metabolism",
"size":  4.41844,
"color": "#FFFFE6",
"x": 0.08217895,
"y":  0.29624 
} 
],
"edges": [ {
 "id": "1",
"source": "Phenylalanine metabolism",
"target": "Phenylalanine, tyrosine and tryptophan biosynthesis" 
} ] 
}