"","total","expected","hits","Raw p","Holm p","FDR"
"Pyrimidine metabolism",5,1.17,4,0.0112,0.892,0.326
"Glycerophospholipid metabolism",5,1.17,4,0.0112,0.892,0.326
"Pentose and glucuronate interconversions",3,0.705,3,0.0122,0.952,0.326
"Amino sugar and nucleotide sugar metabolism",4,0.94,3,0.0407,1,0.721
"Galactose metabolism",2,0.47,2,0.0541,1,0.721
"Ascorbate and aldarate metabolism",2,0.47,2,0.0541,1,0.721
"Glutathione metabolism",3,0.705,2,0.138,1,1
"Fatty acid degradation",1,0.235,1,0.235,1,1
"Ubiquinone and other terpenoid-quinone biosynthesis",1,0.235,1,0.235,1,1
"Alanine, aspartate and glutamate metabolism",1,0.235,1,0.235,1,1
"Tyrosine metabolism",1,0.235,1,0.235,1,1
"Phenylalanine metabolism",1,0.235,1,0.235,1,1
"Phenylalanine, tyrosine and tryptophan biosynthesis",1,0.235,1,0.235,1,1
"Starch and sucrose metabolism",1,0.235,1,0.235,1,1
"Glycerolipid metabolism",1,0.235,1,0.235,1,1
"Inositol phosphate metabolism",1,0.235,1,0.235,1,1
"Ether lipid metabolism",1,0.235,1,0.235,1,1
"Pentose phosphate pathway",2,0.47,1,0.416,1,1
"Tryptophan metabolism",2,0.47,1,0.416,1,1
"Sphingolipid metabolism",2,0.47,1,0.416,1,1
"Purine metabolism",10,2.35,3,0.43,1,1
"Arginine and proline metabolism",3,0.705,1,0.555,1,1
