"Query","Match","HMDB","PubChem","KEGG","SMILES","Comment"
"C00670","Glycerophosphocholine","HMDB0000086","657272","C00670","C[N+](C)(C)CCOP([O-])(=O)OC[C@H](O)CO","1"
"C00588","Phosphorylcholine","HMDB0001565","1014","C00588","C[N+](C)(C)CCOP(O)(O)=O","1"
"C00307","Citicoline","HMDB0001413","13805","C00307","C[N+](C)(C)CCOP(O)(=O)OP(O)(=O)OC[C@H]1O[C@H]([C@H](O)[C@@H]1O)N1C=CC(N)=NC1=O","1"
"C00105","Uridine 5'-monophosphate","HMDB0000288","6030","C00105","O[C@H]1[C@@H](O)[C@@H](O[C@@H]1COP(O)(O)=O)N1C=CC(=O)NC1=O","1"
"C00015","Uridine 5'-diphosphate","HMDB0000295","6031","C00015","O[C@H]1[C@@H](O)[C@@H](O[C@@H]1COP(O)(=O)OP(O)(O)=O)N1C=CC(=O)NC1=O","1"
"C00020","Adenosine monophosphate","HMDB0000045","6083","C00020","NC1=C2N=CN([C@@H]3O[C@H](COP(O)(O)=O)[C@@H](O)[C@H]3O)C2=NC=N1","1"
"C00127","Oxidized glutathione","HMDB0003337","65359","C00127","N[C@@H](CCC(=O)N[C@@H](CSSC[C@H](NC(=O)CC[C@H](N)C(O)=O)C(=O)NCC(O)=O)C(=O)NCC(O)=O)C(O)=O","1"
"C00082","L-Tyrosine","HMDB0000158","6057","C00082","N[C@@H](CC1=CC=C(O)C=C1)C(O)=O","1"
"C19463","1,5-Naphthalenediamine","HMDB0244231","16720","C19463","NC1=CC=CC2=C1C=CC=C2N","1"
"C20387","Biotin sulfone","HMDB0004818","21252323","C20387","[H][C@]12CS(=O)(=O)[C@@H](CCCCC(O)=O)[C@@]1([H])NC(=O)N2","1"
"C00319","Sphingosine","HMDB0000252","5280335","C00319","CCCCCCCCCCCCC\C=C\[C@@H](O)[C@@H](N)CO","1"
"C04230","CE(22:5(7Z,10Z,13Z,16Z,19Z))","HMDB0010375","24779458","C04230","CC\C=C/C\C=C/C\C=C/C\C=C/C\C=C/CCCCCC(=O)O[C@H]1CC[C@]2(C)C3CC[C@]4(C)C(CCC4C3CC=C2C1)[C@H](C)CCCC(C)C","1"
"C02990","Palmitoylcarnitine","HMDB0000222","11953816","C02990","CCCCCCCCCCCCCCCC(=O)O[C@H](CC(O)=O)C[N+](C)(C)C","1"
"C11339","Antimycin A","HMDB0248488","12550","C11339","CCCCCCC1C(OC(=O)CC(C)C)C(C)OC(=O)C(NC(=O)C2=CC=CC(NC=O)=C2O)C(C)OC1=O","1"
"C02301","O-Acylcarnitine",NA,"5355","C02301",NA,"1"
"C21484","LysoPE(18:0/0:0)","HMDB0011130","9547068","C21484","[H][C@@](O)(COC(=O)CCCCCCCCCCCCCCCCC)COP(O)(=O)OCCN","1"
"C00199","D-Ribulose 5-phosphate","HMDB0000618","439184","C00199","OCC(=O)[C@H](O)[C@H](O)COP(O)(O)=O","1"
"C01657","N-Acetyl-L-tyrosine","HMDB0000866","68310","C01657","CC(=O)N[C@@H](CC1=CC=C(O)C=C1)C(O)=O","1"
"C00093","Glycerol 3-phosphate","HMDB0000126","439162","C00093","OC[C@@H](O)COP(O)(O)=O","1"
"C03546","D-myo-Inositol 4-phosphate","HMDB0001313","440043","C03546","O[C@@H]1[C@H](O)[C@H](O)[C@@H](OP(O)(O)=O)[C@H](O)[C@H]1O","1"
"C05382","D-Sedoheptulose 7-phosphate","HMDB0001068","92042786","C05382","OC[C@]1(O)O[C@H](COP(O)(O)=O)[C@@H](O)[C@@H](O)[C@@H]1O","1"
"C00052","Uridine diphosphategalactose","HMDB0000302","18068","C00052","OC[C@H]1O[C@H](OP(O)(=O)OP(O)(=O)OC[C@H]2O[C@H]([C@H](O)[C@@H]2O)N2C=CC(=O)NC2=O)[C@H](O)[C@@H](O)[C@H]1O","1"
"C00167","Uridine diphosphate glucuronic acid","HMDB0000935","17473","C00167","O[C@@H]1[C@@H](COP(O)(=O)OP(O)(=O)O[C@H]2O[C@@H]([C@@H](O)[C@H](O)[C@H]2O)C(O)=O)O[C@H]([C@@H]1O)N1C=CC(=O)NC1=O","1"
"C00364","5-Thymidylic acid","HMDB0001227","9700","C00364","CC1=CN([C@H]2C[C@H](O)[C@@H](COP(O)(O)=O)O2)C(=O)NC1=O","1"
"C00299","Uridine","HMDB0000296","6029","C00299","OC[C@H]1O[C@H]([C@H](O)[C@@H]1O)N1C=CC(=O)NC1=O","1"
"C03794","Adenylsuccinic acid","HMDB0000536","447145","C03794","O[C@@H]1[C@@H](COP(O)(O)=O)O[C@H]([C@@H]1O)N1C=NC2=C1N=CN=C2N[C@@H](CC(O)=O)C(O)=O","1"
"C00005","NADPH","HMDB0000221","5884","C00005","NC(=O)C1=CN(C=CC1)[C@@H]1O[C@H](COP(O)(=O)OP(O)(=O)OC[C@H]2O[C@H]([C@H](OP(O)(O)=O)[C@@H]2O)N2C=NC3=C2N=CN=C3N)[C@@H](O)[C@H]1O","1"
"C00078","L-Tryptophan","HMDB0000929","6305","C00078","N[C@@H](CC1=CNC2=C1C=CC=C2)C(O)=O","1"
"C03672","Hydroxyphenyllactic acid","HMDB0000755","9378","C03672","OC(CC1=CC=C(O)C=C1)C(O)=O","1"
"C00463","Indole","HMDB0000738","798","C00463","N1C=CC2=C1C=CC=C2","1"
"C07471","Methacholine","HMDB0015654","1993","C07471","CC(C[N+](C)(C)C)OC(C)=O","1"
"C00360","Deoxyadenosine monophosphate","HMDB0000905","12599","C00360","NC1=NC=NC2=C1N=CN2[C@H]1C[C@H](O)[C@@H](COP(O)(O)=O)O1","1"
"C00350","PE(14:0/20:1(11Z))","HMDB0008834","52924120","C00350","[H][C@@](COC(=O)CCCCCCCCCCCCC)(COP(O)(=O)OCCN)OC(=O)CCCCCCCCC\C=C/CCCCCCCC","1"
"C00157","Phosphatidylcholine",NA,NA,"C00157",NA,"1"
"C00550","2beta-Hydroxytestosterone","HMDB0012654","53481791","C00550","C[C@]12CCC3C(CCC4=CC(=O)[C@@H](O)C[C@]34C)C1CC[C@@H]2O","1"
"C00380","Cytosine","HMDB0000630","597","C00380","NC1=CC=NC(=O)N1","1"
"C02862","Butyrylcarnitine","HMDB0002013","213144","C02862","CCCC(=O)O[C@H](CC([O-])=O)C[N+](C)(C)C","1"
"C00029","Uridine diphosphate glucose","HMDB0000286","8629","C00029","OC[C@H]1O[C@H](OP(O)(=O)OP(O)(=O)OC[C@H]2O[C@H]([C@H](O)[C@@H]2O)N2C=CC(=O)NC2=O)[C@H](O)[C@@H](O)[C@@H]1O","1"
"C00284","Edetic Acid","HMDB0015109","6049","C00284","OC(=O)CN(CCN(CC(O)=O)CC(O)=O)CC(O)=O","1"
"C02305","Phosphocreatine","HMDB0001511","587","C02305","CN(CC(O)=O)C(=N)NP(O)(O)=O","1"
"C00570","CDP-ethanolamine","HMDB0001564","123727","C00570","NCCOP(O)(=O)OP(O)(=O)OC[C@H]1O[C@H]([C@H](O)[C@@H]1O)N1C=CC(N)=NC1=O","1"
"C14550","4-Nonylphenol","HMDB0038982","1752","C14550","CCCCCCCCCC1=CC=C(O)C=C1","1"
"C00946","Adenosine 2'-phosphate","HMDB0011617","53481006","C00946","NC1=NC=NC2=C1N=CN2C1O[C@H](CO)[C@@H](O)[C@H]1OP(O)(O)=O","1"
"C05282","gamma-Glutamylglutamic acid","HMDB0011737","92865","C05282","N[C@@H](CCC(=O)N[C@@H](CCC(O)=O)C(O)=O)C(O)=O","1"
"C00043","Uridine diphosphate-N-acetylglucosamine","HMDB0000290","445675","C00043","CC(=O)N[C@@H]1[C@@H](O)[C@H](O)[C@@H](CO)O[C@@H]1OP(O)(=O)OP(O)(=O)OC[C@H]1O[C@H]([C@H](O)[C@@H]1O)N1C=CC(=O)NC1=O","1"
"C00103","Glucose 1-phosphate","HMDB0001586","65533","C00103","OC[C@H]1O[C@H](OP(O)(O)=O)[C@H](O)[C@@H](O)[C@@H]1O","1"
