mz,p.value,t.score,mode
295.05499,5.205747774613959e-9,-49.4177347076222,negative
331.03127,8.387927219892243e-9,-46.79585714516222,negative
591.11664,1.9527361999460463e-8,-45.345670048343,negative
295.05494,3.155373516980931e-8,-42.44676302296217,negative
451.05458,5.43675914216141e-8,-34.683843205470446,positive
751.04911,6.839768037703181e-8,-40.533989244353315,negative
770.09042,7.064666425011214e-8,-35.00939388698183,positive
375.02094,9.260146082009498e-8,-30.226774563166533,negative
363.04205,1.087509746498664e-7,-29.332704133296765,negative
179.00787,1.1753327741074658e-7,-34.13027461329356,negative
615.11299,1.3904049077176807e-7,-31.52045783654561,positive
179.00746,1.4060075759436185e-7,-59.27818083657895,negative
252.04896,1.4412547293976653e-7,-38.97106504789643,negative
429.17335,1.7043385444034398e-7,-30.86602808808489,positive
375.02105,2.2235728255150146e-7,-45.33082300571158,negative
397.00313,2.6183025678291884e-7,-25.368642769271375,negative
377.03585,2.657975088588784e-7,-30.762130806713948,positive
394.06243,2.7141058720700625e-7,-29.126497070405588,positive
253.02916,5.785121405986348e-7,-40.768472087576065,positive
542.11329,6.636053376225488e-7,-27.55717115830379,positive
246.24254,6.860485350186564e-7,-28.421294740886115,positive
195.00656,8.646909693204138e-7,-44.83884879298232,negative
594.13171,1.2428103637678538e-6,-20.500246541748602,negative
117.05494,1.2927973059266375e-6,-35.6341585381556,positive
613.09838,1.8696616888543863e-6,-19.938459706335955,negative
375.02142,2.022194488892514e-6,-64.96372163175215,negative
295.05468,2.979968100003424e-6,-30.714235760484144,negative
656.11975,3.3277829873911902e-6,-16.928366438678083,positive
179.00756,4.26533152477221e-6,-16.02852507931815,negative
413.09654,4.3689529579385976e-6,-17.17879380824989,negative
385.08677,6.33728345624337e-6,-14.873568083010037,negative
429.17133,8.108572482022275e-6,-15.884745989595979,positive
399.01807,9.573590235025123e-6,-14.383218076584864,positive
203.00389,1.1435971491788955e-5,-13.37912187417278,positive
314.09589,1.2021412767477112e-5,-22.281263979585084,positive
295.05466,1.3226139259577567e-5,-18.491119449319672,negative
129.05578,1.4866945944884331e-5,-17.941759080779082,negative
179.00756,1.513913909342305e-5,-44.38687999098099,negative
331.03128,1.566492138247812e-5,-43.39931620932813,negative
614.07444,1.7587526576734625e-5,-12.407236652561373,positive
302.53383,1.7788408250900303e-5,13.938184000066672,negative
443.08759,1.8565937045493105e-5,-13.065831932522723,negative
295.05459,2.108590511958286e-5,-13.095371510416904,negative
335.02595,2.7534361123580825e-5,-11.387430995592263,positive
81.03357,3.020086554557368e-5,-19.3295788032956,positive
414.99146,3.139417009502542e-5,-11.560213170737661,positive
377.03632,3.4867621039422074e-5,-19.9445174645933,positive
615.1118,3.654727718673054e-5,-11.78130644988725,positive
459.19907,5.776434554777251e-5,14.33176871825053,positive
773.03139,6.308238879030097e-5,-12.029927323080692,negative
375.02102,6.481838770930649e-5,-18.24548266468254,negative
197.02095,6.652024392047814e-5,-18.48551527581995,positive
389.03669,7.195278738332128e-5,-17.548335729840797,negative
425.11764,7.272473285744376e-5,-20.738932692352353,negative
420.99942,7.679448251113146e-5,-22.394303073515204,positive
197.02096,7.759210578985582e-5,-20.180507042254547,positive
255.04076,7.98061749100274e-5,-18.056215052266683,positive
500.11082,9.543557468915116e-5,-10.463647713917036,positive
179.01037,1.0785468822459892e-4,-17.33535109757251,positive
252.04861,1.1448913373812755e-4,-10.989100814863697,negative
205.05153,1.378797560342171e-4,-9.796405763927632,positive
81.03366,1.4945134192985e-4,-16.099997210054816,positive
181.02183,1.4967636826754854e-4,-16.397365852172744,positive
355.07562,1.5103416405232208e-4,-10.906287386794334,negative
631.07321,1.5729616676490567e-4,-11.56276676690184,negative
193.02309,1.8211621733889405e-4,-10.896005180756138,negative
553.13074,1.925529103118882e-4,-16.025418309738924,positive
643.10148,2.2144897968600822e-4,-11.301214160706852,negative
753.06481,2.592145333068198e-4,-14.911239698519216,positive
132.10202,2.674849194213592e-4,-15.731224854427458,positive
79.02126,2.713737912936859e-4,-14.866871885443972,positive
335.02499,3.6487722994352364e-4,-8.617660457715504,positive
375.06237,4.179070147966321e-4,-13.795288476214488,positive
204.04882,4.3913580687624963e-4,-7.37347495636468,positive
287.1422,4.5683515956592194e-4,7.008867604080299,positive
377.03567,4.577336905785463e-4,-14.89244547794325,positive
159.00128,4.599512166523116e-4,-9.854165188038936,negative
345.0468,4.62774141977866e-4,-9.876557036145854,negative
414.99095,4.8775101165471194e-4,-13.598065124150256,positive
1129.09138,5.154783641593365e-4,-13.036703788618638,positive
375.02109,6.06822753639515e-4,-10.3584356895413,negative
295.05464,6.352846801871872e-4,-11.212715234544389,negative
383.07403,6.83390936781328e-4,-9.18971163374458,negative
508.13039,6.917663937953839e-4,-12.893603124616266,positive
443.1893,9.865136382558616e-4,-11.379716628829158,positive
297.15438,0.0010422727868044071,-8.875630538115695,positive
399.01774,0.001171956082358531,-10.983894367325927,positive
495.05848,0.001291481965811583,-10.562814433083279,positive
394.97941,0.0013030409505454818,-9.40985726844499,negative
381.00384,0.001311306083485152,-8.387416440285184,negative
775.04594,0.0014428910401611359,-10.26450876669057,positive
414.35788,0.0015011888415033244,-5.940318350560641,positive
629.14605,0.0015848195619695726,-10.093808398203477,positive
297.06944,0.0016977731432420494,-9.786381781931736,positive
493.04373,0.0017368058097434475,-7.98961885463028,negative
377.03586,0.0018091490329394412,-9.747715741986944,positive
117.05488,0.0018140991594784777,-9.668853144109164,positive
884.15893,0.0018670035269579951,-9.497773598122457,positive
179.00769,0.00219869293008281,-7.773805335387801,negative
455.04969,0.002367189585947502,-8.990201711590737,positive
99.04399,0.0024269834364495295,-8.849060330340643,positive
209.15334,0.00245366052171875,-5.329674199596463,positive
295.05486,0.002574403345433299,-7.932346099185675,negative
611.02458,0.0026885003218391004,-7.151156387381969,positive
325.04328,0.0027761318726739963,-5.109325341430209,positive
305.13205,0.00306751993942911,-8.216647000595175,positive
230.18624,0.003145529098333962,-5.0618066426132815,positive
679.13605,0.0032042593007738434,-7.235013585855376,negative
193.02324,0.003281408625067247,-7.016097980744228,negative
243.06224,0.003447780872471835,-5.704102708347889,negative
191.04018,0.0034652054608750363,-4.762075439688033,positive
645.11645,0.003547227422086956,-7.983736545153491,positive
399.01726,0.0036566915651213942,-7.883464397311647,positive
345.89744,0.004182802474788737,4.728155120272778,positive
295.05467,0.004513960759297365,-4.540086962291839,negative
495.09836,0.004803748134286141,-7.21992292412767,positive
112.05052,0.004819332091962673,-4.446093289511356,positive
401.34501,0.0048757370567314,-4.347008938908613,positive
652.05122,0.004953259629047884,-4.787094041223506,positive
386.32641,0.005176934253607743,-6.157420010340111,positive
179.00753,0.005326393324856916,-6.443320490770573,negative
409.04764,0.005402807609161238,-5.421600581082036,negative
428.20437,0.005568883441654438,5.900407788156564,positive
357.0879,0.00618743869073263,-4.439680134487355,positive
162.11251,0.006194974886198618,4.315928785217144,positive
515.2128,0.0063028728470615435,-4.2424185832026025,positive
282.11992,0.006355879251456568,-4.160181467430925,positive
375.02111,0.006411644032958751,-6.397632769532821,negative
97.02839,0.006992465201464141,-4.761495977279686,positive
257.05905,0.00701762425498127,-4.2907128667635295,positive
454.98733,0.007199966688675626,-5.863891537693982,negative
221.0185,0.007211102815920787,-4.039596136566026,positive
176.07051,0.007296371571690951,-4.6391408126335625,positive
280.09212,0.007310457098817875,-4.862211096546507,positive
402.99506,0.007488437560931068,4.012930378036076,negative
146.06019,0.007705324705830184,-5.296306539447845,positive
544.33927,0.007891186828624403,5.900738704437347,positive
261.1099,0.008059588311783892,5.788628709949774,positive
591.03049,0.008152992760715658,-5.779403406132647,negative
664.11627,0.00832251795197632,-5.726976884409612,positive
244.09037,0.00867651911756616,-4.396379394440966,positive
218.13858,0.008832530866991989,-3.8434834621417946,positive
482.10188,0.008925635745483834,4.231846818810324,negative
426.02215,0.009110455599624104,4.28993807067304,negative
335.106,0.00954507700273974,-3.7603440171296243,positive
445.18309,0.00980531159458487,5.819435702147521,positive
347.02511,0.010130826039007553,-4.441861935774756,positive
415.09158,0.010238256442154191,-5.655766729747859,positive
355.06345,0.010243046792107689,-3.6874001339187985,positive
132.10202,0.011119190398944233,-4.121358045131222,positive
242.09986,0.011451949038168431,-3.9521715647131987,positive
496.33956,0.011465946732843258,4.947751956393728,positive
185.02785,0.011704607777655644,3.587633469259428,negative
170.00457,0.011797283841535104,3.573806160902213,negative
424.34289,0.012179823873636276,-3.8698238347427,positive
284.98493,0.012195030738516913,3.632586062902971,negative
123.05503,0.012211745931417573,3.5703694522228235,positive
171.01225,0.01226143253504212,3.544589368093199,negative
405.00944,0.012673646031532886,-4.715702475973585,positive
538.14736,0.01269962808646231,-3.743461625098976,positive
638.51737,0.012870725191944633,-3.515259439265436,positive
288.19141,0.013050123048855857,-3.9908119495209693,positive
160.04277,0.0132305554198321,-3.7052104588549626,positive
258.93328,0.013517608228272106,-3.8371088982753054,positive
159.00058,0.013825813885928675,-4.480238829746299,negative
179.00738,0.014256338018602203,-4.779486679973971,negative
280.09193,0.014375004292549117,-4.064917342692683,positive
433.14051,0.014777861628384929,4.899725553636751,negative
593.70684,0.015096274536960006,4.007734534177418,negative
267.07378,0.016012127153459867,4.022107851910802,negative
370.05232,0.016317116560430868,3.677618673472529,positive
184.09668,0.01766560870579873,-3.4667857926730528,positive
542.32442,0.017837452711425353,4.46068002641624,positive
215.12883,0.017897054191788164,3.3416467383584085,negative
176.07058,0.018474607652080862,-3.214329868755805,positive
384.09832,0.019183714637964304,3.9905876243155856,negative
554.34641,0.019533531740045604,4.328784046525953,negative
206.05511,0.01965161524557923,3.353059604501347,positive
202.10724,0.01992858730733173,-3.3750539959194974,positive
426.35775,0.019983931602188837,-3.1726105708282053,positive
313.08644,0.020405387774994888,4.163353673882917,negative
295.16487,0.0207395006699845,-3.2297442033941626,positive
268.07302,0.020898058124188153,3.2734020212475756,negative
282.08437,0.021944361695304875,3.4129046732299493,negative
245.09532,0.02194542934542588,-4.152980438424463,positive
146.06013,0.022115780133764994,-3.066819692241241,positive
510.24638,0.022779379264160498,3.1718195627616272,positive
259.07469,0.022915888625050434,3.2064786620599577,positive
582.11825,0.02291993441206803,3.67678832436528,negative
452.12346,0.02298652404796383,3.033902471180792,positive
122.07125,0.023165567138726702,-3.9989959033636673,positive
245.23341,0.023285003903648196,-4.0248853579963715,positive
347.02509,0.023438690151486648,-4.066906852235417,positive
560.33891,0.02347323782049003,-3.1317229560205897,positive
251.10357,0.02379216257948689,4.0268223600963715,negative
809.58409,0.02400419943482872,-3.165934846670219,positive
227.08447,0.024275631366529486,-3.1719704345209605,positive
579.02661,0.024578098782672475,3.152151247786488,negative
594.3763,0.0253055300146044,3.4604203456393834,positive
321.0493,0.02626793146687417,4.064219992703206,negative
160.07575,0.026540193531514263,3.691275164602901,positive
276.16651,0.026727296100288223,-3.143741820862884,positive
462.06686,0.026874070699855233,3.2688629910483966,negative
399.08264,0.027818619128906437,-3.197793210908667,positive
506.23199,0.02807801199055887,-2.9627200054668488,positive
544.33853,0.028104924740220548,2.9311243155821223,positive
353.11671,0.028457388433473674,-2.8789454404047956,positive
683.16582,0.02867283821636602,3.7399320982946698,negative
160.04273,0.02910597293442264,-2.868802303254588,positive
568.33916,0.029190462254329454,3.4559357857700497,positive
724.43887,0.029217267586143996,2.9683312707759724,positive
280.09177,0.029352431760042708,-3.571441032917286,positive
526.29273,0.029556218013974955,3.9019392974801654,positive
245.07682,0.029561173401509315,-3.6194580443639786,positive
275.17118,0.030673096206748497,-2.9711397521038814,positive
225.088,0.030940628630108057,3.220229062056075,negative
328.09759,0.03106507184116902,3.697309471020239,negative
376.11816,0.031109112920900982,3.7850223020069573,negative
400.34193,0.03138341941823846,-3.580018377049795,positive
332.89426,0.03149887696628576,-2.8102171495607484,positive
200.17588,0.03176669165622769,3.299586136942358,positive
309.12683,0.032082609508596614,-2.7794862226821007,positive
318.06492,0.03258015161892005,-2.7723313968865164,positive
529.09252,0.03262497099600299,3.6530779584437476,negative
602.15803,0.032710374692918376,-2.795348072609798,positive
266.05663,0.03272073908385784,3.6011716867977888,positive
500.27704,0.03288528014661409,3.716110098488149,positive
448.97847,0.03320275496367479,-2.918746396625783,positive
171.10267,0.03322791538947544,2.99778190778797,negative
237.08806,0.03338096811418231,3.0177769156678957,negative
158.09235,0.03431128022189933,-3.5424390085716406,positive
123.05549,0.0345165566813232,-2.8431765873153605,positive
317.18911,0.03465868303388866,-2.7418841604455113,positive
316.20856,0.034683823053614914,-3.3059217725088095,positive
535.74786,0.03534685612322679,2.9746607240889134,negative
259.02239,0.03570934136885899,2.8324135937962636,negative
588.07447,0.036393722516826696,2.698876193089041,negative
316.98108,0.03645142124374614,2.7002617736165035,negative
171.00642,0.03660732770091659,2.933542079547766,negative
329.0813,0.03694877538348754,2.7574694683433143,negative
191.03991,0.03707496261878484,-2.7611771718438374,positive
752.46936,0.03759635838220877,3.100667895737978,positive
289.08622,0.037698229112297865,2.659099618727457,negative
261.13405,0.03774744287050784,2.751319135610372,negative
160.04053,0.03813796323082594,-2.652333547410042,negative
584.08874,0.03838783107614139,-3.295562212946094,positive
335.10609,0.0384066968594472,-2.6462517771782013,positive
528.84824,0.03901938575711043,-2.8558466018961783,positive
485.35714,0.03970724414748895,-2.8827217558852785,positive
531.27711,0.03981336474870491,-2.6547838391997143,positive
722.49697,0.04004013545656176,2.8382783682404527,positive
371.21125,0.0404459146325779,2.6860978225505896,positive
240.03239,0.040621522124656424,-2.982836493102624,positive
381.10087,0.04063218895460857,-2.626231575924072,positive
222.0291,0.04145811805620033,2.7210491851035883,positive
361.16488,0.04146495436679657,-3.125845067781645,positive
346.0558,0.04148561719148359,2.79178128931754,negative
294.14766,0.041671420797651786,2.7686319339414087,positive
235.01273,0.0417884488320681,-2.631730328121923,positive
768.55438,0.04207701419488945,-3.008520253756058,positive
144.04561,0.04214900222459967,-3.355333005990399,negative
220.11795,0.042170392795033554,-2.6148192140824276,positive
176.07067,0.04221628202066958,-2.6990510499966063,positive
400.34194,0.04237891906473109,-2.6246295512196425,positive
258.11021,0.04240628023542435,-2.6312254078069137,positive
307.03845,0.042716258261304166,-2.6106189791857872,negative
245.18806,0.04273662828056063,-2.5659805313704447,positive
112.05053,0.04294632218909716,-3.251936788949653,positive
432.23819,0.04348356759597094,-2.84799422154187,positive
192.06551,0.04372760232378885,-3.1321805188450527,positive
608.35692,0.04385190406730165,2.7806400996950753,negative
260.18539,0.04408566740378065,-2.56608694308341,positive
504.2177,0.04446223364769347,2.652401990067462,negative
310.13059,0.04453377327269043,-2.733848404939643,positive
384.20508,0.04481758437802568,-2.992472790238625,positive
384.03291,0.04490941164650277,2.540959096725382,negative
146.06014,0.04528230226241835,-3.2404311031926047,positive
257.94889,0.04531781810499715,-3.2599673742255346,positive
170.06004,0.045689922204715815,-2.583603331121077,positive
323.02838,0.045795736620972076,2.594303800625693,negative
694.33776,0.046332822062286734,-2.520613225976883,positive
104.107,0.04649960581948349,-2.5453617040216927,positive
546.35442,0.04652398027559997,3.1918687726406945,positive
228.0371,0.04685535828764448,2.5253545835935776,positive
651.44188,0.04698219742785904,2.9894812125987724,positive
495.04247,0.04711550364292691,2.546181705353371,negative
343.23354,0.047235634500622375,-2.774956266054919,positive
502.29269,0.04746012834232193,3.09932445680466,positive
628.05626,0.04761516966734705,2.76703493077238,negative
246.15598,0.047640945510809656,-2.4850316291229957,positive
357.0876,0.04795673873103941,-2.5743082300576767,positive
468.30833,0.04816508696771987,3.0342817055444535,positive
620.39497,0.04817396337657189,2.8330789367294185,positive
330.14915,0.04880887173263232,3.119321786370551,negative
287.14235,0.04928614833035567,2.7618016091417243,positive
594.32651,0.050039732739389525,-2.566233971204906,positive
530.31105,0.05004554044882366,-2.5590650791490464,positive
301.96755,0.05006353494850537,2.9147282490891158,positive
369.00761,0.050304923169046556,-2.9881511544686203,positive
694.46366,0.050375479417975474,3.042224372018501,positive
136.94013,0.05040613126761302,-2.7366884707065804,positive
309.11214,0.050904107189777954,3.1065712645810364,negative
484.67419,0.05097499146342356,2.4431673732395267,negative
134.04718,0.051263095304992824,2.4711781230454375,negative
666.39734,0.05262797336184457,2.676282037750724,negative
232.14041,0.05293673601190204,-2.4196990114525248,positive
561.41516,0.05336706240678283,3.0775363948880274,positive
367.21248,0.05434799967957393,-2.693726133992871,positive
322.10628,0.05442512048227917,-2.4704026804373123,positive
580.36137,0.05461453406559122,2.7258198584913136,positive
288.10641,0.05476629108782103,2.590639737433046,positive
325.15247,0.05512926908694725,-2.717449051965514,positive
320.08111,0.055223922313905154,2.559986292287959,positive
199.13392,0.05523682486595002,2.6792781358872615,negative
392.03448,0.05562910383295264,2.3763391917994654,positive
265.1117,0.055710401499788856,-3.020124741278624,positive
266.07462,0.055994153230831144,-2.3959342688669802,positive
339.05931,0.056435226988693125,-2.85278586775953,positive
88.04019,0.05664654769028919,2.444453201460048,negative
234.91725,0.056777848064634186,-2.786889794258438,positive
159.05496,0.056952660248396375,-2.5142843577716736,positive
284.97237,0.05716334920033619,-2.451854271562802,positive
706.22637,0.057180777434551806,-2.6684859126696243,positive
211.1087,0.05753309631291513,2.348468750798908,negative
675.43791,0.058581622498465644,2.6001103701282227,positive
234.14462,0.0588595697029823,-2.5974268216333627,positive
293.11418,0.058947335234732307,2.567038928176049,negative
257.99283,0.05932494299415498,-2.768156219538763,positive
467.13314,0.05933365564938773,2.3954828572533033,positive
324.05904,0.05969759242737585,-2.9139520497783415,positive
390.99005,0.059703944444127265,-2.3871374253176683,positive
425.08056,0.06014251431026602,2.332241776373636,negative
520.33934,0.06057633103198692,2.8556422113953235,positive
492.3076,0.060965679419723084,2.5630738277597347,positive
623.40863,0.06138337988385628,2.3508385087291486,positive
199.13378,0.06165255646014763,2.6858428923368667,negative
636.38739,0.06184352134588917,2.585414424733295,negative
568.33849,0.0621001738263965,2.2886425851419374,positive
714.64516,0.06252905451853463,-2.735516046471622,positive
410.03786,0.06275604026192402,-2.7843228323218554,positive
309.05709,0.06300406420145825,2.2879608875988136,positive
751.45337,0.06303710444748346,2.4474426666683926,positive
303.1737,0.06305361146693508,-2.448250135012235,positive
258.11003,0.06326215920794903,-2.335903862574469,positive
650.43886,0.06474774857484186,2.6013566944932776,positive
377.21358,0.06521428064665417,-2.464780467171766,positive
120.08079,0.0654039635558636,-2.438406908587233,positive
335.10597,0.06559158460950708,-2.637769769164335,positive
699.43702,0.0655961925972939,2.6963624552329044,positive
698.47328,0.06589929452602794,-2.4158696517066165,positive
621.39298,0.06611598492547416,2.4946218909452145,positive
146.98188,0.06716882829378712,2.323934145569801,positive
706.51278,0.06795541076677326,-2.466311736132521,positive
184.07326,0.06831134361796207,2.3442489191389475,positive
779.88425,0.06889912923316485,-2.7711222228102352,positive
452.12353,0.06971437107094411,2.486253567568075,positive
362.05079,0.07005974307982328,2.262824145012315,negative
373.06181,0.07016277387225245,-2.37742160455434,positive
234.91709,0.0703911349868815,-2.2337513631165664,positive
266.04693,0.07040009225379558,2.3326714100146595,negative
706.08318,0.07096249347693333,-2.2118553291792518,positive
636.45751,0.07216828847384113,2.495802920827359,positive
180.90389,0.07239767378107254,2.466629259335901,positive
449.99316,0.07250589251094322,2.242198429019254,positive
150.05497,0.07286109168245952,-2.4589018597150933,positive
200.06809,0.0737565930913848,-2.613018438748527,positive
263.07037,0.07386105860313003,2.4490237126558534,positive
594.3764,0.07401717992888913,2.6769310382916656,positive
649.42641,0.0740738690182415,2.5402350081307827,positive
540.78796,0.07440037870653754,-2.36544522524706,positive
257.17426,0.07514536200702089,2.585536284127323,positive
496.33987,0.07544571669822359,2.590978124594626,positive
581.21117,0.07591945672036157,-2.5830018068348135,positive
596.53377,0.07594808519986265,2.306137477725951,negative
289.03315,0.07609607195362815,2.4156222394988633,negative
191.98221,0.0762071201440752,-2.405075137794219,positive
307.05915,0.07636140903640856,-2.328705211453942,positive
659.9037,0.07676467381206545,-2.428901505301706,positive
622.40749,0.07678535974652181,2.632268301311483,positive
355.06357,0.07740794059461363,-2.1434204574351474,positive
405.16996,0.07748820491568234,2.5766366554584272,negative
662.44256,0.07805290032280997,2.4544118806809547,positive
229.01179,0.07816020158287892,2.305091416356766,negative
377.70811,0.07826608206250006,2.5299607554341526,positive
496.30317,0.07840444763199092,2.573090603145475,positive
779.33686,0.07872902669895092,-2.455337083215486,positive
482.32396,0.07888880510606978,2.596919658168504,positive
359.16456,0.07925779334789498,2.452518916355834,negative
367.07918,0.07938741522106009,2.540964115880777,negative
457.82097,0.07973276233581543,2.4648413918417758,negative
445.183,0.0803200795783995,2.3602150679323666,positive
177.02484,0.08058890268592811,2.4142506854643444,positive
753.47376,0.08088999041229443,2.2539781409494437,positive
186.01638,0.08101959947246082,2.4875227582688355,positive
187.09763,0.08208364268140157,2.1882589815215496,negative
348.07065,0.0824962171351191,2.1717651328872947,positive
677.45399,0.0825067969236988,2.48180225277137,positive
678.46779,0.08257239563410262,2.544654705883639,positive
585.37354,0.08307769273044456,-2.2293981206929323,positive
598.35313,0.0833461204732447,2.349689780770725,positive
524.33454,0.08376529022638739,2.502881409024986,positive
441.33378,0.08502068065743988,2.5228695179501326,positive
405.85247,0.08518041676112705,2.069748457853448,positive
331.13323,0.08574505109678289,2.3606960029848776,negative
507.36547,0.08629844846584393,2.500057953650136,positive
454.221,0.08661596391882269,2.047447069751711,negative
333.05927,0.08665232157133461,2.466596549887573,negative
271.96473,0.08692943564341718,2.2358591134809602,positive
616.32032,0.08695311582502953,2.146656527768568,positive
659.74993,0.08720796533798314,-2.4366796392225663,positive
450.10894,0.08731017348528884,2.251615932518357,negative
173.0079,0.08746059496455971,2.045516839418617,negative
533.34052,0.08817683604818496,-2.4475711840728813,positive
329.15279,0.08822444889390635,-2.0408482238418886,positive
665.42233,0.08826110957565757,2.4151558860271525,positive
410.47189,0.08829591077497274,2.1968212979800574,positive
285.11076,0.08840381466407557,2.3261966385751585,positive
243.08096,0.08849324973233952,-2.0631756146724993,negative
582.3034,0.0887566400044396,2.3086739090288035,positive
670.40654,0.08908897689700941,2.348439359403851,positive
572.0445,0.08915496111463132,2.2721393885062566,positive
443.29767,0.09033790662052649,-2.0165129465036267,positive
548.3348,0.0906190675260348,2.2809043293214017,positive
684.45391,0.09068943644561604,-2.0311383594362655,positive
636.38706,0.09120038082888182,2.3741263665427996,positive
260.19672,0.09188436490842666,-2.0066400270095404,positive
594.37597,0.09203656986138635,2.2837057286721563,positive
664.1161,0.09204990988995312,-2.1518260963510056,positive
537.19476,0.092894320740694,-1.9995672057320935,positive
134.06016,0.09320418443026432,-2.088692550483885,positive
794.18057,0.09345766588627412,2.3201583130538106,negative
684.45388,0.09405646494649463,-2.039047797595166,positive
612.76791,0.09438828407221152,-2.1582316975173086,positive
203.05242,0.09461896619430638,-2.035564975602588,positive
245.13803,0.09464782949146625,2.1329532233039226,positive
302.10573,0.09480272917199647,2.188882300121451,positive
664.41815,0.09481764695772722,2.4060382409968506,positive
399.24645,0.09560517309592713,-2.0928828172915197,positive
622.40738,0.09579753577579744,2.2787781594528065,positive
571.34453,0.09602121555717778,2.391698983022241,positive
586.31357,0.0960710396974653,2.032064774444469,negative
186.05807,0.09622295661881301,1.973506394184373,positive
596.33549,0.0965995143267077,2.3310217644922058,positive
610.37106000000006,0.09856577673641745,2.271629664106415,positive
156.10186,0.09907582991589346,-2.1375340108159926,positive
258.07373,0.0991942684206977,-1.9525095715190843,positive
740.43444,0.0992667915959302,2.324510443462015,positive
542.63283,0.09931105083185075,1.9624966239518766,negative
572.33549,0.09966616684795113,2.321804365548741,positive
306.02621,0.09974332046801578,-2.095563353656388,positive
316.21193,0.09995137763565383,-2.193768408775508,positive
638.36739,0.10001425915660757,1.9689266786142297,negative
501.01529,0.100479167222736,-2.058739837606752,negative
594.53656,0.10050483673584325,2.3398160569157116,negative
296.82092,0.1006134170681375,2.0797052869188177,positive
623.41167,0.10099523525720407,2.330180756271586,positive
424.07979,0.10131688543952753,1.9882032357967436,positive
246.16987,0.10185552593440673,-2.275929856119729,positive
705.93983,0.10203482008638576,-2.190524505733935,positive
203.05213,0.10223456940079456,-2.045034173662876,positive
648.42281,0.10321140427836292,2.1543679512451335,positive
229.98011,0.10346552215629386,1.9200248466498557,positive
274.10446,0.1040664187269582,2.2974578831801176,negative
692.44928,0.10410203404301614,2.257423723010821,positive
250.0936,0.10412111887299962,-2.0654259227858383,positive
209.07964,0.10430882039338785,2.0260237157420056,negative
740.43383,0.10446407245443101,2.2065078984081152,positive
494.32399,0.10473535227250326,2.186575988694564,positive
511.32768,0.10501465589278337,-2.117162531792334,positive
319.13048,0.10516120399715144,2.2932127543216456,positive
332.8942,0.10553845964347222,-2.1133221646148153,positive
143.07278,0.10582867402573985,-1.9945087683741463,positive
372.1957,0.10615567715051236,1.9014962624302498,negative
310.31028,0.1066224551395376,2.064225164712565,positive
258.93303,0.10730284136745409,-2.0548032809963317,positive
242.09981,0.1074969798871795,-2.0756411914316355,positive
184.0438,0.10796958954586346,2.103561660024085,negative
160.04271,0.10905834731543948,-2.0937630896006127,positive
596.35509,0.10910189288832084,2.2002473184320324,positive
638.40227,0.10934814728776833,2.2047325338444885,positive
258.05937,0.10944081060428812,2.2519267760860235,positive
219.1338,0.10955199775225911,-2.0443487071007476,positive
653.3248,0.10962183503127843,-1.9748206212090125,positive
218.13847,0.10962863576092552,-1.8911028705486188,positive
285.13245,0.10969972968455165,2.155115074057936,positive
329.26858,0.11004451969004395,1.9243701830143805,positive
624.38608,0.11022796487157685,2.147413992991662,positive
288.76862,0.11064075589608223,1.9041055911794071,positive
659.67263,0.11104845841960713,-2.0935008488392035,positive
452.27696,0.11145184703673211,2.167764021122957,positive
519.93149,0.11151796784634507,1.873017839599352,negative
458.34739,0.11155729120563983,1.9101260989175357,positive
666.43384,0.11168704280975227,2.2108401618089633,positive
648.42375,0.11199660733325797,1.8718691443754976,positive
650.43867,0.11289100000548223,2.159748341034332,positive
788.52103,0.11311816168559113,-1.881202982462247,positive
745.42006,0.11326683389173135,-1.927658001243184,positive
382.04245,0.1133091717064023,1.9386702311253472,negative
688.39543,0.11337340543566223,2.17187935837918,positive
328.87205,0.11429650584512659,1.868398069666849,negative
523.2745,0.11439944277444868,-2.0145924216425315,positive
404.73098,0.11446181850286692,2.163768339378048,positive
476.22114,0.1148834548714775,-2.0331625755674434,positive
378.90169,0.11496655891922249,1.8716327441086482,positive
494.2128,0.11544975794982243,-1.8463482587727187,positive
599.35034,0.11562970477273127,-1.884008249656809,positive
160.07558,0.1164308484668246,1.876800374628477,positive
873.50412,0.11762401830300889,1.8326132288491603,positive
422.87609,0.11773213658951902,2.167316659446965,positive
192.02429,0.11801039718679605,1.8241526186705075,positive
392.2863,0.11811159438290528,-1.8240367831059443,positive
610.33473,0.11905577860773933,2.072678489511072,positive
218.1247,0.11916244483564596,-1.8189329668683791,positive
170.00439,0.11939990342900739,1.8393076196327354,negative
367.07885,0.12000715063333285,-1.9611073277162319,negative
649.4261,0.12001227658366004,1.8435726084309307,positive
569.27305,0.12021066734681815,1.856417651585,negative
332.89417,0.12101714458279998,-2.1292591358107638,positive
668.37955,0.12119719984637178,2.1056179968974975,positive
538.12713,0.12132880697524609,-2.0294314011064962,positive
117.0576,0.12162072919581134,-1.8102751502047727,positive
650.49788,0.12190421542417905,1.9387382144510645,negative
363.04795,0.12227928125330055,-1.8127854887380186,positive
513.14713,0.12231040490269404,-1.798639434543323,positive
740.1872,0.12286054569358186,1.8096151335251378,negative
526.06609,0.12292710447270808,1.8099468042988338,negative
285.99554,0.12300772560972233,2.014949551347433,positive
598.06815,0.12425374326183596,-1.8400226752874067,positive
414.04287,0.12471058278035506,1.7987775979972684,negative
245.11313,0.1256501633693821,-1.8165343857452498,positive
598.29885,0.1262134546272936,2.0662093754470243,positive
550.35005,0.12650103809743576,2.059941155594679,positive
714.81113,0.12737757344493175,-1.9868236975075366,positive
368.09114,0.12824064746693944,-1.7691042747417893,positive
389.20669,0.12884305985021738,2.071431235226179,positive
229.14336,0.12925412865204838,2.0656173029498723,positive
227.18652,0.12979382032434758,1.7970610664668034,positive
257.94911,0.13120829856192737,-2.021147035364254,positive
335.16233,0.1313206848920912,1.7985766157176846,positive
690.43479,0.13144341340324028,1.794475912175867,negative
582.86322,0.13174461531312898,1.91816396464188,positive
700.4516,0.1320064315624527,1.7692669310651634,positive
461.21048,0.13320981937266316,-1.9357665544492626,positive
364.91687,0.13385282715033975,1.780193866494651,positive
285.99527,0.13466555447792547,1.9761872398321294,positive
456.12569,0.13587791745731448,-1.9557617135605179,positive
137.04577,0.1358852937397775,-1.7404719186090478,positive
602.58835,0.13615865373047822,1.9532953290252502,negative
204.98126,0.1373910264724505,-1.973177134733577,negative
354.16589,0.1378175985628459,-1.8726313914412622,positive
595.33393,0.13811536717080883,-1.788326293885235,positive
200.97474,0.13820622516886044,-1.839536169875042,positive
608.5134,0.13951378688004204,1.726848885823037,negative
304.15763,0.13954534523823994,1.9184352299191885,positive
405.00955,0.14016728435335965,-1.7003219749492633,positive
525.24872,0.14090402888500503,-1.7706766652925123,positive
335.07379,0.14211438860933695,-1.8751525952888835,positive
474.25586,0.14279181829631557,-1.8120266338584172,positive
378.19673,0.14354940581536368,1.8774240759554537,positive
495.32679,0.14406765299533367,1.9304282877247803,positive
169.03184,0.14539880987245418,-1.6805258432839287,positive
676.45444,0.14560572037361863,1.9301312069976047,positive
507.95123,0.14580838329810322,1.7894591433327385,positive
696.41257,0.14582179815634,1.670685887240023,positive
267.13381,0.14675192989722538,1.82847790797009,positive
573.07805,0.14865033744381878,-1.6821295244677006,negative
160.07564,0.1494210645450874,-1.6608039164969737,positive
328.09611,0.14984080951815737,1.8697661575675224,positive
608.39057,0.1498441430154257,1.8280603893363874,positive
276.12626,0.15094328385044087,1.8597070836853518,positive
120.08092,0.15107843008534028,-1.8257493032251744,positive
400.17455,0.151212194446298,1.6859848913195734,positive
368.02311,0.15130064240896554,-1.8177966607756935,positive
830.36527,0.151754167242657,1.7913931635326037,negative
511.30236,0.15185046969813415,-1.733985429428499,positive
144.08082,0.1520254636620262,-1.7627144576364016,positive
273.12778,0.1520920679374368,1.7476432848879415,negative
696.4764,0.15329465436436948,-1.7620267843492445,positive
168.02791,0.15371501413454097,1.7705599321840337,negative
634.45165,0.15392373685998925,-1.6736645904569492,positive
260.18533,0.1539568706711755,-1.7704297397144115,positive
588.33042,0.1549335288077739,1.647237977278399,negative
333.14773,0.1551964822465012,1.889548055886048,positive
336.12011,0.15536297208951969,1.8865362379682624,positive
720.45587,0.15629964944051924,-1.7310465933218122,positive
112.05076,0.15674981828670062,-1.8474215985387457,positive
361.17925,0.15693916842994965,1.8770680295997446,positive
137.04592,0.15715427208325095,1.7816511491063685,positive
188.07059,0.15727770629319757,-1.7400463407833127,positive
389.12048,0.15738219156970235,-1.626820486925715,positive
347.02509,0.15782431572207606,-1.790838234254666,positive
296.13555,0.15811985951827762,-1.7257211630285743,positive
191.04065,0.15884257674054456,1.6293058304578156,positive
296.24437,0.15941731479210383,-1.6303125442244266,positive
326.25497,0.15948340120760188,1.6533094172066993,positive
636.38274,0.160454965233549,1.608200415647172,positive
522.35525,0.16148668212037234,1.8453781219043563,positive
417.83352,0.16164832955257766,1.6315056905049516,negative
452.12342,0.16268131966292648,1.5931656747390317,positive
218.94317,0.1632262016696753,-1.8159775291439177,positive
229.15421,0.16341913590726956,-1.6985235273396262,positive
242.64215,0.16342346606949437,-1.6045121084173541,positive
810.46934,0.16360740338015273,1.759623722364994,positive
590.3202,0.16393822128073277,1.822669792328463,positive
452.27704,0.1648839799570077,1.7956712083611064,positive
340.04183,0.1654947821323015,-1.8068484782911414,positive
612.33028,0.16695609798624586,1.608489736903446,negative
267.13387,0.167686819186038,-1.6880146763452362,positive
636.42245,0.16794087554340534,1.6655706509107224,positive
238.0445,0.16802149249672252,1.5969270628152097,positive
546.95477,0.16843576197347035,-1.745845327039172,positive
614.34571,0.1691559724668146,1.580888137875395,negative
146.06018,0.169193960171866,-1.647065726942466,positive
362.99858,0.1697822418412593,-1.6256403716476193,positive
160.05938,0.1703023403276921,1.6235337867007775,positive
274.14071,0.17054837696125866,1.7657459140909346,negative
214.04856,0.17114906977200267,1.7597697182246028,negative
275.0886,0.17124788696617946,1.7277175452409193,negative
293.11425,0.1714321326470345,-1.7427277698336752,negative
500.27674,0.17175934774930413,1.5520474692097053,positive
187.04207,0.1719553384910733,1.6944905780790078,negative
684.45522,0.17215676997979992,1.637197727467438,negative
320.09213,0.17276806237775588,1.5502546183116601,negative
186.04557,0.1735128415081247,1.5731758081328497,negative
649.38352,0.17452440949738007,1.539935095524528,positive
152.05664,0.176162184311778,-1.5422241902804887,positive
292.08067,0.17644994317391113,1.743260444578719,negative
366.10161,0.1772082221611175,1.7253028740243517,positive
427.09515,0.1802958250402398,-1.662441896742696,positive
638.5714,0.18041362930131738,1.585695663223225,positive
156.10199,0.18042152818392548,-1.6273953047021927,positive
585.31864,0.18082030606913324,1.5275876675979088,negative
348.07042,0.18106493924200395,-1.6943968251196488,positive
578.34548,0.18174277683231174,1.670904421938304,positive
229.01191,0.18180796261398077,1.7193966634832238,negative
350.16324,0.1821702256496669,1.682616630152422,positive
191.03974,0.1823791352421493,-1.5081751645007313,positive
253.11815000000001,0.18248256157870432,-1.554457387384513,positive
322.1067,0.18271594752334613,-1.5597489957145536,positive
227.16505,0.1827632943476284,1.72028572048469,negative
248.87048,0.18300179167925115,1.6083670567855914,positive
258.07358,0.18341398842505702,-1.6645642336838091,positive
158.09238,0.18691748867887265,-1.5799817361603261,positive
680.43523,0.18699463319922957,-1.5943300453740685,positive
346.04197,0.18783855503660168,-1.6711949202452254,positive
532.58346,0.18804802079190885,1.5863436955576284,negative
280.09203,0.18828976723660978,-1.488312154121245,positive
589.0452,0.18854509870360123,-1.6064063727665532,positive
289.08563,0.18866019397836406,1.6364951614198289,positive
720.33315,0.1927530668068009,-1.6002053353452323,positive
198.03723,0.19275383803901236,-1.520826954686646,positive
309.09291,0.19288211385545403,1.6061322762509618,positive
758.97246,0.19295847752784445,1.5782603392242658,positive
404.01435,0.19324874067082298,1.6686674034966988,negative
662.15713,0.1935215763183282,1.4884467554727503,negative
271.96483,0.19365833895035095,1.4841727004736271,positive
454.29284,0.19390709643790827,1.5863857873482088,positive
608.35257,0.1946964177817617,1.487059588182254,positive
305.13178,0.19536402979056286,-1.5654683272734955,positive
376.22023,0.19641037054764368,1.5152157069280066,positive
373.2142,0.1968435500522533,-1.5220235594556721,positive
136.06207,0.19768456549675573,-1.514752739485105,positive
356.77677,0.19952420996614723,1.4626383991961394,positive
253.16372,0.19960326753513635,-1.6089466584929357,positive
250.09333,0.20158649560428601,-1.43504972764096,positive
552.29175,0.2018432259442337,1.5001819390145341,positive
405.0095,0.2020476784136554,-1.446430694099781,positive
506.24974,0.20207522442571532,1.5611176269145666,positive
265.15458,0.20213324860218526,-1.459938741509147,positive
362.05068,0.20345094987203582,1.427126975925944,negative
498.26243,0.20356086536152412,1.4280842192775542,negative
357.29945,0.20489528198966103,1.5992625001376684,positive
759.37372,0.2049332442642375,1.5560514080842747,positive
349.2359,0.2060055304121964,1.4308550063467862,negative
512.2991,0.20656012424883724,1.467397673302772,negative
243.06214,0.20656997295642665,1.5309160550486387,negative
524.27804,0.2081264443150408,1.4374542218446176,negative
167.03394,0.21103885738689815,1.4980730136727296,positive
139.02139,0.21182010958795633,1.4941687724431882,positive
405.73873,0.21191192173666262,1.5510846853889406,positive
391.28413,0.21224976964979375,-1.3989840184598343,positive
97.02857,0.21231071378625138,-1.4695688698934584,positive
554.30363,0.21239933111763934,1.4302602749598223,positive
192.04889,0.2130501965143971,-1.4733359069395078,negative
315.13725,0.21326989390042814,1.4507167791355018,positive
502.29236,0.21387312500236774,1.3939218936097728,positive
697.41473,0.21389497606084318,1.415635015929748,positive
442.31347,0.21650318872622912,-1.5346238396522947,positive
758.77252,0.2166253094649976,1.5303869711980356,positive
112.98568,0.21890548233314147,1.4623063391594153,negative
700.4848,0.2192671132601091,-1.4439308880039934,positive
652.49481,0.2197872532391931,1.4080858042227602,negative
306.12938,0.22007147636713545,1.374450020011444,positive
370.2951,0.2201378302824322,-1.424957804862988,positive
173.00782,0.22026895030529584,1.3867330212738807,negative
333.09129,0.22068311005421315,-1.4697204002201023,negative
773.49118,0.22073327562669146,-1.502083059805681,positive
480.30817,0.2215033313284879,1.4896739124905185,positive
485.00348,0.22175739713453857,1.3633802749337973,negative
402.96924,0.2237268748873699,-1.424353416096329,negative
287.93878,0.22413519532369391,1.3632088004701348,positive
428.11003,0.22428125674083405,1.4109242230654087,positive
758.97279,0.22496764151442822,1.4103170529055804,positive
536.24868,0.225632366752349,1.4747542566675382,positive
435.21652,0.22572733633868913,1.5192173545598442,positive
313.11294,0.2264643582682366,1.4227172474805656,negative
495.20949,0.227560224686103,-1.39406397594803,negative
536.08455,0.22793335741987775,1.4123851126450913,negative
524.37074,0.22821676366967295,1.4404946292466922,positive
751.43204,0.2282428344447724,1.4200880216184553,positive
243.06185,0.2295697086302593,1.494326528168484,negative
242.09975,0.22963990668463743,-1.393153686889804,positive
452.26074,0.23000844637640389,-1.3393923565192498,positive
250.09346,0.23130972377570874,-1.4628219315906699,positive
399.14451,0.23164744880032465,-1.3441893398355158,positive
759.17277,0.23197447859881934,1.4214825573283447,positive
139.02135,0.23227874303809165,-1.333188888634,positive
192.04883,0.2325958682833474,-1.3721978731158821,negative
304.16182,0.23290828706111438,-1.3352487513776607,positive
646.408,0.233302505969676,1.3979974894521445,positive
160.04273,0.2337243038928707,-1.3492386892345076,positive
246.16982,0.234343142097478,-1.3865241308409,positive
777.88404,0.2364061240742522,1.4369561333419518,positive
642.47921,0.236416317166185,-1.3588133426442803,positive
309.17868,0.2371250734328521,-1.3845824066822714,positive
684.13934,0.23736391390404754,1.4632839213318123,negative
368.75706,0.2380379876021771,1.4443128472245879,negative
286.7715,0.23804935127298868,1.3561051116070109,positive
518.32048,0.23813719937163075,1.3657728743764492,positive
352.68271,0.2381864680817818,1.3304728461823931,positive
204.08659,0.23879722997470215,-1.3238263460597142,positive
121.06504,0.23901093033212192,1.4130631085577996,positive
363.21233,0.23964670841163122,1.3700633886121736,positive
233.14963,0.2406942566326914,-1.3147688516028981,positive
425.08061,0.24223535583029218,1.3158596560528828,negative
283.01886,0.24240925108582007,1.3010919947514927,positive
480.20068,0.24262187876958138,1.447687382163219,positive
206.05511,0.2428355194656446,1.3015036871894805,positive
353.04884,0.24322766300527543,-1.3555999436565866,negative
463.81184,0.2438718011102941,1.327231170820032,positive
289.10144,0.24632728039990487,-1.309166604344173,negative
329.92355,0.24651084094704348,1.2875457382821889,positive
346.27371,0.24660144308887405,-1.3491005291108165,positive
241.15385,0.24688642833116156,-1.3236216553233828,positive
348.0704,0.24702465382815333,-1.3364653179339545,positive
386.21173,0.24715155097367478,1.3572933574322223,negative
279.15898,0.24785454812736182,1.4203429938607393,positive
617.36151,0.24790339150803564,-1.3483728958312775,positive
237.12324,0.24832687392165953,-1.3655350012615732,positive
343.1232,0.24860940578944474,1.2866347924391988,positive
309.17838,0.2486196209570199,-1.3467482526453,positive
430.87123,0.24916461822284988,-1.2897665925984254,positive
715.36888,0.24959389584392563,1.2855510312439558,positive
311.98523,0.2501682856808502,1.3958646397959174,positive
242.07959,0.2512911126613215,1.3887715187594045,negative
428.11252,0.25147727535650183,1.3650696084374931,positive
407.18484,0.25215672419303503,1.4143763059913224,positive
474.20603,0.25420054644779577,-1.333816109222136,positive
289.10142,0.254276515160857,-1.2944918155294676,negative
759.17316,0.2546313815935765,1.3430977487174467,positive
274.18355,0.25506651186784224,-1.2765192001016743,positive
279.16998,0.2554095416272393,-1.273289245530686,positive
579.02696,0.2557002043755221,1.349952225084427,negative
565.0474,0.2557464488692067,1.3194774338649984,negative
564.33028,0.25602674642740464,1.26112000157084,negative
258.0736,0.25648334249882865,-1.2540757835815572,positive
149.02366,0.25652903940350275,-1.2849864754438731,positive
307.08347,0.2568022809109238,-1.2612907787194239,positive
310.17599,0.2570820214750438,-1.254543484215363,positive
287.24398,0.26003583396471386,1.2974954493434567,positive
392.17055,0.2607535488703029,-1.2430576152609676,negative
287.93881,0.26178353927014275,1.2658264530093308,positive
650.15539,0.26299766706547406,1.3039147615355817,negative
117.01935,0.263473498944111,1.2343662923028,negative
136.06177,0.26415142876476605,1.235632115065174,positive
480.30848,0.26415543401988173,1.3157478958356383,positive
279.23165,0.26445543125809406,1.3396811222204492,positive
479.33753,0.2645954873187037,1.2304464668348198,negative
579.7288,0.26473785422402363,1.2788053628223337,positive
277.086,0.26674943771123844,1.3501342941628325,negative
685.17969,0.26742941634744205,-1.2462771978895297,positive
289.10123,0.267453657293185,-1.3156312525999099,negative
524.97177,0.26911121783150593,1.2903884173482187,negative
650.84993,0.2693749190413141,1.3254142376127525,positive
266.17252,0.27027498793449467,-1.2968053230899803,positive
284.77484,0.2703457686051581,1.3003577636217423,negative
461.81468,0.27036716156162544,1.2708773628776882,positive
288.21663,0.2739447087227602,-1.2958704033313022,positive
486.67141,0.2745513704174851,1.3295161460875724,negative
472.19161,0.27552601752252787,1.20773908815281,negative
259.11183,0.27679118921724716,1.1966768869303959,negative
134.0473,0.27694064856514594,1.1997204510283601,negative
778.13463,0.2773989671074326,1.3005651794431066,positive
333.09143,0.27753401497871727,-1.235776276332718,negative
200.12919,0.2779991198380443,-1.219738356465384,negative
295.16511,0.278669630295304,-1.2149487504818666,positive
302.04922,0.279381182423624,1.1890650401475398,negative
313.27356,0.2811597393017634,1.2795699921776644,positive
311.12377,0.281202422199575,-1.2664831225086985,positive
586.32023,0.28162215406746216,1.1999404056084093,negative
332.0753,0.28310982793662776,1.1816157892914558,positive
679.3553,0.2831631640486061,-1.2340701748780132,positive
355.07402,0.2833327719186286,1.2478259931674045,positive
680.45031,0.2836428497906589,1.184972566350316,positive
370.05239,0.2838242489533276,-1.191571247693215,positive
343.0201,0.28568229269054446,1.2540145367344264,negative
151.06197,0.28620547941803187,1.1706282252199962,positive
721.44086,0.28647410609306856,1.1697253778939387,negative
433.76884,0.28672130720388633,1.1732134532380514,positive
582.55612,0.28695252649987163,-1.1892951627234079,positive
423.07883,0.2881699447798259,1.17390868582352,positive
666.39776,0.2887536906437249,1.163872382864187,negative
227.06736,0.2901883223588911,1.227755809394991,negative
591.70961,0.2913016364520272,1.2401322764527225,negative
391.28422,0.29156690567261045,1.2082345969404213,positive
326.25501,0.2917362496334254,1.1594708865524965,positive
521.92955,0.29205976446993187,1.163191634341196,negative
473.11579,0.29239269795138273,-1.1547336039034524,positive
508.33855,0.29255016090749203,1.2666214095185673,positive
403.90973,0.2928231984768438,-1.1569861126176835,positive
335.16107,0.2930169926900514,1.1606186498061837,negative
212.06144,0.29380593566440133,1.2293434224574533,negative
259.02254,0.29435944273229636,1.150761951253765,negative
606.07427,0.29502296979340026,1.1582383853054798,negative
388.22639,0.29705534926023697,-1.15632884565055,positive
693.4512,0.29752418889542703,1.1640074336830233,positive
380.98745,0.2984527751532052,-1.1393609261968312,negative
310.1763,0.2987799502800203,-1.151997692927438,positive
376.20856,0.2988888881863829,-1.1386969613809548,positive
255.11353,0.2990344377126947,-1.1946306980755772,negative
535.15425,0.29908948323302786,1.1918164021968525,negative
579.88708,0.29927874183247666,1.1493444836861202,negative
356.6841,0.29985991011316915,1.2045426301001585,positive
474.62477,0.3003144786256632,1.234051854574112,negative
461.97317,0.3005818887555628,1.207676749241091,negative
948.46312,0.30093317438474537,1.2175793438855593,positive
287.1963,0.3014074659136292,-1.2042306012739445,positive
399.86231,0.30183330254275836,1.1846552825345305,negative
672.45356,0.302445709707806,-1.2404743833195147,positive
215.00193,0.3028179914384564,1.1518448355996602,negative
118.06523,0.3033771849644011,-1.189870015122046,positive
327.06805,0.30397057670436317,-1.1501232426544734,positive
543.23954,0.3040602503638661,-1.172009189768559,positive
426.71581,0.3047765021059187,1.1402128785516366,negative
362.08592,0.3065091474175546,-1.2157360697681519,positive
426.25906,0.3068451803960105,1.2085923562877947,positive
534.28316,0.30834162980711244,1.1164731121951519,positive
280.26333,0.3086159611880609,1.174732958966261,positive
472.19103,0.3088347200686118,1.160054268373027,negative
540.05383,0.30948836003248054,-1.1136428943240217,negative
640.46414,0.3100366242309423,-1.1934905605490338,positive
307.08388,0.31214108284326,1.1301382025324371,positive
363.21211,0.31353054517172785,1.1183200771303594,positive
287.03423,0.31444681647999856,1.104290867469365,negative
651.31081,0.3156785355656287,-1.1006208040296577,negative
484.1166,0.31664208619784534,-1.1862007968185437,positive
588.0751,0.3169644699771763,-1.1588692602678035,negative
114.06623,0.3174153915325281,1.1464909971480182,positive
703.46953,0.3176565534643538,1.1798483997706133,positive
530.13704,0.31875343481169355,1.163777147825522,positive
484.11659,0.31907347639884254,-1.1018186655971745,positive
718.83638,0.3200183890152465,1.1850058927773088,positive
225.98644,0.3202287994994746,1.1011208727780513,negative
808.57919,0.3209991661736794,1.1435742047141204,positive
383.70745,0.3210608665411436,1.1455889402530763,positive
568.2658,0.3222129376743376,1.0793263006799036,negative
132.10211,0.3231025053623368,-1.1745404821535381,positive
367.13942,0.32316825206741073,-1.1373703566692452,positive
374.93988,0.32331210116849257,1.1504527121720076,negative
405.01017,0.32345814251685867,1.126448194618797,positive
573.11516,0.32534233931382534,-1.1268096285448974,negative
506.09839,0.32634586417625244,1.0735902875278271,positive
500.278,0.3280275073985715,1.0645645649092885,negative
156.99087,0.3280641047838341,1.0677469426528114,negative
244.66341,0.3286435708246803,-1.0636831565199207,positive
608.08901,0.3288190675738074,-1.1566185011880252,positive
446.88752,0.3298698738602118,1.130401231084806,positive
86.09644,0.33011678311159603,-1.0804178019241255,positive
206.05514,0.330984811319589,-1.0578427068661147,positive
296.08633,0.331586524847752,1.149465379690946,negative
345.01067,0.3317117164454812,-1.0734135911974458,negative
168.02792,0.3319869946328431,1.0760632661107188,negative
736.48133,0.33324533416368735,-1.0625295844762228,positive
229.13446,0.3347461239005772,-1.0972459250886253,negative
241.04665,0.3351036176603946,1.1031656700460284,negative
423.27511,0.3372442269295922,-1.1248905871105874,positive
392.17075,0.337842765374443,1.04618591387733,negative
824.37417,0.34018147932743237,1.1069072656803856,negative
205.09705,0.34072772645692934,-1.0906776762269192,positive
313.15562,0.3407715563200581,-1.050521274971803,positive
613.15908,0.3417219624607511,-1.0464476952708404,positive
212.95484,0.3424146528749032,1.0388526242902212,negative
426.18978,0.3427344108127223,1.0305712904700097,negative
640.46379,0.3434479784360815,-1.029279073231584,positive
400.9093,0.34372338573487393,1.0735943373236847,negative
339.07685,0.3442044247465507,-1.027831702725872,positive
427.30264,0.34514839645775885,-1.1064950054300606,positive
267.1713,0.3460432241262914,1.05513143623434,negative
518.32153,0.3479754745711658,1.0998192033754777,positive
261.14437,0.3479800264990259,-1.0686412127029126,positive
659.17968,0.34813289198249925,-1.025703718265339,positive
698.46969,0.34832466155588443,-1.0555310212054105,positive
201.14955,0.3484081499757519,1.094721138688983,negative
377.05503,0.34846279028234206,1.0681775824561475,positive
200.17586,0.34864623051072974,1.0378568760140703,positive
432.80989,0.34871601544831266,-1.0804027778666356,positive
296.03815,0.3509229996760908,1.0230416991306632,negative
308.08284,0.35255025785717975,1.0664633936898216,positive
327.02663,0.35273857695183164,1.0774977027405053,negative
296.08238,0.3535050807448072,1.0130029602554163,negative
645.80174,0.35366583449066147,1.081067267869622,positive
254.24763,0.35369742038505125,1.08595509639011,positive
253.00827,0.3541844864205294,-1.0041608112154987,positive
426.35767,0.3563169102257349,-1.062405778291386,positive
400.90917,0.3577019703075107,1.0550041692336671,negative
686.47052,0.3582132573454646,-1.0752868713439228,positive
139.0214,0.3590027344411188,-0.994946284099038,positive
786.16365,0.3596718843818479,-1.026325351638421,positive
250.09347,0.3610211405668175,1.0076500712876992,positive
227.04966,0.3616446174673929,1.0104603277988529,negative
156.10186,0.36190272021280206,-0.9931233178618898,positive
580.32045,0.36265522943414463,0.9978262005211639,positive
315.08093,0.36266362143615327,0.986225829557694,negative
331.09594,0.36274567457259715,1.004421391407421,positive
459.81785,0.36452275478849017,1.0423736355274016,negative
414.73523,0.3646613370800505,0.99791801925493,positive
478.29361,0.36490513318403833,0.9951112474446606,negative
295.12881,0.3656987477380567,0.9808111010337344,positive
422.08737,0.36650362323366176,-1.0146663638160471,negative
595.36749,0.36810968955870416,-1.0367768450214776,positive
287.93872,0.3688214827647885,0.9941697865850909,positive
540.3306,0.3694990254238142,0.9787037870303502,negative
139.02115,0.3701233977450146,1.0105595840999526,positive
261.13099,0.3706651923585174,-0.9685346624763355,positive
370.69844,0.37157253253387135,-0.9774228293622045,positive
538.31469,0.37173035384157366,0.9664786954944838,negative
307.11209,0.3723017635928264,-0.9955091702933014,negative
160.04259,0.37275615203391255,-0.9942078396792862,positive
395.07376,0.3729609519587425,0.9780393146876187,negative
418.74665,0.37352802769927274,0.974181989717245,positive
284.24463,0.37500605025217937,0.9582599498663362,positive
265.65974,0.37517263520705046,-1.0004033251676434,positive
261.12658,0.37519901608565287,0.960086275611916,positive
480.77729,0.3762453229792503,-0.9853656349250475,positive
568.36164,0.3762918554563241,0.9663948382145674,negative
218.12077,0.37637530432239297,0.961120157498421,positive
375.21056,0.37699426365403693,-1.0098630541122962,positive
212.04299,0.377841261192194,0.9663495157962827,positive
375.23472,0.3823443875850771,-0.9783582914913871,positive
507.10177,0.3828551006716744,1.0110230810383198,positive
355.07393,0.38337741085052585,0.9809998615139517,positive
128.10718,0.3839428385588988,-1.0163798855167565,positive
404.6859,0.38423605665414656,-0.9929255907482801,positive
459.27989,0.3849427596772078,-0.9671971799931793,positive
159.09182,0.3869831398886807,-0.9563331897066786,positive
302.05014,0.3875172011949219,0.9417440543117876,negative
205.06393,0.3878178298370505,0.9584799634153526,positive
276.16582,0.38785914950940203,-0.9402792375922752,positive
606.30205,0.38792971595367187,0.936272837976411,negative
269.18588,0.38901537282623366,-0.9983030393099702,positive
281.14916,0.3893263743801835,-0.9366466805174056,positive
207.01417,0.39177586266266523,0.9401686559724429,positive
291.19778,0.3925377269322621,-0.9522694260079132,positive
309.18077,0.39268497535947144,-0.9855103893412825,positive
377.228,0.39379959196893777,0.9272281775341349,positive
287.1961,0.39516513631284894,-0.9882915594002067,positive
300.28959,0.3951729749754965,0.9651842712234118,positive
351.25046,0.39535047268816087,0.9875206035643347,positive
308.09067,0.3956954722075648,-0.9253457525323676,positive
390.23582,0.39630450665958195,0.9179657641743479,positive
284.98482,0.39865365339578573,0.9331662579461155,negative
459.87158,0.39924821893976253,-0.9223358215259188,positive
401.21425,0.4005460580513047,-0.9168551268343936,positive
120.081,0.40077349537546597,-0.9354701423347874,positive
520.05932,0.40084957828823636,-0.9041622638302581,negative
482.32392,0.4052214048581411,0.9289041650246808,positive
662.10178,0.405454165061943,-0.8985039654780185,negative
361.03324,0.40674143930387363,-0.938064007282191,negative
635.74435,0.40694833631829463,0.8925986549169627,positive
167.0462,0.4077873418413755,0.9137330674212277,negative
301.15898,0.4080270814197197,0.9269733359474449,negative
260.16783,0.40812150886647786,-0.8939633699145348,positive
327.13828,0.40816570719704665,0.9434123582182955,negative
592.53913,0.40844314658440656,0.9308773429310657,negative
352.94484,0.4084882960580075,0.8971998437227493,negative
291.19872,0.4092039532935226,-0.8884243471907303,positive
502.2584,0.4101156413686033,0.8941806316041444,positive
253.98128,0.4102117886901496,0.8899976833631694,negative
759.1793,0.4102359683837638,-0.9291078449955757,negative
571.13137,0.4111215790815232,0.9392918428924423,negative
759.37321,0.4111729509112137,0.9203374132134899,positive
522.28363,0.41302778913267485,0.8869108216392719,negative
603.02361,0.413663644236496,0.8791703406284744,positive
693.16243,0.4143391356701637,0.9286048259729076,positive
468.30839,0.4223586805262248,0.8628475966246695,positive
619.28854,0.4223713626523676,0.8822498261832444,negative
390.73739,0.4236587350893861,0.8587303633745605,positive
298.57031,0.42420191569772553,-0.8574340395700493,positive
132.10188,0.4247493019768717,-0.8931984188247729,positive
520.33899,0.42685652516705475,0.8521467470834642,positive
353.16923,0.42721744839234915,0.8518586253817892,negative
642.47958,0.4276161597236356,-0.9103193454171552,positive
584.52384,0.4278128842024085,0.8698049028883011,positive
679.47567,0.42974524968880795,0.8505979568260105,positive
370.05223,0.43150711165323236,-0.8461760978873022,positive
381.23202,0.4316036876637169,-0.8651649337871911,positive
354.77965,0.43205008325299943,0.8424280540077522,positive
377.22689,0.43259000802435454,0.8417645363066938,positive
180.06666,0.4329458720791299,0.8939950992072424,negative
416.2275,0.4329777383640691,-0.8670892695578574,positive
254.96776,0.43315853617998634,0.8456491883471055,negative
128.10723,0.43624203403010414,-0.8864770894160886,positive
692.44863,0.4364580513271631,0.8385356317638964,positive
608.31789,0.4365155748739212,0.833631283131831,negative
415.30256,0.43699174290481024,-0.8775760817139024,positive
274.187,0.4406791708212637,-0.883884299462094,positive
367.13239,0.4420331814214362,-0.8241098828251481,positive
212.0386,0.44261232936053263,0.8245980398472922,negative
348.07057,0.44375060337820305,-0.8758502140137377,positive
753.44773,0.44397750792917473,0.8198319485095786,positive
205.09706,0.444968922017765,-0.8482878667947951,positive
435.04219,0.4451414360114444,-0.8221028810704891,negative
743.40538,0.4456460114637153,-0.8235192340001478,negative
383.04139,0.4457405981573518,0.8186470409066072,positive
261.14434,0.446119202606264,-0.8591301557776923,positive
619.28861,0.44671489112635504,0.8242072192390998,negative
432.7622,0.4473889751418513,0.8131594520472072,positive
422.18683,0.4479399010087576,0.8383183256863729,positive
502.37367,0.448188328064788,-0.8124597127702828,positive
302.3052,0.4498008961306948,0.8440389290789875,positive
249.05388,0.44990445379787525,-0.8080923610778715,positive
262.12844,0.45025140692121124,-0.8319924523616862,positive
443.29774,0.4517698255155375,0.8239754945859151,positive
200.05643,0.4536211037421468,0.8423310537257414,negative
540.33031,0.45364099273119873,0.8011976314187773,negative
552.33082,0.45395027015001377,0.8005139849405497,negative
798.53981,0.4544608769623066,-0.811241030318905,positive
391.72259,0.4552000513186869,0.7988147994282264,positive
298.10088,0.455222377057117,-0.8412480202776148,positive
826.37096,0.45572930118040594,0.8308839887295061,negative
526.31479,0.45665937160953896,0.7963997090703755,negative
409.61176,0.4567394534821505,-0.8022835553871809,positive
464.64202,0.4578179994566223,-0.8383193507472498,positive
169.05837,0.45819362966621446,0.804590646441137,positive
184.07343,0.45856626255789806,-0.8186778936616009,positive
217.11927,0.45876633829415947,0.831992312854983,negative
532.28014,0.4591137602135572,-0.8065935229348755,positive
343.64842,0.45951907952355503,0.8297832600601344,positive
479.03245,0.4599753568234229,-0.7928290445421876,negative
726.46823,0.4606986929141771,0.7925075357455348,positive
270.91337,0.46362630326126175,0.7830200248712024,negative
329.26833,0.464649222761894,-0.8001755730609523,positive
450.26243,0.46504374404409954,0.7802019196050519,negative
436.85189,0.4656183764781221,0.7795119233776985,negative
379.28172,0.4671246057575048,-0.7764298354064867,positive
216.99759,0.4673992295497186,-0.7777605822142599,negative
419.75353,0.4682115631190005,0.7748797412222578,positive
694.46474,0.46954551127174005,0.77317468363397,positive
158.09263,0.469911068989577,-0.8196428420538744,positive
818.38479,0.470418110041116,0.7717334864675638,positive
544.33717,0.47061940409925906,0.8118329817127984,positive
294.1705,0.4720688442243631,0.7733557353014602,positive
721.48387,0.47316669304966497,0.7668112793532657,positive
298.09688,0.47421209936617836,-0.7668565799458407,positive
502.05961,0.4750960725749175,0.7620915573881789,negative
812.39291,0.47907874349882296,-0.755960401888439,positive
346.05585,0.4792292567889341,0.7676267596075149,negative
253.21711,0.4792625293911148,0.7675613994377835,negative
254.22075,0.47956280558801556,0.753732278269238,negative
268.10393,0.4808746909063301,0.760811895880213,positive
207.0141,0.4811491127046168,0.7720140419950411,positive
520.2657,0.4834590363393202,0.7467529044253812,negative
552.17955,0.4839710165103795,0.7790486569391397,positive
435.00253,0.48423971610660244,-0.7465860745566741,negative
325.0434,0.4842687023352522,-0.7899491853338986,positive
279.10044,0.48453763297524866,-0.7938226890070955,positive
254.19754,0.4847732167020363,-0.7542351119168734,positive
533.75094,0.48662497198693083,0.7695609971551659,negative
375.19885,0.4872435157667809,-0.7783473720554233,positive
186.11361,0.48867210792257454,-0.7382197204512608,negative
687.1582,0.4899009395149466,0.7537504815154337,negative
198.03726,0.4905400451055578,-0.7745431605125984,positive
218.10335,0.49114812286113513,0.7441897840127234,negative
480.34445,0.4917212622978051,-0.7369949679270542,positive
390.23564,0.4918514962009046,0.731861463703032,positive
243.18325,0.49202788221236543,-0.7448689467269578,positive
289.16207000000003,0.4932756612694475,-0.7430598507283159,positive
686.47024,0.494593352277785,0.7294601505061903,negative
275.14236,0.49473962864630217,0.7275541061980481,positive
146.08241,0.495141474756865,0.7326116808430889,negative
720.48097,0.4960456592430479,0.7271208839260004,positive
510.09704,0.49780332740604094,0.7456910086272058,negative
311.93992,0.4984801685909056,0.7254439922225631,negative
538.09846,0.5002090738443628,0.7425648927878625,positive
584.133,0.5016783346800581,0.7299524513248493,positive
590.08946,0.5017176905734517,0.7201666950933494,positive
635.69127,0.5018751640115846,0.729476709002727,negative
684.45511,0.502515217243076,0.7214257591977337,negative
222.029,0.5044481131988275,-0.7102152701481576,positive
227.20152,0.5045955339826176,-0.744080550235715,negative
289.10121,0.5081662081713318,-0.7053958263217227,negative
571.3709,0.5082014815347857,-0.7035206142989114,negative
323.02878,0.5090752813354379,-0.7038332151396371,negative
296.06594,0.5095838669875692,-0.7019244756864341,positive
424.71233,0.5114073821646739,0.699107859037766,positive
323.63257,0.5123315826164995,0.7322299303825084,positive
482.32386,0.5124099090093862,0.7129474328176408,positive
247.03933,0.5142909441873723,0.719844198906502,negative
184.04386,0.5151435564195235,0.6920292597128405,negative
364.06536,0.5183697074249218,-0.7154840415172387,positive
320.0785,0.5206759151019388,-0.6820857917207074,positive
530.31162,0.5217169682170937,0.7170453053480678,positive
124.99981,0.5218376554897926,-0.7015766857469979,positive
240.99498,0.5225894357360694,0.6822528656115702,negative
634.33347,0.523668213417595,0.6770864591033012,negative
784.58341,0.5241329715620191,0.6763223806054693,positive
88.04053,0.5246231253257121,0.6768062169443054,negative
742.06819,0.5246340655541141,0.6787947409658512,negative
522.07106,0.5254717757072189,0.6743360900605924,positive
577.89008,0.5257794575470732,0.6853701529013727,negative
526.2923,0.5273396024100672,0.6751129738843532,positive
563.75468,0.5288491828224238,-0.6797759051444128,positive
323.02859,0.5293032866632523,-0.6694902733360828,negative
283.17511,0.5300399952964256,-0.6797543904801086,positive
287.19666,0.530737611579549,0.666351316626656,positive
498.0774,0.5308408490875509,-0.665865742749193,negative
429.24026,0.5309056290024796,-0.6662627524251786,positive
135.03137,0.5314768159548664,0.6930250646313902,negative
372.10475,0.5353454415207008,-0.6761273193043943,negative
246.99241,0.5353874126238635,0.6624451119015051,negative
377.26714,0.5359358581425411,0.6563784270129448,negative
375.21717,0.537726122996351,-0.6791999706220323,positive
183.07734,0.537989403703345,0.6552167362595034,negative
702.46413,0.5386876573647176,-0.685664561191829,positive
534.58056,0.5422050016268845,0.6669689812646776,negative
269.0882,0.5424216881663672,-0.6552164008816697,positive
203.11281,0.5425853457470599,-0.6491463001451792,positive
587.33325,0.5453446391199305,0.6727260344437409,positive
478.2939,0.5457203029489865,0.6402733915369342,negative
339.17673,0.5478355642353888,0.6700546200179593,positive
480.30931,0.5482731929926821,0.6370446198939722,negative
261.05425,0.5486981691707774,0.6431179567447081,negative
260.17155,0.5495184025639632,0.6602242140326463,positive
420.31008,0.5497785320609908,-0.6493278363060285,positive
220.01914,0.5506257961688397,0.642654898174804,positive
355.07403,0.5509840295452902,-0.6421914270265159,positive
178.05107,0.5518606943536347,0.6307874559548916,negative
643.28855,0.5519490371115459,0.6319393797562743,negative
590.54221,0.5537279338887402,-0.6382901145039808,negative
502.29299,0.5551730559221988,0.6246861382828659,negative
435.00282,0.555226303029534,0.6271625052150647,negative
503.34368,0.5552902205411816,-0.6513641598852563,positive
192.02401,0.5559762423722914,-0.6247305030271996,positive
380.00321,0.5560691930748284,-0.6347451010085352,negative
269.08817,0.5562086530120565,0.63164807521461,positive
566.34602,0.556630480237547,0.6225690804079456,negative
372.31094,0.557804465863212,0.6518396679675563,positive
218.10354,0.5586005543111419,0.6191487370439742,negative
173.00802,0.5587770377818979,-0.6204199536614411,negative
279.23277,0.5615918194901701,0.6142794107506845,negative
207.13898,0.5619793009440885,-0.6156114471691242,negative
193.06404,0.5631220177158442,-0.6129750586082074,positive
359.09161,0.5648538756592032,-0.6239420679611128,positive
136.06175,0.56680354691952906,0.6254627686562431,positive
379.28262,0.5680996333759788,-0.6057965124843023,positive
330.04428,0.5683491637542032,0.6037416081241356,negative
452.27824,0.5694803261535677,0.6016776262843594,negative
388.22635,0.5718252278420228,0.598974720753814,positive
235.99331,0.5722033705893295,0.6124968187295091,positive
404.68604,0.572594560654911,0.601878562633526,positive
82.96105,0.573151723342417,-0.6010794956256554,negative
526.16517,0.5746888283342164,-0.5984233924516937,negative
219.0796,0.5749525236766895,0.595145105703458,positive
149.02327,0.575203805483853,-0.5985929794091694,positive
216.17054,0.5752313179009634,-0.6035051175863265,positive
369.89856,0.5756406523798483,0.5924059848858216,negative
468.30837,0.578336991180434,0.5947036743709669,positive
301.16015,0.5795885905374496,-0.5866755529547725,negative
369.2379,0.5809001385858752,-0.5859519717385612,positive
611.14485,0.5826906446325176,0.5812139370789055,negative
219.07961,0.582808430917851,0.5882757619391663,positive
443.29767,0.5841716460836626,-0.6045501358009532,positive
708.45666,0.5853199303116349,0.6003131158719446,negative
458.34753,0.5857140897997037,-0.5760193389245977,positive
371.60483,0.5873700363002459,0.596905500753723,positive
329.26856,0.5911053574290339,-0.5775492433417712,positive
130.05006,0.5913600436897448,-0.568181632912145,positive
233.09532,0.5962387665644522,-0.5716011053855283,positive
306.07643,0.5973828284102856,0.5762653245933923,negative
476.27798,0.5999301190065931,0.5535001587063308,negative
134.08116,0.6016911159407429,0.5527069350331237,positive
210.15757,0.6032839315958494,-0.5762484352134376,positive
173.00786,0.6075691624752562,-0.5466550719306377,negative
611.1446,0.6104082102407258,0.539020220442887,negative
546.28126,0.6111459567437467,0.5361936774663453,negative
279.15903,0.611649816553691,-0.5388969738718303,positive
611.14466,0.6117518436801828,0.535359735743981,negative
231.17034,0.6121705668063209,-0.5455621921149418,positive
322.04455,0.6139495769333767,-0.5387038385542388,negative
597.30429,0.6146472028167064,0.5337595547118109,negative
403.85617,0.6158250633314769,0.5395779168505827,positive
212.03319,0.6159351006309406,-0.5291869274126909,negative
136.06176,0.6187023883057404,0.5275599995973367,positive
136.06173,0.6212471906295571,-0.5209657723911342,positive
320.09205,0.6228771174676593,0.5278940251685257,negative
770.50945,0.6263146874778631,-0.522810017939547,positive
307.10994,0.6267220211968239,-0.5348440986377169,positive
330.07297,0.6280379886116795,0.5193022491604194,positive
606.07393,0.6306524079727576,0.5217091378146683,negative
307.08397,0.630984333733646,-0.5064516218713162,positive
527.14257,0.6319074985475883,-0.5048581183984541,positive
824.5561,0.632120168502178,0.5053249801203125,positive
298.99249,0.6328392912830985,0.5032702406250438,positive
177.02473,0.6342206392093022,0.5061059388961503,positive
610.53957,0.6357442905070918,0.5129849337368197,positive
799.5437,0.6375527894598649,0.4959766241503114,positive
346.05606,0.6401064051593197,0.49232078183198275,negative
386.11302,0.641135069589283,-0.5073211364821051,positive
154.05861,0.642244947088053,0.4913077244350104,positive
286.09074,0.6422660470551067,0.4960304875019374,negative
614.33011,0.6423148942695946,0.4934910869818833,negative
171.1492,0.6439501487646181,0.49528114717396576,positive
281.11355,0.6439549190773706,-0.48654092916617026,positive
342.0885,0.6440230975687644,0.48806722293306776,negative
219.17534,0.6444721978245644,0.48563947119360795,negative
152.05678,0.6447265152035735,-0.49129130526759857,positive
401.07873,0.6467826424550369,-0.4876183699192431,negative
147.07655,0.6479093129111482,0.5038904514871075,positive
474.20623,0.6495675069097453,-0.4780605895110732,negative
192.04881,0.649620514869287,-0.47798092379993695,negative
370.05213,0.65122937338785,-0.4779581963608636,positive
710.45404,0.6531520028990903,0.48061911200957713,negative
229.06413,0.6535868169538177,-0.4939027447557161,positive
494.21186,0.6543409410663381,-0.48735392709858627,positive
218.14997,0.6546025022130427,-0.47109123398197267,positive
113.13247,0.6561251402574901,-0.47253806730721126,positive
480.07748,0.6562836414593224,0.4680668135509244,negative
338.34173,0.6576226930816024,0.46754508774195325,positive
456.23456,0.6588851459234335,0.46585308684737853,positive
169.05839,0.6593479181187472,-0.46566209695337074,positive
745.55723,0.6597900451153411,-0.48014541629405333,positive
578.56172,0.6599907621858205,-0.4702976879923939,positive
357.08779,0.6604125722381817,0.4640817174706105,negative
571.28866,0.6622004206703302,0.45946339428111443,negative
587.0298,0.6629713487589839,-0.47391789197964446,negative
357.29972,0.6643795680124585,-0.46153433205575284,positive
275.5674,0.6668821482061509,-0.4533355806063689,positive
621.3031,0.6670759812808563,-0.4580229853413765,positive
608.08829,0.6687665176576236,0.4608466311774099,positive
333.07118,0.6709406285807946,0.44670177417086665,positive
408.06292,0.6714353411275371,0.45128791071043284,positive
152.03178,0.6749589603520108,0.4411398834691249,positive
188.17565,0.6750970522769335,0.45343733403673414,positive
361.06126,0.6774264111240118,0.4370113178659809,positive
339.28903,0.6796204258276834,-0.4359519817531262,positive
641.15391,0.6809721663045005,-0.439972990086268,positive
391.28425,0.681433022206819,-0.433969879652372,positive
260.05311,0.6825352597022858,-0.44040676966524084,positive
376.20814,0.6825637344168711,-0.433246490675645,positive
700.48499,0.6837101422546557,-0.4464434268257917,positive
273.12695,0.6842465090810294,0.43807100190929615,negative
333.96452,0.6846065697058383,0.43027660174260474,positive
583.32426,0.6851190358943622,0.4263563251951278,positive
173.00798,0.6852139496267772,0.4263212150322179,negative
289.03317,0.6889957004255052,0.43324308697377595,negative
414.22516,0.690626186643001,-0.43586550466839263,positive
401.8596,0.6924475640231493,0.4286950772115953,negative
392.17049,0.69302682790314,-0.41438335329541787,negative
345.09032,0.6933707473955787,0.41692487929686445,positive
471.2933,0.6939303948142376,-0.4140479350257501,negative
476.62192,0.6944657926863214,0.43089054656873194,negative
274.10437,0.6946886049489971,0.4244935643850284,negative
242.07981,0.6951823955270218,-0.4234049296632171,negative
355.28413,0.6975596873554727,-0.4118403314981184,positive
412.99445,0.6982382922039824,-0.4105535532646957,negative
362.0509,0.6982524820976515,0.40965850914264584,negative
345.00113,0.6984695626088537,0.4175561966388476,positive
253.11817,0.6988471200149071,0.42007883338920704,positive
639.1395,0.6990417160381553,0.4075919763057859,negative
556.31718,0.6996963528884744,0.4061203566844372,negative
279.23181,0.7007966529501986,0.4143832539390159,positive
440.09969,0.7011697542960789,0.4029831923794471,negative
595.28885,0.7015041825833188,0.4023242465574014,negative
284.09896,0.7016021695408297,0.40470838880026044,positive
689.5585,0.7016624749308378,0.4031528774220685,positive
496.26805,0.7017113004214355,0.4027578516025751,negative
716.52177,0.7023431308782879,0.40284245648450107,positive
261.14846,0.7044046236229042,-0.4003358842945118,positive
468.89684,0.7048502559772418,-0.4042479155122189,negative
299.08622,0.7051722909778,-0.4161928886683512,positive
137.04609,0.705272575218459,-0.4053067111155615,positive
482.10199,0.7053065056714728,0.40191639151747255,negative
137.04579,0.7055015104091824,-0.41431299973930424,positive
245.18585,0.7066462638659603,-0.40760638891578455,positive
191.01029,0.7067490772634628,0.4087075096479816,positive
670.43931,0.7072630101312337,0.39610183908460606,negative
214.00618,0.708533214462634,-0.40677652395103436,positive
149.02325,0.7093585545806944,-0.3919086976439076,positive
318.12326,0.7096190808458585,0.4000602583980373,positive
391.28412,0.7099742078531857,-0.3958799713849554,positive
269.11277,0.7106540329399951,0.4022210343841156,positive
612.55426,0.7116940437826851,0.38937068642883127,positive
575.73541,0.7176880613147678,-0.39117882542260207,negative
307.11005,0.7178663228203301,0.38447401291271,positive
245.09531,0.7197723079371631,-0.3764977686052844,positive
518.24892,0.7210556751302699,0.3766907064925221,negative
563.55076,0.7218185290206767,0.38342899704519356,positive
808.45485,0.7227211849561341,0.3754097529668204,negative
458.06897,0.723786974174195,0.3705729228413251,negative
214.14482,0.7237899260128234,-0.37079653734022444,negative
375.3307,0.7239926056828383,-0.3746135059208296,positive
428.11321,0.725136467676507,0.3686831595380452,negative
531.80741,0.7253635868671492,0.3729720324735627,negative
391.57116,0.7263289462884138,0.3679178895822831,negative
621.3042,0.7286529245688476,0.3640301411912365,negative
786.60011,0.7286975084283749,0.3649911707840837,positive
283.94503,0.7304870545397698,0.37250428939140795,negative
508.33958,0.7322034010530848,-0.3638519453299695,positive
389.87919,0.7327725987617237,0.36815824170680633,positive
353.05944,0.7331080146849559,0.36330179231290055,negative
773.58804,0.7347539512135595,0.3564599907420667,positive
382.15434,0.7349383416056523,-0.35480535936837837,positive
325.06419,0.7357638230076708,-0.3615856020501208,negative
425.26624,0.7366835087813537,0.3530092674059077,negative
351.08309,0.7370834159289004,-0.35288162554357966,positive
281.24839,0.7378025075440638,-0.36202923521869707,negative
664.17132,0.7387464228122093,-0.36280134907161293,positive
285.18183,0.7396432239602937,-0.3499585591067882,negative
381.30008,0.7418978688131703,-0.3500457416662951,positive
510.35486,0.7450250452541741,0.340646031683445,positive
716.52327,0.7471080017897818,-0.34914879419585876,positive
124.99981,0.7477023198782906,-0.3372087750808777,positive
814.38993,0.7505486546136331,-0.3458488433266707,positive
173.00791,0.7509160788163566,0.3397344840365454,negative
228.16049,0.7524770795250662,-0.3314336503580484,negative
146.08237,0.7525026003972397,-0.3304369476420238,negative
615.33949,0.7529632570372201,-0.3295436148001523,negative
201.02153,0.7537027457456271,0.3285259483193706,positive
505.79647,0.7567703612287467,-0.33261733323296366,positive
374.32592,0.7578265410306048,-0.32606274122780116,positive
134.08121,0.7590325526051527,-0.32240175926355563,positive
721.55614,0.7593224937891345,0.3268131967301384,positive
400.34217,0.7600339152295211,-0.3316817096872653,positive
285.12814,0.7605334166158294,0.31929444285059894,positive
764.52366,0.762071508900183,0.31704816332799496,positive
730.53728,0.7621570333947817,-0.31781089281121755,positive
329.26857,0.7639264081762426,0.3197697625858669,positive
242.00225,0.7644735550952773,-0.32173594525119903,negative
784.14973,0.7650120446106502,-0.3132675368962768,negative
201.12331,0.7650267274374176,-0.3144997658468887,positive
134.08112,0.7657320971702215,0.3118307837646859,positive
322.04448,0.7660130136849357,-0.3128336145069696,negative
788.60951,0.7687533087600104,0.30846845292124975,positive
814.63015,0.7698974853732465,0.3121535757681418,positive
783.57038,0.7699823554180208,-0.308477017391992,positive
535.12912,0.7701504754795279,0.3167229966004078,positive
530.31171,0.7709622228456178,0.3136732436619851,positive
654.15113,0.7726243190673822,0.3043831630617078,negative
506.32507,0.7732584951651913,0.3022627844903987,negative
630.07131,0.776523071364551,0.29703467123283434,positive
359.102,0.777033655276157,-0.3026318862992896,positive
394.18513,0.7776748943530157,0.29585515578916605,positive
220.01912,0.7781957110227782,0.3029844120262861,positive
136.04805,0.779500385350879,0.29300388993867443,positive
564.35869,0.7803462630893279,-0.2922920255561045,positive
480.30822,0.7803914719255572,-0.2929734649517026,positive
522.35438,0.7805350585969638,0.29442001412355634,positive
487.28858,0.7808763692902414,0.2926890662973255,negative
255.23278,0.7810293706064066,-0.29143686437941657,negative
447.8378,0.7843099797858794,0.29038438992997734,positive
474.20559,0.7845061546146083,-0.2968029583193229,positive
254.96782,0.7867952130960946,0.28703617847521773,negative
316.11671,0.7870099629876474,0.29069737136461854,negative
238.04504,0.7877225600937013,-0.2867691744977034,positive
243.17122,0.7880272005120215,-0.2861564423091822,negative
284.19776,0.7887789968497196,0.28145134310570286,negative
478.29403,0.78892090599578,-0.2907778201819529,negative
357.2999,0.7900803405417862,-0.2812653401171656,positive
296.24439,0.7901225482102664,0.2819106089455575,positive
234.07922,0.7915516277130668,-0.28211232692300375,positive
298.09681,0.7919609442105668,-0.2758007267290814,positive
494.25219,0.7921288001905131,0.2755629553155958,negative
281.24855,0.7923320639777154,-0.2870681502577298,negative
504.08407,0.7949752293251371,0.2742780273195002,negative
461.86821,0.7953555877949784,0.2735457854960198,positive
271.96466,0.7959903814552398,0.281169910937584,positive
198.03702,0.7966144882996525,0.26949058508774104,positive
542.29253,0.7971598919502116,0.2725412540251897,positive
816.38726,0.7977490627822945,-0.26817795727176486,positive
550.16759,0.7985177712117566,-0.2690403454694386,positive
536.37082,0.7997256747274104,-0.26521064263011634,positive
296.12405,0.8007593234522001,-0.2664803764925326,positive
366.91338,0.8010037513856425,0.27107313053052307,positive
308.03613,0.8020360785420649,-0.2662003725734738,negative
307.16615,0.8022104598683022,-0.26189248923809033,negative
322.04464,0.8033829861313293,0.26769976355446873,negative
684.45554,0.804551161527815,0.2592972991334822,negative
285.18202,0.8050066826405743,0.25899419714297583,negative
646.87639,0.8050893136730333,-0.25808977943806527,negative
464.2785,0.8062609997050114,0.2566627696447714,negative
585.48525,0.8070022679722102,0.25882266270566934,negative
183.01121,0.8089971691308633,-0.25307775460801035,positive
456.98439,0.8098261880568332,-0.2540447944556226,negative
517.77692,0.8105899718030771,0.25255571943819805,negative
272.13134,0.8112692474525933,-0.24970614141920952,positive
462.6444,0.8147428247117425,-0.24483732894893115,positive
480.30933,0.8174123873115363,0.24207754079142094,negative
452.27804,0.8175828897289825,0.24200436650996482,negative
173.00782,0.8180046338784739,-0.24213209065076197,negative
550.38607,0.8193665767950592,-0.24113463528186627,positive
147.07639,0.8209288302799498,0.245103783603067,positive
378.1328,0.8215579375158871,0.2444758992836562,positive
192.02419,0.8222613843446791,-0.23589778027185274,positive
765.52816,0.8227537866588847,-0.23805992112925461,positive
760.25703,0.823040274034233,-0.2336561954981212,negative
520.60322,0.8234311266968566,-0.23870815453888453,positive
214.00616,0.8237848726542252,-0.2333393042711407,positive
392.17053,0.8238562601543147,0.24115127820301574,negative
331.20468,0.8243137170832202,0.23264924871525167,positive
323.02857,0.8251034261034179,-0.23098747761327076,negative
645.80167,0.8277055180981273,-0.23284068846144887,positive
265.06296,0.8285511832317283,-0.2295940029559628,positive
369.09388,0.8302594537242439,-0.22486973371809932,positive
136.06172,0.8307783851548912,-0.22368557248921292,positive
284.26827,0.8312569282938855,-0.22348190658834008,negative
277.08519,0.8314084322649535,0.22302517278244818,positive
445.84105,0.8345914349663669,0.22203308343625897,positive
828.36826,0.8347911606160654,0.22445252338812213,negative
369.09401,0.8355800423113504,0.21961513206491395,positive
617.27345,0.8362028688310829,-0.21823320981073893,negative
588.07497,0.8380479741957444,0.21345012515689715,negative
218.1034,0.839037604745697,-0.21295368615680335,negative
599.32008,0.8418624745067695,0.20846334046351217,negative
782.56707,0.8428329303278153,-0.2073258288083684,positive
171.1491,0.8436740369311101,-0.20728665950641548,positive
320.09208,0.844538240301863,0.20474814036248037,negative
307.26439,0.8466976888292344,-0.20660482830095844,negative
387.8823,0.8481485234437242,0.20065179590812407,positive
481.25767,0.8485336216150936,0.20004640152278405,negative
371.07065,0.8494467899033084,-0.19818993949037572,negative
664.1161,0.8503068123169595,0.1998015500039994,positive
446.19525,0.8512443640473158,-0.20265284578339238,positive
291.10095,0.8523466190461184,-0.19520974569895025,positive
836.61016,0.8537296290100505,0.1934623969919457,positive
361.1832,0.8540917570663891,-0.19281767496508084,positive
640.51386,0.8542009707343694,-0.19362729939981582,positive
305.04481,0.8542131273242168,0.1918314219669456,negative
478.29323,0.8568167392589406,0.18954124687041482,negative
230.02221,0.8573475642027398,0.19006300339433124,positive
258.11,0.8585087571479844,-0.18647346467124684,positive
217.12944,0.8610415211821565,-0.18321835156386754,positive
580.55891,0.8613924181729167,0.1828807708123496,positive
331.28349,0.8615784506714628,-0.18301722895783173,positive
337.06268,0.8620455148442637,0.18143380950815524,negative
527.34468,0.8630575856350811,-0.18019034432715877,negative
401.91302,0.8651713718276506,0.1773660003738392,positive
180.06542,0.868661725496743,-0.17815634241306785,positive
173.08077,0.8687313677884236,-0.17737847557041825,positive
343.95442,0.8712933062211257,-0.17266862848690398,positive
494.32404,0.8725961267860225,0.1684686636232356,positive
401.29068,0.8734166846591991,0.16635024773957258,negative
744.55271,0.8742827014902945,0.1690411856759555,positive
786.59984,0.8747415246335993,0.164499189111741,positive
784.48942,0.8748950424944927,0.16654509711797036,positive
454.29262,0.8768367675002926,-0.16243147939434213,positive
90.05502,0.8769789735898839,0.1666948410006522,positive
348.07037,0.878174548769673,-0.1632507247391038,positive
789.61636,0.8798585480455582,0.16006344432859562,positive
675.54296,0.8799373873430061,0.15917852534788055,positive
615.34698,0.8809764305920843,-0.15637792868732792,negative
243.99894,0.8810476619782605,-0.15835652711960135,negative
191.04024,0.8811718447109733,0.15597074231228147,positive
346.05572,0.8828168238255003,0.15763253048436537,negative
137.04582,0.8842418427810566,0.15229190155835684,positive
329.23287,0.8848144304343477,-0.1561973020965586,negative
703.57432,0.8850930599151849,-0.15322205423296892,positive
174.04083,0.8866870173173496,0.14916771158469552,negative
413.28429,0.8875270083175217,-0.15103416862997612,negative
455.22521,0.8891317766885138,0.14864725569072473,positive
398.32646,0.8892314611646595,-0.14928410566106862,positive
385.25283,0.8892428549907125,-0.1473962628353942,negative
243.06216,0.8906496728596613,-0.14797392493183187,negative
804.54344,0.8916314550245241,-0.1459796988320173,positive
547.10183,0.8931501142215826,0.14026939237525862,negative
276.11895,0.8936055347818364,-0.14489455663095602,positive
478.29257,0.8947364445036443,0.138180076061234,positive
332.92189,0.8964305595926068,-0.13747856384192098,negative
521.10421,0.8967803560858643,-0.13544390792208766,negative
684.45547,0.8968416301806136,0.13581366520164187,negative
700.44968,0.8981872534376895,0.1340627285608958,negative
531.13617,0.9017965466205975,-0.12874886213304,positive
480.30935,0.9020902866001903,0.12923221062941875,negative
735.57152,0.9022459517251475,0.13089053925838678,positive
459.19599,0.9034780739898473,-0.12717934641562778,negative
676.54548,0.9059062040105039,0.12458998480737757,positive
729.5901,0.907245373719718,0.12321711301637142,positive
452.27741,0.9072628727551042,-0.1215467765293356,positive
447.27468,0.90760121912754,0.12107441649002774,negative
336.00832,0.9100832743649059,-0.118888754069608,positive
469.19654,0.9101907068971598,0.11899058391780806,positive
597.30428,0.9109390541126532,0.11671459987331206,negative
289.15557,0.9115046524072294,-0.11646311046745364,negative
466.29374,0.9127276491151479,-0.1161259610602209,negative
241.031,0.9149833447646305,0.11226493488488187,positive
655.10851,0.9150950765585426,0.11322424563911283,negative
362.92781,0.9192711021876856,0.10688800207722696,negative
308.09063,0.9205954196990576,-0.10757228913603128,positive
184.04384,0.9211751713446585,-0.10409567066768428,negative
275.08846,0.9226867908246503,0.1021216670631803,negative
496.33951,0.9228359125256842,0.10130558747017779,positive
484.11678,0.9249977497119977,-0.10112595307474836,positive
548.89909,0.9250997053999732,-0.09818913565613245,negative
375.09085,0.9251331938533134,0.09875281011077972,positive
553.16853,0.9259806004285811,-0.09689241973594293,positive
693.11901,0.9263386136249689,-0.09730857306211818,negative
653.41444,0.92949644712892,0.09337268575024484,positive
305.06891,0.9295948567392278,-0.09394879908621168,negative
482.82994,0.931402986982566,-0.09258246704418342,positive
204.12303,0.9314453382193626,-0.08970403954860985,positive
555.27192,0.9328345606732458,-0.08789845091032632,negative
232.15434,0.9339490241310855,0.08726523410723326,positive
180.06551,0.9347539938644889,-0.0859800655263172,positive
352.94531,0.9356427177064586,0.08446899718776756,negative
204.04367,0.9358019517656877,0.08402898045578346,positive
352.94497,0.9369085332616444,-0.08259275818620632,negative
243.13388,0.9370782336151083,0.08391540624664323,positive
246.15211,0.9385318208007065,-0.08040719177853177,positive
215.00192,0.939736940505906,-0.07884485443007107,negative
285.18207,0.9398624550946642,-0.07874082069119882,negative
803.54203,0.9408069464688614,0.07998523842608214,positive
577.73184,0.9413355633851105,-0.07865089510774587,negative
271.22756,0.9441215718529274,-0.07323137985561134,negative
255.0444,0.9449418848593929,0.07215514183532559,negative
279.23302,0.945741520378051,0.07225700958677155,negative
175.1189,0.9489812762174309,-0.06673457026668166,positive
746.56867,0.9515490507890674,0.0640987797700523,positive
296.06594,0.9519567479446597,0.0636934624126662,positive
449.07715,0.9527764626169277,0.06198549729201026,positive
346.0557,0.9530914532047132,0.061793179327793483,negative
304.06508,0.9534510247878292,-0.06311730878341876,positive
286.05435,0.9537193472706859,0.06058137936485962,negative
323.02861,0.9550182682570303,-0.05923256169074697,negative
560.3118,0.9552224229149912,0.05896566514336078,positive
177.0922,0.9558607766587004,-0.05815955113410485,negative
424.24703,0.955877255476171,-0.059115835058505026,negative
450.92209,0.9568199494545903,-0.05655006690555609,negative
271.07535,0.9569068955851117,0.057090001637417946,positive
709.1148,0.9569425574620571,0.057118541885969897,negative
511.14232,0.9572874220726924,-0.05586985457128992,negative
698.47061,0.9597283188700985,0.052759684971395465,negative
701.55871,0.9603093586917161,0.05275926038571299,positive
341.90365,0.9617897067050142,-0.05164869669645455,negative
162.11238,0.962148183282586,-0.04956837618877615,positive
286.21249,0.9621955862528193,0.049456553706596705,positive
441.99255,0.9627178624899121,0.04995168310998047,negative
524.36996,0.9652393238712772,0.04559440186613682,positive
356.10424,0.9677544132541708,0.04214249857606081,negative
160.13317,0.9690179984884094,0.041096486999362816,positive
785.58633,0.9695843688223922,-0.0401829675389204,positive
313.27358,0.970151663305168,-0.03922689156971727,positive
419.2851,0.9709089955654939,0.03805245805439507,positive
565.04795,0.9715087214034586,0.03793619454633947,negative
277.14438,0.9726783119127145,0.03573786469134411,negative
200.0387,0.9735693745343785,0.03464064003093592,negative
434.26646,0.9737257965134282,-0.03441904246845813,negative
702.56255,0.9747086035223926,0.033271589426362616,positive
535.12898,0.975004769642132,0.033615545678703763,positive
450.92213,0.9758631477264039,-0.03159868441987873,negative
346.05575,0.9763494252906881,0.030907547599187915,negative
314.07467,0.9767355065801873,-0.03132077143511886,positive
462.19115,0.9768385881448082,0.03053035261611097,negative
391.28404,0.97711952250163,0.030185583553098576,positive
242.07987,0.9775494955155126,0.02996951374154702,negative
490.20161,0.9798947926556043,0.026270512403570603,negative
277.15554,0.9803158751318959,0.0257207844586842,negative
284.19785,0.9828884804736191,0.02243146128997888,negative
451.15219,0.9852365332288404,0.01992270436110802,positive
362.05068,0.9873946565419414,0.016499691757479045,negative
450.92184,0.9875815625170572,0.01655812582359416,negative
306.07641,0.9885892004633634,-0.014913027637734218,negative
231.09758,0.9888805578867029,-0.01453227827851296,positive
406.23455,0.9916110391096316,0.011012383213695806,negative
522.35527,0.9925617938587633,-0.009777674645088125,positive
301.21713,0.992755651523874,0.009504817984988855,negative
289.01767,0.9967223959469831,0.004282520496675067,negative
283.60099,0.9983224972496638,-0.0022695935567108925,positive
775.6003,0.9997610105797363,3.157664519395974e-4,positive
