Query.Mass,Matched.Compound,Matched.Form,Mass.Diff
265.04692,C05381,M(C13)+2H[2+],0.000406466770016323
233.06336,C01019,M+HCOONa[1+],0.000183533229971999
233.06336,C02076,M+Na[1+],8.35332299686797e-05
249.03709,C00117,M+H2O+H[1+],1.35332299748825e-05
249.03709,C00199,M+H2O+H[1+],1.35332299748825e-05
249.03709,C00231,M+H2O+H[1+],1.35332299748825e-05
249.03709,C00345,M-CO+H[1+],0.000213533229981522
249.03709,C00620,M+H2O+H[1+],1.35332299748825e-05
249.03709,C01019,M+HCOOK[1+],1.35332300033042e-05
249.03709,C01179,M+HCOONa[1+],0.000113533230006624
249.03709,C05350,M+HCOONa[1+],0.000113533230006624
249.03709,C02076,M+K[1+],0.000313533229984841
233.063,C01019,M+HCOONa[1+],0.000176466770028583
233.063,C02076,M+Na[1+],0.000276466770031902
440.10578,C15974,M-C3H4O2+H[1+],0.00150353322993624
440.10578,C15978,M-C3H4O2+H[1+],0.00150353322993624
440.10578,C21017,M-CO2+H[1+],0.00150353322999308
233.06303,C01019,M+HCOONa[1+],0.00014646677001906
233.06303,C02076,M+Na[1+],0.00024646677002238
511.09673,C00307,M+Na[1+],0.000153533229990899
234.04294,C00669,M-NH3+H[1+],0.000136466770015886
173.04177,C00121,M+Na[1+],0.000306466769984581
173.04177,C00181,M+Na[1+],0.000306466769984581
173.04177,C00259,M+Na[1+],0.000306466769984581
173.04177,C00309,M+Na[1+],0.000306466769984581
173.04177,C00310,M+Na[1+],0.000306466769984581
173.04177,C00312,M+Na[1+],0.000306466769984581
173.04177,C06001,M+HCOONa[1+],0.000206466769981262
173.04177,C05984,M+HCOONa[1+],0.000206466769981262
173.04177,C01089,M+HCOONa[1+],0.000206466769981262
160.07575,C11132,M(C13)+3H[3+],0.000793133436673088
160.07575,C00637,M+H[1+],7.35332299939273e-05
160.07575,C00780,M-NH3+H[1+],2.64667700093923e-05
160.07575,C00331,M-CO2+H[1+],7.35332299939273e-05
160.07575,C05660,M-HCOOH+H[1+],2.64667700093923e-05
160.07575,C16586,M-H4O2+H[1+],0.000173533229997247
522.10002,C00325,M-HCOONa+H[1+],0.00205646677000004
438.97919,C01243,M+H2O+H[1+],0.00108646677000479
438.97919,C01245,M+H2O+H[1+],0.00108646677000479
309.04962,C00365,M+H[1+],0.00134353322999914
309.04962,C03227,M+HCOOK[1+],0.00134353322999914
309.04962,C05651,M+HCOOK[1+],0.00134353322999914
308.06443,C00239,M+H[1+],0.00025353323002264
308.06443,C19563,M+HCOOK[1+],0.000153533229990899
308.06443,C19566,M+HCOOK[1+],0.000153533229990899
405.0095,C00015,M+H[1+],2.35332299780566e-05
664.11627,C00003,M[1+],0.000630000000001019
97.02839,C00544,M-C3H4O2+H[1+],8.64667700000155e-05
97.02839,C03912,M-NH3+H[1+],8.64667700000155e-05
97.02839,C03564,M-NH3+H[1+],8.64667700000155e-05
97.02839,C01161,M-C3H4O2+H[1+],8.64667700000155e-05
97.02839,C05577,M-C3H4O2+H[1+],8.64667700000155e-05
332.0753,C00360,M+H[1+],0.000176466769971739
332.0753,C05983,M-C3H4O2+H[1+],0.000176466769971739
233.06311,C01019,M+HCOONa[1+],6.64667700220889e-05
233.06311,C02076,M+Na[1+],0.000166466770025409
400.34193,C02990,M+H[1+],0.00024646677002238
400.34193,C01829,M+H+Na[2+],0.000303533230010089
193.06474,C16604,M-NH3+H[1+],0.000136466770015886
193.06474,C07643,M-HCOOK+H[1+],0.000936466770014022
193.06474,C07645,M-HCOOK+H[1+],0.000936466770014022
193.06474,C16553,M-HCOOK+H[1+],0.000936466770014022
511.09671,C00307,M+Na[1+],0.00013353322998455
204.04883,C00147,M+HCOONa[1+],0.000346466769997278
180.06551,C07480,M[1+],0.00081000000000131
180.06551,C13747,M[1+],0.00081000000000131
180.06551,C00355,M-H2O+H[1+],3.35332299812308e-05
180.06551,C01252,M-CO+H[1+],3.35332299812308e-05
180.06551,C05637,M+H2O+H[1+],6.64667700220889e-05
180.06551,C05639,M+H2O+H[1+],6.64667700220889e-05
180.06551,C05645,M-CO2+H[1+],6.64667700220889e-05
180.06551,C14801,M-CO+H[1+],3.35332299812308e-05
209.05977,C05844,M-HCOOH+H[1+],0.000593533229988452
209.05977,C07646,M-HCOOK+H[1+],0.00080646677000118
391.28404,C00695,M-H2O+H[1+],0.000236466769990784
173.04196,C00121,M+Na[1+],0.000116466770009538
173.04196,C00181,M+Na[1+],0.000116466770009538
173.04196,C00259,M+Na[1+],0.000116466770009538
173.04196,C00309,M+Na[1+],0.000116466770009538
173.04196,C00310,M+Na[1+],0.000116466770009538
173.04196,C00312,M+Na[1+],0.000116466770009538
173.04196,C06001,M+HCOONa[1+],1.64667700062182e-05
173.04196,C05984,M+HCOONa[1+],1.64667700062182e-05
173.04196,C01089,M+HCOONa[1+],1.64667700062182e-05
188.07059,C00078,M-NH3+H[1+],8.64667700000155e-05
188.07059,C05660,M-H2O+H[1+],1.35332300033042e-05
114.06623,C00300,M-H2O+H[1+],5.35332300017899e-05
302.06358,C00357,M+H[1+],3.53322997170835e-06
302.06358,C04257,M+H[1+],3.53322997170835e-06
302.06358,C04501,M+H[1+],3.53322997170835e-06
302.06358,C18060,M+H[1+],3.53322997170835e-06
302.06358,C00020,M-HCOOH+H[1+],0.00139646677001792
302.06358,C00362,M-HCOOH+H[1+],0.00139646677001792
302.06358,C00942,M-CO2+H[1+],0.00129646676998618
209.05961,C05844,M-HCOOH+H[1+],0.000433533229994509
209.05961,C07646,M-HCOOK+H[1+],0.000966466769995122
265.04699,C05381,M(C13)+2H[2+],0.000336466770022525
175.1189,C00062,M+H[1+],7.6466770025263e-05
175.1189,C00792,M+H[1+],7.6466770025263e-05
253.00829,C00117,M+Na[1+],0.000186466770031757
253.00829,C00199,M+Na[1+],0.000186466770031757
253.00829,C00231,M+Na[1+],0.000186466770031757
253.00829,C00620,M+Na[1+],0.000186466770031757
253.00829,C00191,M+NaCl[1+],0.000286466770006655
253.00829,C00618,M+NaCl[1+],0.000286466770006655
253.00829,C05699,M-H2O+H[1+],0.000286466770035076
191.01029,C00642,M+K[1+],0.000213533229981522
191.01029,C04043,M+K[1+],0.000213533229981522
191.01029,C05852,M+K[1+],0.000213533229981522
405.00944,C00015,M+H[1+],3.64667700409882e-05
245.06109,C00307,M+2H[2+],0.000163533229994073
247.01537,C07644,M-CO+H[1+],0.00100646677000782
247.01537,C07646,M-HCOOH+H[1+],0.00110646676998272
489.11439,C00307,M+H[1+],0.000186466770003335
247.24194,C00712,M-H4O2+H[1+],3.64667700125665e-05
247.24194,C00523,M-CO2+H[1+],0.000136466770015886
247.24194,C03852,M-HCOOH+H[1+],0.000136466770015886
247.24194,C03917,M-CO2+H[1+],0.000136466770015886
247.24194,C04295,M-CO2+H[1+],0.000136466770015886
247.24194,C04373,M-CO2+H[1+],0.000136466770015886
247.24194,C05293,M-CO2+H[1+],0.000136466770015886
247.24194,C05480,M-C3H4O2+H[1+],0.000136466770015886
247.24194,C13712,M-C3H4O2+H[1+],0.000136466770015886
247.24194,C18041,M-C3H4O2+H[1+],0.000136466770015886
173.08077,C03771,M[1+],0.000769999999988613
253.00827,C00117,M+Na[1+],0.000206466770009683
253.00827,C00199,M+Na[1+],0.000206466770009683
253.00827,C00231,M+Na[1+],0.000206466770009683
253.00827,C00620,M+Na[1+],0.000206466770009683
253.00827,C00191,M+NaCl[1+],0.000306466769984581
253.00827,C00618,M+NaCl[1+],0.000306466769984581
253.00827,C05699,M-H2O+H[1+],0.000306466770013003
180.06542,C07480,M[1+],0.000720000000001164
180.06542,C13747,M[1+],0.000720000000001164
180.06542,C00355,M-H2O+H[1+],5.64667700189148e-05
180.06542,C01252,M-CO+H[1+],5.64667700189148e-05
180.06542,C05637,M+H2O+H[1+],0.000156466770022234
180.06542,C05639,M+H2O+H[1+],0.000156466770022234
180.06542,C05645,M-CO2+H[1+],0.000156466770022234
180.06542,C14801,M-CO+H[1+],5.64667700189148e-05
253.00838,C00117,M+Na[1+],9.64667700316113e-05
253.00838,C00199,M+Na[1+],9.64667700316113e-05
253.00838,C00231,M+Na[1+],9.64667700316113e-05
253.00838,C00620,M+Na[1+],9.64667700316113e-05
253.00838,C00191,M+NaCl[1+],0.000196466770006509
253.00838,C00618,M+NaCl[1+],0.000196466770006509
253.00838,C05699,M-H2O+H[1+],0.000196466770034931
435.12254,C14791,M-NH3+H[1+],0.000463533230004032
489.11473,C00307,M+H[1+],0.000153533229990899
348.07042,C00020,M+H[1+],4.35332299844049e-05
348.07042,C00362,M+H[1+],4.35332299844049e-05
348.07042,C00270,M+K[1+],0.00164353322998068
361.06126,C14853,M+NaCl[1+],0.0010835332300303
307.08347,C00051,M[1+],0.000330000000019481
307.08347,C05643,M+NaCl[1+],0.00149353322996149
307.08347,C00127,M+2H[2+],0.000193533229946752
186.05807,C00847,M(Cl37)+H[1+],0.000393533229981813
195.08024,C02291,M-CO+H[1+],0.000563533230007351
195.08024,C16633,M-HCOONa+H[1+],0.000263533229997392
347.02509,C00105,M+Na[1+],8.64667700852806e-05
347.02511,C00105,M+Na[1+],6.64667700789323e-05
284.0993,C00387,M+H[1+],0.000323533230016437
416.12839,C20776,M-H2O+H[1+],0.00158646676999297
416.12839,C14791,M-H4O2+H[1+],0.0010135332300365
120.08092,C00483,M-H2O+H[1+],0.000143533230001935
120.08092,C00079,M-HCOOH+H[1+],4.35332300128266e-05
438.97975,C01243,M+H2O+H[1+],0.000526466769997569
438.97975,C01245,M+H2O+H[1+],0.000526466769997569
212.04299,C02305,M+H[1+],8.64667700000155e-05
212.04299,C03771,M+K[1+],0.000213533229981522
264.03909,C05660,M+NaCl[1+],0.000686466770048355
264.03909,C07585,M+HCOOK[1+],0.00101353322997966
232.04391,C05947,M+HCOONa[1+],0.00113353322998933
233.06321,C01019,M+HCOONa[1+],3.35332299812308e-05
233.06321,C02076,M+Na[1+],6.64667700220889e-05
457.10458,C00019,M+NaCl[1+],0.00150353322999308
664.1161,C00003,M[1+],0.000800000000026557
152.05667,C00242,M+H[1+],6.46677000304408e-06
152.05667,C22499,M+H[1+],6.46677000304408e-06
215.01629,C00026,M+HCOONa[1+],0.000113533230006624
215.01629,C00158,M+Na[1+],1.35332300033042e-05
215.01629,C00311,M+Na[1+],1.35332300033042e-05
389.20669,C05476,M+K[1+],0.00178646676999961
630.07131,C00043,M+Na[1+],0.000433533230079775
630.07131,C00203,M+Na[1+],0.000433533230079775
400.34217,C02990,M+H[1+],6.46677000304408e-06
400.34217,C01829,M+H+Na[2+],0.000543533230029425
247.24195,C00712,M-H4O2+H[1+],2.64667700093923e-05
247.24195,C00523,M-CO2+H[1+],0.000126466770012712
247.24195,C03852,M-HCOOH+H[1+],0.000126466770012712
247.24195,C03917,M-CO2+H[1+],0.000126466770012712
247.24195,C04295,M-CO2+H[1+],0.000126466770012712
247.24195,C04373,M-CO2+H[1+],0.000126466770012712
247.24195,C05293,M-CO2+H[1+],0.000126466770012712
247.24195,C05480,M-C3H4O2+H[1+],0.000126466770012712
247.24195,C13712,M-C3H4O2+H[1+],0.000126466770012712
247.24195,C18041,M-C3H4O2+H[1+],0.000126466770012712
146.06018,C00082,M-H4O2+H[1+],0.000203533229978348
146.06018,C05635,M-HCOOH+H[1+],0.00010353323000345
146.06018,C14040,M-CO+H[1+],0.000203533230006769
146.06018,C14800,M-CO2+H[1+],0.00010353323000345
146.06018,C14802,M-CO2+H[1+],0.00010353323000345
146.06018,C16596,M-HCOOH+H[1+],0.00010353323000345
233.06455,C20934,M-H4O2+H[1+],0.000926466770039269
160.07564,C00637,M+H[1+],3.64667700125665e-05
160.07564,C00780,M-NH3+H[1+],0.000136466770015886
160.07564,C00331,M-CO2+H[1+],3.64667700125665e-05
160.07564,C05660,M-HCOOH+H[1+],0.000136466770015886
160.07564,C16586,M-H4O2+H[1+],6.35332299907532e-05
102.04325,C05636,M+H+Na[2+],2.35332300064783e-05
102.04325,C05638,M+H+Na[2+],2.35332300064783e-05
608.08901,C00043,M+H[1+],0.000133533230041394
608.08901,C00203,M+H[1+],0.000133533230041394
205.09705,C00078,M+H[1+],0.000126466770012712
300.28959,C00319,M+H[1+],8.64667700284372e-05
300.28959,C02934,M+H[1+],8.64667700284372e-05
300.28959,C12144,M-H2O+H[1+],8.64667700284372e-05
204.08659,C01132,M-H2O+H[1+],1.35332300033042e-05
204.08659,C00140,M-H2O+H[1+],1.35332300033042e-05
204.08659,C00645,M-H2O+H[1+],1.35332300033042e-05
613.15908,C00127,M+H[1+],0.000196466770034931
204.12303,C00315,M+NaCl[1+],0.000746466770010557
399.14451,C00019,M+H[1+],3.35332300096525e-05
197.05968,C01419,M+H2O+H[1+],0.000603533229963205
160.07558,C00637,M+H[1+],9.64667700031896e-05
160.07558,C00780,M-NH3+H[1+],0.000196466770006509
160.07558,C00331,M-CO2+H[1+],9.64667700031896e-05
160.07558,C05660,M-HCOOH+H[1+],0.000196466770006509
160.07558,C16586,M-H4O2+H[1+],3.53323000013006e-06
375.09085,C03406,M+HCOOK[1+],0.00032646676999093
231.02629,C00117,M+H[1+],0.000186466770031757
231.02629,C00199,M+H[1+],0.000186466770031757
231.02629,C00231,M+H[1+],0.000186466770031757
231.02629,C00620,M+H[1+],0.000186466770031757
231.02629,C00345,M-HCOOH+H[1+],0.000186466770031757
231.02629,C01236,M-CO+H[1+],8.64667700000155e-05
516.08934,C00301,M-CO2+H[1+],0.000163533230079338
208.98205,C00197,M+Na[1+],0.000126466770012712
208.98205,C00631,M+Na[1+],0.000126466770012712
208.98205,C00227,M+HCOONa[1+],0.000126466770012712
233.06308,C01019,M+HCOONa[1+],9.64667700031896e-05
233.06308,C02076,M+Na[1+],0.000196466770006509
188.03494,C04409,M(S34)+H[1+],0.000536466770000743
188.03494,C05645,M-H4O2+H[1+],0.000763533229985569
513.29874,C22112,M+HCOOK[1+],0.001163533229942
513.29874,C00828,M+HCOONa[1+],0.00123300522989211
263.23684,C00523,M-CO+H[1+],3.64667700409882e-05
263.23684,C03917,M-CO+H[1+],3.64667700409882e-05
263.23684,C04295,M-CO+H[1+],3.64667700409882e-05
263.23684,C04373,M-CO+H[1+],3.64667700409882e-05
263.23684,C05293,M-CO+H[1+],3.64667700409882e-05
263.23684,C13713,M-C3H4O2+H[1+],0.00013646677007273
263.23684,C01595,M-H2O+H[1+],3.64667700409882e-05
263.23684,C03455,M+2H[2+],8.64667700284372e-05
263.23684,C22832,M-C3H4O2+H[1+],0.00013646677007273
298.09674,C00170,M+H[1+],0.000136466770015886
274.187,C00951,M(C13)+H[1+],0.00127646676997983
304.06508,C20775,M-H2O+H[1+],0.00119646676995444
159.09182,C00078,M-HCOOH+H[1+],4.35332300128266e-05
159.09182,C00780,M-H2O+H[1+],0.000143533230016146
222.09679,C01132,M+H[1+],0.000386466770009974
222.09679,C00140,M+H[1+],0.000386466770009974
222.09679,C00645,M+H[1+],0.000386466770009974
215.01622,C00026,M+HCOONa[1+],4.35332300128266e-05
215.01622,C00158,M+Na[1+],5.6466769990493e-05
215.01622,C00311,M+Na[1+],5.6466769990493e-05
636.14879,C11278,M+H[1+],0.000586466770073457
121.06504,C00483,M-NH3+H[1+],0.000163533229994073
121.06504,C00601,M+H[1+],0.000263533229997392
121.06504,C05581,M-HCOOH+H[1+],0.000163533230022495
121.06504,C00166,M-CO2+H[1+],0.000263533229997392
121.06504,C02763,M-CO2+H[1+],0.000263533229997392
348.07057,C00020,M+H[1+],0.000193533229946752
348.07057,C00362,M+H[1+],0.000193533229946752
489.11431,C00307,M+H[1+],0.000266466770028728
152.05664,C00242,M+H[1+],3.64667700125665e-05
152.05664,C22499,M+H[1+],3.64667700125665e-05
427.09488,C02939,M(C13)+2H[2+],0.000446466770029019
427.09488,C15980,M(C13)+2H[2+],0.000446466770029019
307.08397,C00051,M[1+],0.000170000000025539
307.08397,C00127,M+2H[2+],0.000693533229991772
664.11613,C00003,M[1+],0.000769999999988613
139.03895,C00156,M+H[1+],2.64667700093923e-05
139.03895,C05585,M+H[1+],2.64667700093923e-05
139.03895,C05580,M-HCOOH+H[1+],0.000126466770012712
207.0803,C00669,M-CO2+H[1+],0.000523533229994655
152.05689,C00242,M+H[1+],0.000213533230009944
152.05689,C22499,M+H[1+],0.000213533230009944
188.03755,C04409,M(Cl37)+H[1+],0.000673533230013845
188.03755,C19562,M+H+Na[2+],0.000823533230004614
179.08541,C02291,M-CO2+H[1+],0.000533533229997829
179.08541,C11736,M-HCOONa+H[1+],0.000333533229962768
179.08541,C12739,M-HCOONa+H[1+],0.000333533229962768
249.03713,C00117,M+H2O+H[1+],5.35332299591573e-05
249.03713,C00199,M+H2O+H[1+],5.35332299591573e-05
249.03713,C00231,M+H2O+H[1+],5.35332299591573e-05
249.03713,C00345,M-CO+H[1+],0.000253533229965797
249.03713,C00620,M+H2O+H[1+],5.35332299591573e-05
249.03713,C01019,M+HCOOK[1+],5.3533229987579e-05
249.03713,C01179,M+HCOONa[1+],0.000153533229990899
249.03713,C05350,M+HCOONa[1+],0.000153533229990899
249.03713,C02076,M+K[1+],0.000353533229969116
400.34194,C02990,M+H[1+],0.000236466769990784
400.34194,C01829,M+H+Na[2+],0.000313533230041685
165.07038,C06205,M(S34)+H[1+],0.000796466769998005
237.12324,C00978,M+H2O+H[1+],0.000136466770015886
237.12324,C05642,M-CO+H[1+],3.64667699841448e-05
247.01561,C07644,M-CO+H[1+],0.000766466769988483
247.01561,C07646,M-HCOOH+H[1+],0.000866466769963381
195.08094,C16551,M-HCOOK+H[1+],0.000436466769997423
195.08094,C16633,M-HCOONa+H[1+],0.000963533229992208
283.01886,C00103,M+Na[1+],0.000116466770009538
283.01886,C00668,M+Na[1+],0.000116466770009538
283.01886,C01172,M+Na[1+],0.000116466770009538
283.01886,C00672,M+HCOONa[1+],1.64667699777965e-05
283.01886,C00673,M+HCOONa[1+],1.64667699777965e-05
283.01886,C00275,M+Na[1+],0.000116466770009538
283.01886,C00636,M+Na[1+],0.000116466770009538
283.01886,C01094,M+Na[1+],0.000116466770009538
283.01886,C00085,M+Na[1+],0.000116466770009538
283.01886,C00446,M+Na[1+],0.000116466770009538
283.01886,C01097,M+Na[1+],0.000116466770009538
283.01886,C00092,M+Na[1+],0.000116466770009538
283.01886,C03862,M+Na[1+],0.000134992769972087
283.01886,C04006,M+Na[1+],0.000116466770009538
283.01886,C01177,M+Na[1+],0.000116466770009538
283.01886,C03546,M+Na[1+],0.000116466770009538
249.03711,C00117,M+H2O+H[1+],3.35332299812308e-05
249.03711,C00199,M+H2O+H[1+],3.35332299812308e-05
249.03711,C00231,M+H2O+H[1+],3.35332299812308e-05
249.03711,C00345,M-CO+H[1+],0.00023353322998787
249.03711,C00620,M+H2O+H[1+],3.35332299812308e-05
249.03711,C01019,M+HCOOK[1+],3.35332300096525e-05
249.03711,C01179,M+HCOONa[1+],0.000133533230012972
249.03711,C05350,M+HCOONa[1+],0.000133533230012972
249.03711,C02076,M+K[1+],0.00033353322999119
97.02857,C00544,M-C3H4O2+H[1+],9.35332300002756e-05
97.02857,C03912,M-NH3+H[1+],9.35332300002756e-05
97.02857,C03564,M-NH3+H[1+],9.35332300002756e-05
97.02857,C01161,M-C3H4O2+H[1+],9.35332300002756e-05
97.02857,C05577,M-C3H4O2+H[1+],9.35332300002756e-05
189.0159,C00103,M-C3H4O2+H[1+],2.35332299780566e-05
189.0159,C00111,M+H2O+H[1+],2.35332299780566e-05
189.0159,C00118,M+H2O+H[1+],2.35332299780566e-05
189.0159,C00668,M-C3H4O2+H[1+],2.35332299780566e-05
189.0159,C01172,M-C3H4O2+H[1+],2.35332299780566e-05
189.0159,C00121,M+K[1+],0.000323533229988016
189.0159,C00181,M+K[1+],0.000323533229988016
189.0159,C00259,M+K[1+],0.000323533229988016
189.0159,C00309,M+K[1+],0.000323533229988016
189.0159,C00310,M+K[1+],0.000323533229988016
189.0159,C00312,M+K[1+],0.000323533229988016
189.0159,C00275,M-C3H4O2+H[1+],2.35332299780566e-05
189.0159,C00636,M-C3H4O2+H[1+],2.35332299780566e-05
189.0159,C01094,M-C3H4O2+H[1+],2.35332299780566e-05
189.0159,C00085,M-C3H4O2+H[1+],2.35332299780566e-05
189.0159,C00446,M-C3H4O2+H[1+],2.35332299780566e-05
189.0159,C01097,M-C3H4O2+H[1+],2.35332299780566e-05
189.0159,C06001,M+HCOOK[1+],2.35332299780566e-05
189.0159,C00092,M-C3H4O2+H[1+],2.35332299780566e-05
189.0159,C03862,M-C3H4O2+H[1+],5.00722995866454e-06
189.0159,C04006,M-C3H4O2+H[1+],2.35332299780566e-05
189.0159,C01177,M-C3H4O2+H[1+],2.35332299780566e-05
189.0159,C03546,M-C3H4O2+H[1+],2.35332299780566e-05
189.0159,C05984,M+HCOOK[1+],2.35332299780566e-05
189.0159,C01089,M+HCOOK[1+],2.35332299780566e-05
231.04324,C01107,M(S34)+H[1+],0.000263533229997392
231.04324,C01107,M(Cl37)+H[1+],0.00113646676999224
265.1117,C00378,M[1+],0.000600000000019918
118.06523,C03758,M-H4O2+H[1+],0.000153533229990899
118.06523,C05637,M-CO2+H[1+],5.35332300160007e-05
118.06523,C05639,M-CO2+H[1+],5.35332300160007e-05
189.01599,C00103,M-C3H4O2+H[1+],0.000113533229978202
189.01599,C00111,M+H2O+H[1+],0.000113533229978202
189.01599,C00118,M+H2O+H[1+],0.000113533229978202
189.01599,C00668,M-C3H4O2+H[1+],0.000113533229978202
189.01599,C01172,M-C3H4O2+H[1+],0.000113533229978202
189.01599,C00121,M+K[1+],0.000413533229988161
189.01599,C00181,M+K[1+],0.000413533229988161
189.01599,C00259,M+K[1+],0.000413533229988161
189.01599,C00309,M+K[1+],0.000413533229988161
189.01599,C00310,M+K[1+],0.000413533229988161
189.01599,C00312,M+K[1+],0.000413533229988161
189.01599,C00275,M-C3H4O2+H[1+],0.000113533229978202
189.01599,C00636,M-C3H4O2+H[1+],0.000113533229978202
189.01599,C01094,M-C3H4O2+H[1+],0.000113533229978202
189.01599,C00085,M-C3H4O2+H[1+],0.000113533229978202
189.01599,C00446,M-C3H4O2+H[1+],0.000113533229978202
189.01599,C01097,M-C3H4O2+H[1+],0.000113533229978202
189.01599,C06001,M+HCOOK[1+],0.000113533229978202
189.01599,C00092,M-C3H4O2+H[1+],0.000113533229978202
189.01599,C03862,M-C3H4O2+H[1+],9.50072299588101e-05
189.01599,C04006,M-C3H4O2+H[1+],0.000113533229978202
189.01599,C01177,M-C3H4O2+H[1+],0.000113533229978202
189.01599,C03546,M-C3H4O2+H[1+],0.000113533229978202
189.01599,C05984,M+HCOOK[1+],0.000113533229978202
189.01599,C01089,M+HCOOK[1+],0.000113533229978202
538.12713,C05921,M-H4O2+H[1+],0.000353533229940695
361.1832,C18044,M-H4O2+H[1+],0.000123533230009798
267.13381,C05643,M+H2O+H[1+],0.000166466769996987
202.10724,C00788,M+H2O+H[1+],0.000136466770015886
202.10724,C05589,M+H2O+H[1+],0.000136466770015886
202.10724,C00864,M-H2O+H[1+],0.000136466770015886
328.09611,C00621,M-NH3+H[1+],4.26767700218988e-05
307.08388,C00051,M[1+],8.00000000253931e-05
307.08388,C00127,M+2H[2+],0.000603533229991626
209.05972,C05844,M-HCOOH+H[1+],0.000543533230001003
209.05972,C07646,M-HCOOK+H[1+],0.000856466769988629
258.07373,C00864,M+K[1+],0.00025353323002264
258.07373,C00357,M-CO2+H[1+],4.64667700157406e-05
258.07373,C04257,M-CO2+H[1+],4.64667700157406e-05
258.07373,C04501,M-CO2+H[1+],4.64667700157406e-05
258.07373,C18060,M-CO2+H[1+],4.64667700157406e-05
376.20814,C16547,M(S34)+H[1+],0.00086353323001731
376.20814,C16547,M(Cl37)+H[1+],0.000536466770029165
376.20814,C16549,M(S34)+H[1+],0.00086353323001731
376.20814,C16549,M(Cl37)+H[1+],0.000536466770029165
401.34501,C02990,M(C13)+H[1+],0.000566466770010265
438.98059,C01243,M+H2O+H[1+],0.000313533229984841
438.98059,C01245,M+H2O+H[1+],0.000313533229984841
170.06004,C05660,M-H4O2+H[1+],6.35332299623315e-05
152.03178,C04281,M+Na[1+],9.64667700031896e-05
152.03178,C02237,M+Na[1+],9.64667700031896e-05
152.03178,C04282,M+Na[1+],9.64667700031896e-05
152.03178,C01879,M+Na[1+],9.64667700031896e-05
123.05503,C00153,M+H[1+],0.000246466769993958
123.05503,C05828,M-H2O+H[1+],0.000246466770008169
473.11971,C05674,M[1+],0.000490000000013424
205.06398,C02291,M-H2O+H[1+],9.64667700031896e-05
205.06398,C00669,M-HCOOH+H[1+],0.000196466770006509
209.05968,C05844,M-HCOOH+H[1+],0.000503533229988307
209.05968,C07646,M-HCOOK+H[1+],0.000896466770001325
302.3052,C00836,M+H[1+],0.000176466769971739
198.03726,C01042,M+Na[1+],0.000116466770009538
198.03726,C04281,M+HCOONa[1+],1.64667699777965e-05
198.03726,C02237,M+HCOONa[1+],1.64667699777965e-05
198.03726,C04282,M+HCOONa[1+],1.64667699777965e-05
198.03726,C01879,M+HCOONa[1+],1.64667699777965e-05
130.05006,C00064,M-NH3+H[1+],0.000183533230000421
130.05006,C21029,M-NH3+H[1+],0.000183533230000421
130.05006,C04281,M+H[1+],0.000183533230000421
130.05006,C00819,M-NH3+H[1+],0.000183533230000421
130.05006,C02237,M+H[1+],0.000183533230000421
130.05006,C04282,M+H[1+],0.000183533230000421
130.05006,C01879,M+H[1+],0.000183533230000421
130.05006,C00025,M-H2O+H[1+],0.000183533230000421
130.05006,C01042,M-HCOOH+H[1+],8.35332299971014e-05
130.05006,C05938,M-H2O+H[1+],0.000183533230000421
130.05006,C02220,M-CO+H[1+],0.000283533230003741
130.05006,C00217,M-H2O+H[1+],0.000183533230000421
208.98217,C00197,M+Na[1+],6.46677000304408e-06
208.98217,C00631,M+Na[1+],6.46677000304408e-06
208.98217,C00227,M+HCOONa[1+],6.46677000304408e-06
268.10393,C00212,M+H[1+],0.000146466769990639
268.10393,C00330,M+H[1+],0.000146466769990639
258.0736,C00864,M+K[1+],0.000123533230009798
258.0736,C00357,M-CO2+H[1+],0.000176466770028583
258.0736,C04257,M-CO2+H[1+],0.000176466770028583
258.0736,C04501,M-CO2+H[1+],0.000176466770028583
258.0736,C18060,M-CO2+H[1+],0.000176466770028583
233.06314,C01019,M+HCOONa[1+],3.64667700125665e-05
233.06314,C02076,M+Na[1+],0.000136466770015886
391.28412,C00695,M-H2O+H[1+],0.000156466770022234
417.06044,C01134,M+NaCl[1+],0.00183646676998706
209.05952,C05844,M-HCOOH+H[1+],0.000343533229994364
417.11218,C20776,M-NH3+H[1+],0.0018964667700061
137.04592,C00262,M+H[1+],0.000143533229987725
137.04592,C00155,M(C13)+H[1+],0.000156466770022234
137.04592,C16355,M-HCOOH+H[1+],4.35332299844049e-05
137.04592,C16359,M-HCOOH+H[1+],4.35332299844049e-05
134.08112,C00956,M-CO+H[1+],4.35332299844049e-05
134.08112,C00148,M+H2O+H[1+],5.64667700189148e-05
134.08112,C00763,M+H2O+H[1+],5.64667700189148e-05
134.08112,C00329,M-HCOOH+H[1+],0.000156466769993813
325.04328,C00105,M+H[1+],0.000103533229946606
325.04328,C01103,M-CO2+H[1+],0.00010353323000345
348.07065,C00020,M+H[1+],0.000273533229972145
348.07065,C00362,M+H[1+],0.000273533229972145
120.08079,C00483,M-H2O+H[1+],1.35332299890933e-05
120.08079,C00079,M-HCOOH+H[1+],8.64667700000155e-05
327.06805,C03691,M+H+Na[2+],0.00132646676996728
144.08082,C00398,M-NH3+H[1+],4.35332299844049e-05
405.00955,C00015,M+H[1+],7.35332299655056e-05
173.02091,C00093,M+H[1+],6.64667700220889e-05
173.02091,C00279,M-CO+H[1+],3.35332299812308e-05
173.02091,C01801,M+K[1+],0.00023353322998787
173.02091,C02985,M-C3H4O2+H[1+],6.64667699936672e-05
173.02091,C00246,M+HCOOK[1+],6.64667700220889e-05
149.02366,C05653,M-NH3+H[1+],0.000283533230003741
149.02366,C05580,M-H4O2+H[1+],0.000383533229978639
260.05311,C00352,M+H[1+],0.00013353322998455
260.05311,C01132,M+K[1+],0.000433533230022931
260.05311,C00360,M-C3H4O2+H[1+],0.00126646677000508
260.05311,C05635,M+HCOONa[1+],0.000233533230016292
260.05311,C00140,M+K[1+],0.000433533230022931
260.05311,C00645,M+K[1+],0.000433533230022931
260.05311,C16596,M+HCOONa[1+],0.000233533230016292
282.27903,C00319,M-H2O+H[1+],4.64667700157406e-05
282.27903,C02934,M-H2O+H[1+],4.64667700157406e-05
282.27903,C12144,M-H4O2+H[1+],4.64667700157406e-05
137.04609,C00262,M+H[1+],0.000313533229984841
137.04609,C00155,M(C13)+H[1+],1.35332299748825e-05
137.04609,C16355,M-HCOOH+H[1+],0.000213533229981522
137.04609,C16359,M-HCOOH+H[1+],0.000213533229981522
215.01631,C00026,M+HCOONa[1+],0.000133533230012972
215.01631,C00158,M+Na[1+],3.35332300096525e-05
215.01631,C00311,M+Na[1+],3.35332300096525e-05
215.01631,C00499,M+K[1+],0.00106646676999844
137.04579,C00262,M+H[1+],1.35332300033042e-05
137.04579,C00155,M(C13)+H[1+],0.000286466770006655
137.04579,C16355,M-HCOOH+H[1+],8.64667700000155e-05
137.04579,C16359,M-HCOOH+H[1+],8.64667700000155e-05
269.08817,C00294,M+H[1+],9.35332299718539e-05
250.09327,C00212,M-H2O+H[1+],0.000206466769981262
250.09327,C00330,M-H2O+H[1+],0.000206466769981262
325.0434,C00105,M+H[1+],0.000223533229984696
325.0434,C01103,M-CO2+H[1+],0.000223533230041539
184.09668,C00788,M+H[1+],9.64667700031896e-05
184.09668,C05589,M+H[1+],9.64667700031896e-05
184.09668,C00079,M+H2O+H[1+],0.000196466770034931
184.09668,C00864,M-H4O2+H[1+],9.64667700316113e-05
215.01621,C00026,M+HCOONa[1+],3.35332300096525e-05
215.01621,C00158,M+Na[1+],6.64667699936672e-05
215.01621,C00311,M+Na[1+],6.64667699936672e-05
298.99249,C00103,M+K[1+],1.35332300033042e-05
298.99249,C00668,M+K[1+],1.35332300033042e-05
298.99249,C01172,M+K[1+],1.35332300033042e-05
298.99249,C00672,M+HCOOK[1+],0.000286466770035076
298.99249,C00673,M+HCOOK[1+],0.000286466770035076
298.99249,C00275,M+K[1+],1.35332300033042e-05
298.99249,C00636,M+K[1+],1.35332300033042e-05
298.99249,C01094,M+K[1+],1.35332300033042e-05
298.99249,C00085,M+K[1+],1.35332300033042e-05
298.99249,C00446,M+K[1+],1.35332300033042e-05
298.99249,C01097,M+K[1+],1.35332300033042e-05
298.99249,C00092,M+K[1+],1.35332300033042e-05
298.99249,C03862,M+K[1+],4.99277007293131e-06
298.99249,C04006,M+K[1+],1.35332300033042e-05
298.99249,C01177,M+K[1+],1.35332300033042e-05
298.99249,C03546,M+K[1+],1.35332300033042e-05
608.08829,C00043,M+H[1+],0.00058646676995977
608.08829,C00203,M+H[1+],0.00058646676995977
370.05232,C00020,M+Na[1+],5.64667700473365e-05
370.05232,C00362,M+Na[1+],5.64667700473365e-05
370.05232,C00357,M+HCOONa[1+],0.00134353322999914
370.05232,C04257,M+HCOONa[1+],0.00134353322999914
370.05232,C04501,M+HCOONa[1+],0.00134353322999914
370.05232,C18060,M+HCOONa[1+],0.00134353322999914
246.15598,C05340,M+H[1+],9.64667700031896e-05
209.05954,C05844,M-HCOOH+H[1+],0.000363533230000712
209.05954,C07646,M-HCOOK+H[1+],0.00103646676998892
447.06753,C00570,M+H[1+],0.000146466770047482
275.14236,C01134,M-HCOOK+H[1+],1.64667700346399e-05
275.14236,C19488,M+H2O+H[1+],0.000716466770029456
218.13847,C16565,M+NaCl[1+],0.000906466769976078
349.05556,C00130,M+H[1+],0.0011835332300052
349.05556,C04734,M-H2O+H[1+],0.0011835332300052
429.37357,C11455,M+H2O+H[1+],0.00079353322996667
429.37357,C11508,M+H2O+H[1+],0.00079353322996667
429.37357,C15783,M+H2O+H[1+],0.00079353322996667
209.05988,C05844,M-HCOOH+H[1+],0.000703533229994946
209.05988,C07646,M-HCOOK+H[1+],0.000696466769994686
358.18503,C00504,M-HCOOK+H[1+],0.000646466770035659
245.09532,C00214,M(Cl37)+H[1+],0.000543533229972581
245.09532,C00475,M(C13)+H[1+],0.00085646677001705
245.09532,C00120,M+H[1+],0.000156466770022234
405.01017,C00015,M+H[1+],0.000693533229991772
383.04139,C04646,M+H2O+H[1+],0.000786466770023253
373.2142,C13713,M+K[1+],0.000623533229941131
373.2142,C15492,M+HCOOK[1+],0.000323533230016437
373.2142,C22832,M+K[1+],0.000623533229941131
204.04882,C00147,M+HCOONa[1+],0.000356466770000452
245.11313,C00931,M+H2O+H[1+],0.00014646677001906
136.06176,C00147,M+H[1+],1.64667700062182e-05
233.07792,C00062,M+NaCl[1+],0.000343533229994364
233.07792,C12270,M-C3H4O2+H[1+],0.00104353322996076
233.07792,C00792,M+NaCl[1+],0.000343533229994364
134.06016,C00547,M-H4O2+H[1+],0.000183533229971999
134.06016,C05637,M-CO+H[1+],0.000183533230000421
134.06016,C05639,M-CO+H[1+],0.000183533230000421
134.06016,C05660,M-C3H4O2+H[1+],8.35332299971014e-05
134.06016,C00314,M-H4O2+H[1+],0.000183533229971999
345.12801,C00510,M(C13)+3H[3+],0.000499800103341386
345.12801,C00449,M+HCOONa[1+],0.00123353323004949
562.08075,C00043,M-HCOOH+H[1+],0.00272646677001376
562.08075,C00203,M-HCOOH+H[1+],0.00272646677001376
249.03659,C00117,M+H2O+H[1+],0.000486466770041716
249.03659,C00199,M+H2O+H[1+],0.000486466770041716
249.03659,C00231,M+H2O+H[1+],0.000486466770041716
249.03659,C00345,M-CO+H[1+],0.000286466770035076
249.03659,C00620,M+H2O+H[1+],0.000486466770041716
249.03659,C01019,M+HCOOK[1+],0.000486466770013294
249.03659,C01179,M+HCOONa[1+],0.000386466770009974
249.03659,C05350,M+HCOONa[1+],0.000386466770009974
249.03659,C02076,M+K[1+],0.000186466770031757
459.19907,C11132,M-H2O+H[1+],0.00220646677001923
233.14963,C00449,M-CO2+H[1+],5.35332300160007e-05
205.06393,C02291,M-H2O+H[1+],0.000146466769990639
205.06393,C00669,M-HCOOH+H[1+],0.000246466769993958
346.04197,C00055,M+Na[1+],0.00079353322996667
204.04367,C12248,M(C13)+H[1+],0.000806466770029601
296.29483,C06124,M-HCOOK+H[1+],5.35332299591573e-05
183.01121,C16634,M+H+Na[2+],0.000266466770028728
149.05989,C00079,M-NH3+H[1+],0.000113533229978202
149.05989,C00415,M(C13)+3H[3+],0.000219800103337775
149.05989,C16612,M(C13)+2H[2+],0.00046353322997561
149.05989,C05581,M-H2O+H[1+],0.000213533230009944
149.05989,C05594,M-H4O2+H[1+],0.000213533229981522
149.05989,C00588,M-H4O2+H[1+],8.64667700284372e-05
603.02361,C00167,M+Na[1+],3.35332299528091e-05
137.04574,C00262,M+H[1+],3.64667700125665e-05
137.04574,C00155,M(C13)+H[1+],0.000336466770022525
137.04574,C16355,M-HCOOH+H[1+],0.000136466770015886
137.04574,C16359,M-HCOOH+H[1+],0.000136466770015886
176.07067,C00954,M+H[1+],9.35332300002756e-05
176.07067,C05634,M+H[1+],9.35332300002756e-05
176.07067,C00331,M-CO+H[1+],0.000193533230003595
176.07067,C16587,M-H2O+H[1+],9.35332300002756e-05
176.07067,C16595,M-H2O+H[1+],9.35332300002756e-05
169.03184,C03722,M(C13)+H[1+],0.000736466770007382
169.03184,C00341,M+H+Na[2+],0.000636466770004063
169.03184,C01185,M+2H[2+],0.00036353322997229
335.10578,C04352,M-HCOONa+H[1+],0.000296466770066672
381.20279,C14825,M+HCOOK[1+],0.000886466769998151
381.20279,C14826,M+HCOOK[1+],0.000886466769998151
370.05223,C00020,M+Na[1+],0.000146466770047482
370.05223,C00362,M+Na[1+],0.000146466770047482
370.05223,C00357,M+HCOONa[1+],0.00125353322999899
370.05223,C04257,M+HCOONa[1+],0.00125353322999899
370.05223,C04501,M+HCOONa[1+],0.00125353322999899
370.05223,C18060,M+HCOONa[1+],0.00125353322999899
335.10601,C04352,M-HCOONa+H[1+],6.64667700220889e-05
408.04664,C00131,M-HCOOK+H[1+],0.000136466770015886
137.04577,C00262,M+H[1+],6.46677000304408e-06
137.04577,C00155,M(C13)+H[1+],0.000306466770013003
137.04577,C16355,M-HCOOH+H[1+],0.000106466770006364
137.04577,C16359,M-HCOOH+H[1+],0.000106466770006364
218.14997,C05341,M+H[1+],9.35332300002756e-05
381.10087,C16609,M+HCOOK[1+],0.000206466770009683
176.07051,C00954,M+H[1+],6.64667699936672e-05
176.07051,C05634,M+H[1+],6.64667699936672e-05
176.07051,C00331,M-CO+H[1+],3.35332300096525e-05
176.07051,C16587,M-H2O+H[1+],6.64667699936672e-05
176.07051,C16595,M-H2O+H[1+],6.64667699936672e-05
324.05904,C00055,M+H[1+],0.000136466770015886
282.11921,C00270,M-CO+H[1+],0.000933533230011108
282.11921,C03410,M-CO2+H[1+],0.000833533229979366
186.01638,C01005,M+H[1+],0.000203533229978348
186.01638,C16613,M(C13)+H[1+],0.000203533229978348
186.01638,C00025,M+K[1+],0.000403533229984987
186.01638,C05938,M+K[1+],0.000403533229984987
186.01638,C02514,M[1+],2.00000000063483e-05
186.01638,C00217,M+K[1+],0.000403533229984987
555.06308,C00190,M+H2O+H[1+],0.000703533230080211
160.04273,C00337,M(C13)+H[1+],0.000746466770010557
160.04273,C02220,M(Cl37)+H[1+],0.000753533230010817
289.16207,C05298,M(Cl37)+H[1+],0.000693533229991772
289.16207,C05300,M(Cl37)+H[1+],0.000693533229991772
298.09681,C00170,M+H[1+],6.64667700220889e-05
176.07058,C00954,M+H[1+],3.53323000013006e-06
176.07058,C05634,M+H[1+],3.53323000013006e-06
176.07058,C00331,M-CO+H[1+],0.00010353323000345
176.07058,C16587,M-H2O+H[1+],3.53323000013006e-06
176.07058,C16595,M-H2O+H[1+],3.53323000013006e-06
467.13314,C00019,M+HCOONa[1+],0.00126353323003059
147.07655,C00064,M+H[1+],0.000173533229997247
147.07655,C21029,M+H[1+],0.000173533229997247
147.07655,C00819,M+H[1+],0.000173533229997247
147.07655,C21028,M+H2O+H[1+],7.35332299655056e-05
147.07655,C00439,M-CO+H[1+],0.000173533229997247
123.05549,C00153,M+H[1+],0.000213533230009944
123.05549,C05828,M-H2O+H[1+],0.000213533229995733
238.04504,C00329,M+NaCl[1+],0.000236466769990784
238.04504,C01233,M+Na[1+],0.000136466770015886
160.04259,C02220,M(Cl37)+H[1+],0.0006135332299948
335.106,C04352,M-HCOONa+H[1+],7.64667700536847e-05
220.11795,C00864,M+H[1+],2.64667700093923e-05
184.07326,C05594,M[1+],0.000339999999994234
184.07326,C00588,M[1+],0.000640000000004193
659.17968,C09332,M+HCOOK[1+],0.00249646677002602
361.17925,C16300,M+HCOOK[1+],0.00177353322999352
231.09758,C04376,M-HCOOK+H[1+],0.00010353323000345
589.0452,C00029,M+Na[1+],0.000923533230093199
589.0452,C00052,M+Na[1+],0.000923533230093199
160.042734,C00337,M(C13)+H[1+],0.000742466770020656
160.042734,C02220,M(Cl37)+H[1+],0.000757533230000718
357.0879,C04352,M-HCOOH+H[1+],0.000176466770028583
357.0879,C19489,M+HCOOK[1+],0.000776466769991657
357.0879,C19561,M+HCOOK[1+],0.000776466769991657
357.0879,C19604,M+HCOOK[1+],0.000776466769991657
137.04578,C00262,M+H[1+],3.53323000013006e-06
137.04578,C00155,M(C13)+H[1+],0.000296466770009829
137.04578,C16355,M-HCOOH+H[1+],9.64667700031896e-05
137.04578,C16359,M-HCOOH+H[1+],9.64667700031896e-05
160.04277,C00337,M(C13)+H[1+],0.000706466770026282
160.04277,C02220,M(Cl37)+H[1+],0.000793533229995091
242.09986,C00864,M+Na[1+],0.000116466770009538
370.05213,C00020,M+Na[1+],0.000246466770079223
370.05213,C00362,M+Na[1+],0.000246466770079223
370.05213,C00357,M+HCOONa[1+],0.00115353322996725
370.05213,C04257,M+HCOONa[1+],0.00115353322996725
370.05213,C04501,M+HCOONa[1+],0.00115353322996725
370.05213,C18060,M+HCOONa[1+],0.00115353322996725
156.10186,C00483,M+H2O+H[1+],0.00011646677003796
156.10186,C00788,M-CO+H[1+],8.35332299971014e-05
156.10186,C05589,M-CO+H[1+],8.35332299971014e-05
136.06177,C00147,M+H[1+],6.46677000304408e-06
218.13858,C16565,M+NaCl[1+],0.000796466769998005
250.09346,C00212,M-H2O+H[1+],1.64667699777965e-05
250.09346,C00330,M-H2O+H[1+],1.64667699777965e-05
135.03029,C00242,M-NH3+H[1+],0.000113533230006624
135.03029,C22499,M-NH3+H[1+],0.000113533230006624
135.03029,C00385,M-H2O+H[1+],0.000213533230009944
135.03029,C16241,M-C3H4O2+H[1+],0.0006135332299948
135.03029,C11736,M+H+Na[2+],0.000586466769988192
135.03029,C12739,M+H+Na[2+],0.000586466769988192
198.03723,C01042,M+Na[1+],0.00014646677001906
198.03723,C04281,M+HCOONa[1+],4.64667699873189e-05
198.03723,C02237,M+HCOONa[1+],4.64667699873189e-05
198.03723,C04282,M+HCOONa[1+],4.64667699873189e-05
198.03723,C01879,M+HCOONa[1+],4.64667699873189e-05
137.04595,C00262,M+H[1+],0.000173533229997247
137.04595,C00155,M(C13)+H[1+],0.000126466770012712
137.04595,C16355,M-HCOOH+H[1+],7.35332299939273e-05
137.04595,C16359,M-HCOOH+H[1+],7.35332299939273e-05
309.05709,C05382,M+H2O+H[1+],0.00108646677000479
554.28725,C02166,M-C3H4O2+H[1+],0.00222646677002558
235.01273,C16631,M+HCOOK[1+],5.35332300160007e-05
389.9519,C00119,M[1+],0.000100000000031741
136.06173,C00147,M+H[1+],4.64667699873189e-05
193.06406,C16604,M-NH3+H[1+],0.000816466770004354
368.02311,C05924,M-CO+H[1+],0.00146646677001172
197.10062,C16586,M(C13)+H[1+],0.000443533229997684
197.10062,C00062,M+Na[1+],0.000356466770028874
197.10062,C00792,M+Na[1+],0.000356466770028874
621.3031,C06508,M(C13)+2H[2+],0.00227353322998169
86.09644,C01672,M-NH3+H[1+],3.64667699983556e-05
86.09644,C00123,M-HCOOH+H[1+],3.64667699983556e-05
86.09644,C00407,M-HCOOH+H[1+],3.64667699983556e-05
86.09644,C00408,M-CO2+H[1+],3.64667699983556e-05
86.09644,C05936,M-CO2+H[1+],3.64667699983556e-05
359.102,C01134,M+H[1+],0.00167646677004996
359.102,C04352,M-CO2+H[1+],0.00167646677004996
169.05855,C00064,M+Na[1+],0.000173533229997247
169.05855,C21029,M+Na[1+],0.000173533229997247
169.05855,C00819,M+Na[1+],0.000173533229997247
250.09347,C00212,M-H2O+H[1+],6.46676997462237e-06
250.09347,C00330,M-H2O+H[1+],6.46676997462237e-06
137.04582,C00262,M+H[1+],4.35332299844049e-05
137.04582,C00155,M(C13)+H[1+],0.000256466770025554
137.04582,C16355,M-HCOOH+H[1+],5.64667700189148e-05
137.04582,C16359,M-HCOOH+H[1+],5.64667700189148e-05
230.02221,C03287,M(S34)+H[1+],0.000366466770003626
230.02221,C00018,M-H2O+H[1+],0.000933533230011108
347.025099,C00105,M+Na[1+],7.746677005116e-05
322.10628,C14871,M-CO+H[1+],0.000396466769984727
245.09531,C00214,M(Cl37)+H[1+],0.000533533229997829
245.09531,C00475,M(C13)+H[1+],0.000866466769991803
245.09531,C00120,M+H[1+],0.000166466769996987
357.0876,C04352,M-HCOOH+H[1+],0.00047646677001012
357.0876,C19489,M+HCOOK[1+],0.00107646676997319
357.0876,C19561,M+HCOOK[1+],0.00107646676997319
357.0876,C19604,M+HCOOK[1+],0.00107646676997319
162.11238,C00487,M[1+],0.000619999999997844
158.09235,C00062,M-NH3+H[1+],0.000126466770012712
158.09235,C00792,M-NH3+H[1+],0.000126466770012712
158.09235,C00327,M-H2O+H[1+],2.64667699809706e-05
267.13387,C05643,M+H2O+H[1+],0.000106466769977942
154.05861,C00642,M(C13)+H[1+],0.000633533229972727
154.05861,C04043,M(C13)+H[1+],0.000633533229972727
154.05861,C05852,M(C13)+H[1+],0.000633533229972727
154.05861,C00300,M+Na[1+],0.000166466770025409
555.26057,C00500,M-CO+H[1+],0.000493533230041976
124.99981,C00074,M-CO2+H[1+],6.6466770007878e-05
124.99981,C00111,M-HCOOH+H[1+],6.64667699794563e-05
124.99981,C00118,M-HCOOH+H[1+],6.64667699794563e-05
124.99981,C00346,M-NH3+H[1+],6.6466770007878e-05
149.02325,C05653,M-NH3+H[1+],0.000126466770012712
149.02325,C05580,M-H4O2+H[1+],2.64667700378141e-05
149.02327,C05653,M-NH3+H[1+],0.000106466770006364
149.02327,C05580,M-H4O2+H[1+],6.46677003146578e-06
294.14766,C16641,M+2H[2+],0.000833533229979366
391.28425,C00695,M-H2O+H[1+],2.64667700093923e-05
146.98188,C00022,M+NaCl[1+],3.53322997170835e-06
146.98188,C00222,M+NaCl[1+],3.53322997170835e-06
146.98188,C06754,M+HCOONa[1+],3.53322997170835e-06
124.999815,C00074,M-CO2+H[1+],6.1466770006291e-05
124.999815,C00111,M-HCOOH+H[1+],6.14667699778693e-05
124.999815,C00118,M-HCOOH+H[1+],6.14667699778693e-05
124.999815,C00346,M-NH3+H[1+],6.1466770006291e-05
427.09515,C02939,M(C13)+2H[2+],0.000176466770028583
427.09515,C15980,M(C13)+2H[2+],0.000176466770028583
308.09067,C00051,M+H[1+],0.000406466770016323
308.09067,C05274,M+3H[3+],0.000273133436678563
308.09067,C03451,M-C3H4O2+H[1+],0.000406466770016323
184.07343,C05594,M[1+],0.000169999999997117
184.07343,C00588,M[1+],0.000470000000007076
269.18588,C16560,M+H2O+H[1+],9.64667700031896e-05
156.10199,C00535,M+H+Na[2+],0.000736466770035804
156.10199,C00674,M+H+Na[2+],0.000736466770035804
156.10199,C01227,M+H+Na[2+],0.000736466770035804
156.10199,C03772,M+H+Na[2+],0.000736466770035804
156.10199,C00483,M+H2O+H[1+],1.35332299748825e-05
156.10199,C00788,M-CO+H[1+],0.000213533230009944
156.10199,C05589,M-CO+H[1+],0.000213533230009944
201.12331,C05341,M-NH3+H[1+],6.64667699936672e-05
530.13704,C00101,M+HCOOK[1+],0.00253646677003871
530.13704,C15974,M+H2O+H[1+],0.00106353322996711
530.13704,C15978,M+H2O+H[1+],0.00106353322996711
530.13704,C21384,M-CO2+H[1+],0.00113646677016277
136.06207,C00147,M+H[1+],0.000293533230006915
388.22635,C05011,M+H[1+],0.000726466770004208
388.22635,C16544,M+H[1+],0.000726466770004208
388.22635,C16545,M+H[1+],0.000726466770004208
160.04271,C00337,M(C13)+H[1+],0.000766466770016905
160.04271,C02220,M(Cl37)+H[1+],0.000733533230004468
132.10211,C00123,M+H[1+],0.00023353322998787
132.10211,C00407,M+H[1+],0.00023353322998787
132.10211,C01233,M-HCOOK+H[1+],0.00023353322998787
193.06404,C16604,M-NH3+H[1+],0.000836466770010702
238.0445,C00329,M+NaCl[1+],0.000776466769991657
238.0445,C01233,M+Na[1+],0.000676466770016759
205.09706,C00078,M+H[1+],0.000116466770009538
245.04155,C02985,M+H[1+],0.000526466769997569
245.04155,C05382,M-HCOOH+H[1+],0.000626466770000889
258.07358,C00864,M+K[1+],0.00010353323000345
258.07358,C00357,M-CO2+H[1+],0.000196466770034931
258.07358,C04257,M-CO2+H[1+],0.000196466770034931
258.07358,C04501,M-CO2+H[1+],0.000196466770034931
258.07358,C18060,M-CO2+H[1+],0.000196466770034931
335.10597,C04352,M-HCOONa+H[1+],0.000106466770034785
322.1067,C14871,M-CO+H[1+],2.35332299780566e-05
441.33378,C05445,M+Na[1+],0.000196466769978088
441.33378,C05453,M+Na[1+],0.000196466769978088
441.33378,C06341,M+Na[1+],0.000196466769978088
441.33378,C15518,M+Na[1+],0.000196466769978088
441.33378,C15520,M+Na[1+],0.000196466769978088
441.33378,C05499,M+Na[1+],0.000196466769978088
441.33378,C05501,M+Na[1+],0.000196466769978088
247.03825,C02985,M(S34)+H[1+],0.000373533230003886
247.03825,C02985,M(Cl37)+H[1+],0.00102646676998575
339.05931,C16582,M+HCOOK[1+],0.000433533229966088
339.05931,C16584,M+HCOOK[1+],0.000433533229966088
242.09981,C00864,M+Na[1+],0.000166466770025409
245.07682,C00299,M+H[1+],4.35332299844049e-05
117.0576,C05580,M-HCOONa+H[1+],0.000523533229980444
134.08102,C00956,M-CO+H[1+],5.64667700189148e-05
134.08102,C00148,M+H2O+H[1+],0.000156466770022234
134.08102,C00763,M+H2O+H[1+],0.000156466770022234
134.08102,C00329,M-HCOOH+H[1+],0.000256466769997132
134.08116,C00956,M-CO+H[1+],8.35332299971014e-05
134.08116,C00148,M+H2O+H[1+],1.64667700062182e-05
134.08116,C00763,M+H2O+H[1+],1.64667700062182e-05
134.08116,C00329,M-HCOOH+H[1+],0.000116466769981116
258.11003,C00670,M[1+],0.000569999999981974
399.08264,C00921,M+HCOOK[1+],0.00136353323000549
376.20856,C16547,M(S34)+H[1+],0.00128353322998009
376.20856,C16547,M(Cl37)+H[1+],0.000116466770066381
376.20856,C16549,M(S34)+H[1+],0.00128353322998009
376.20856,C16549,M(Cl37)+H[1+],0.000116466770066381
538.09846,C16238,M(S34)+H[1+],0.000616466769997714
538.09846,C16238,M(Cl37)+H[1+],0.00201646676998735
538.09846,C00096,M-HCOONa+H[1+],0.00138353323006868
335.07379,C19562,M-H2O+H[1+],0.0002135332299531
169.05839,C00064,M+Na[1+],1.35332300033042e-05
169.05839,C21029,M+Na[1+],1.35332300033042e-05
169.05839,C00819,M+Na[1+],1.35332300033042e-05
169.05837,C00064,M+Na[1+],6.46677000304408e-06
169.05837,C21029,M+Na[1+],6.46677000304408e-06
169.05837,C00819,M+Na[1+],6.46677000304408e-06
364.06536,C00144,M+H[1+],8.35332299971014e-05
364.06536,C18239,M+H[1+],8.35332299971014e-05
364.06536,C00942,M+H2O+H[1+],8.35332299971014e-05
364.06536,C03410,M+K[1+],0.00168353322993653
314.07467,C04640,M+H[1+],0.000106466769977942
314.07467,C06800,M(C13)+H[1+],0.000593533230016874
314.07467,C03373,M+H2O+H[1+],0.000106466769977942
314.07467,C16635,M+HCOONa[1+],0.00120646676998604
227.08447,C03227,M(Cl37)+H[1+],0.000293533230006915
227.08447,C05651,M(Cl37)+H[1+],0.000293533230006915
227.08447,C00120,M-H2O+H[1+],0.000406466769987901
137.07099,C00328,M-C3H4O2+H[1+],1.35332300033042e-05
137.07099,C05647,M-C3H4O2+H[1+],1.35332300033042e-05
137.07099,C02918,M[1+],0.000509999999991351
134.08121,C00956,M-CO+H[1+],0.00013353322998455
134.08121,C00148,M+H2O+H[1+],3.35332299812308e-05
134.08121,C00763,M+H2O+H[1+],3.35332299812308e-05
134.08121,C00329,M-HCOOH+H[1+],6.64667699936672e-05
370.05239,C00020,M+Na[1+],1.35332299464608e-05
370.05239,C00362,M+Na[1+],1.35332299464608e-05
370.05239,C00357,M+HCOONa[1+],0.00141353322999294
370.05239,C04257,M+HCOONa[1+],0.00141353322999294
370.05239,C04501,M+HCOONa[1+],0.00141353322999294
370.05239,C18060,M+HCOONa[1+],0.00141353322999294
198.03702,C01042,M+Na[1+],0.000356466770000452
198.03702,C04281,M+HCOONa[1+],0.000256466769968711
198.03702,C02237,M+HCOONa[1+],0.000256466769968711
198.03702,C04282,M+HCOONa[1+],0.000256466769968711
198.03702,C01879,M+HCOONa[1+],0.000256466769968711
221.0185,C03827,M+NaCl[1+],0.000176466770000161
309.09291,C19562,M-CO2+H[1+],0.00146646677001172
298.09658,C00170,M+H[1+],0.000296466770009829
160.0427,C00337,M(C13)+H[1+],0.000776466770020079
160.0427,C02220,M(Cl37)+H[1+],0.000723533230001294
179.04841,C00438,M(Cl37)+H[1+],0.000633533230001149
179.04841,C01419,M+H[1+],6.64667700220889e-05
179.04841,C00669,M-C3H4O2+H[1+],6.64667700220889e-05
420.31008,C01921,M-HCOOH+H[1+],0.000796466769998005
284.09896,C00387,M+H[1+],1.64667700346399e-05
228.26837,C00319,M-C3H4O2+H[1+],0.000206466770009683
228.26837,C02934,M-C3H4O2+H[1+],0.000206466770009683
328.03535,C19594,M-NH3+H[1+],0.00137353322998024
362.08592,C05993,M-CO+H[1+],4.35332299844049e-05
362.08592,C06241,M-CO+H[1+],0.00134353322999914
204.04885,C00147,M+HCOONa[1+],0.000326466770019351
136.06175,C00147,M+H[1+],2.64667700093923e-05
241.031,C00491,M+H[1+],7.64667699968413e-05
287.1963,C17432,M+3H[3+],0.000709800103322777
269.0882,C00294,M+H[1+],0.000123533229952955
152.05678,C00242,M+H[1+],0.00010353323000345
152.05678,C22499,M+H[1+],0.00010353323000345
534.28316,C05466,M+HCOOK[1+],0.000483533229953537
258.05937,C00624,M+HCOONa[1+],0.000993533229973309
590.08946,C00325,M+H[1+],1.64667699209531e-05
287.19666,C17432,M+3H[3+],0.000349800103322195
160.042599,C02220,M(Cl37)+H[1+],0.000622533230000499
348.0704,C00020,M+H[1+],2.35332299780566e-05
348.0704,C00362,M+H[1+],2.35332299780566e-05
348.0704,C00270,M+K[1+],0.00162353322997433
298.09688,C00170,M+H[1+],3.53322997170835e-06
279.23181,C06426,M+H[1+],6.64667700220889e-05
279.23181,C06427,M+H[1+],6.64667700220889e-05
279.23181,C05476,M-C3H4O2+H[1+],6.64667700220889e-05
279.23181,C14825,M-H2O+H[1+],3.35332300096525e-05
279.23181,C14826,M-H2O+H[1+],3.35332300096525e-05
245.18806,C06081,M+Na[1+],0.000418079230001922
388.22639,C05011,M+H[1+],0.000686466770048355
388.22639,C16544,M+H[1+],0.000686466770048355
388.22639,C16545,M+H[1+],0.000686466770048355
258.11,C00670,M[1+],0.000599999999963075
151.06197,C00073,M(C13)+H[1+],0.000293533230006915
151.06197,C16356,M-HCOOH+H[1+],0.000493533230013554
151.06197,C16360,M-HCOOH+H[1+],0.000493533230013554
162.11251,C00487,M[1+],0.000490000000013424
203.05242,C00031,M+Na[1+],0.000256466769997132
203.05242,C00221,M+Na[1+],0.000256466769997132
203.05242,C00267,M+Na[1+],0.000256466769997132
203.05242,C01801,M+HCOONa[1+],0.000156466769993813
203.05242,C00095,M+Na[1+],0.000256466769997132
203.05242,C00159,M+Na[1+],0.000256466769997132
203.05242,C01720,M+Na[1+],0.000256466769997132
203.05242,C00124,M+Na[1+],0.000256466769997132
203.05242,C00137,M+Na[1+],0.000256466769997132
203.05242,C00984,M+Na[1+],0.000256466769997132
156.10203,C00535,M+H+Na[2+],0.000696466770023108
156.10203,C00674,M+H+Na[2+],0.000696466770023108
156.10203,C01227,M+H+Na[2+],0.000696466770023108
156.10203,C03772,M+H+Na[2+],0.000696466770023108
156.10203,C00483,M+H2O+H[1+],5.3533229987579e-05
156.10203,C00788,M-CO+H[1+],0.00025353323002264
156.10203,C05589,M-CO+H[1+],0.00025353323002264
348.07037,C00020,M+H[1+],6.46677000304408e-06
348.07037,C00362,M+H[1+],6.46677000304408e-06
348.07037,C00270,M+K[1+],0.00159353322999323
156.101869,C00483,M+H2O+H[1+],0.000107466770032261
156.101869,C00788,M-CO+H[1+],9.25332300028003e-05
156.101869,C05589,M-CO+H[1+],9.25332300028003e-05
90.05502,C00099,M+H[1+],4.35332299986158e-05
90.05502,C00041,M+H[1+],4.35332299986158e-05
90.05502,C00213,M+H[1+],4.35332299986158e-05
90.05502,C00049,M-CO2+H[1+],4.35332300128266e-05
90.05502,C00402,M-CO2+H[1+],4.35332300128266e-05
90.05502,C03508,M-CO+H[1+],0.000143533230016146
90.05502,C00956,M-C3H4O2+H[1+],4.35332299986158e-05
235.02042,C00121,M+HCOOK[1+],0.000956466769991948
235.02042,C00257,M+K[1+],0.000656466770010411
235.02042,C00181,M+HCOOK[1+],0.000956466769991948
235.02042,C00259,M+HCOOK[1+],0.000956466769991948
235.02042,C00309,M+HCOOK[1+],0.000956466769991948
235.02042,C00310,M+HCOOK[1+],0.000956466769991948
235.02042,C00312,M+HCOOK[1+],0.000956466769991948
235.02042,C00800,M+K[1+],0.000656466770010411
235.02042,C00499,M+NaCl[1+],5.6466769990493e-05
534.31218,C05122,M+H2O+H[1+],0.00260353323005802
147.07639,C00064,M+H[1+],1.35332300033042e-05
147.07639,C21029,M+H[1+],1.35332300033042e-05
147.07639,C00819,M+H[1+],1.35332300033042e-05
147.07639,C21028,M+H2O+H[1+],8.64667700284372e-05
147.07639,C00439,M-CO+H[1+],1.35332300033042e-05
136.06172,C00147,M+H[1+],5.6466769990493e-05
132.10188,C00123,M+H[1+],3.53322997170835e-06
132.10188,C00407,M+H[1+],3.53322997170835e-06
132.10188,C01233,M-HCOOK+H[1+],3.53322997170835e-06
200.06809,C00255,M+H+Na[2+],0.000663533229982249
786.16365,C00016,M+H[1+],0.000726466770061052
335.10609,C04352,M-HCOONa+H[1+],1.35332299464608e-05
104.107,C00114,M[1+],0.000500000000002387
104.107,C00123,M-CO+H[1+],0.000123533229995587
104.107,C00407,M-CO+H[1+],0.000123533229995587
151.06143,C00073,M(C13)+H[1+],0.000246466769993958
151.06143,C16356,M-HCOOH+H[1+],4.64667699873189e-05
151.06143,C16360,M-HCOOH+H[1+],4.64667699873189e-05
242.09975,C00864,M+Na[1+],0.000226466770016032
258.11021,C00670,M[1+],0.000389999999981683
171.1492,C03793,M-H2O+H[1+],2.35332300064783e-05
369.35122,C00187,M-H2O+H[1+],0.00035646676997203
369.35122,C01189,M-H2O+H[1+],0.00035646676997203
369.35122,C03845,M-H2O+H[1+],0.00035646676997203
369.35122,C15780,M-CO+H[1+],0.000256466769997132
369.35122,C15816,M-CO+H[1+],0.000256466769997132
369.35122,C05452,M-H4O2+H[1+],0.000256466769997132
351.25046,C00712,M+HCOONa[1+],0.000116466770009538
132.10202,C00123,M+H[1+],0.000143533229987725
132.10202,C00407,M+H[1+],0.000143533229987725
132.10202,C01233,M-HCOOK+H[1+],0.000143533229987725
308.03613,C00365,M(C13)-H[-],0.000993533229973309
82.96105,C00094,M(S34)-H[-],2.64667699951815e-05
245.04329,C02076,M+Cl[-],0.000390000000010104
527.07242,C05381,M(C13)-H[-],0.00040353323004183
245.04336,C02076,M+Cl[-],0.000460000000003902
445.05275,C05673,M-H+O[-],0.000383533229978639
445.05275,C00570,M-H[-],0.000373533230003886
173.00931,C00158,M-H2O-H[-],0.000186466770031757
173.00931,C00311,M-H2O-H[-],0.000186466770031757
173.00931,C00417,M-H[-],0.000186466770003335
173.00931,C00632,M+Na-2H[-],0.000737066460004598
87.00897,C00022,M-H[-],0.000246466769993958
87.00897,C00258,M-H2O-H[-],0.000246466769993958
87.00897,C02670,M-2H[2-],0.000196466769992298
87.00897,C00222,M-H[-],0.000246466769993958
87.00897,C00546,M-H+O[-],0.000236466769990784
263.03268,C00881,M+K-2H[-],0.00113293354002053
554.08256,C00234,M+Br81[-],0.000359999999886895
554.08256,C03479,M+Br81[-],0.000359999999886895
579.02696,C00167,M-H[-],6.35332299907532e-05
565.04795,C00029,M-H[-],0.000226466770072875
565.04795,C00052,M-H[-],0.000226466770072875
565.0474,C00029,M-H[-],0.00032353322990275
565.0474,C00052,M-H[-],0.00032353322990275
404.95013,C04242,M+Br[-],0.000330000000019481
611.14485,C00127,M-H[-],0.00012646676998429
337.06268,C14853,M+Cl[-],0.000519999999994525
119.03512,C06001,M-H+O[-],0.000186466769989124
119.03512,C05984,M-H+O[-],0.000186466769989124
119.03512,C01089,M-H+O[-],0.000186466769989124
263.03249,C00881,M+K-2H[-],0.000942933539988644
402.99506,C00015,M-H[-],0.000136466770015886
402.99506,C01103,M+Cl[-],0.000460000000032323
402.99506,C01346,M-H+O[-],0.000126466770041134
191.01978,C00036,M+CH3COO[-],0.000585000000000946
191.01978,C00026,M+HCOO[-],0.000634999999988395
191.01978,C00158,M-H[-],5.64667700189148e-05
191.01978,C00311,M-H[-],5.64667700189148e-05
191.01978,C00818,M-H2O-H[-],5.64667700189148e-05
191.01978,C02670,M-H+O[-],4.64667699873189e-05
479.03245,C14847,M(C13)-H[-],0.00012646676998429
479.03245,C14848,M(C13)-H[-],0.00012646676998429
283.0688,C00294,M-H+O[-],0.000366466770003626
283.0688,C01762,M-H[-],0.000376466770035222
487.09974,C00307,M-H[-],0.000283533230003741
323.02878,C00105,M-H[-],0.000156466769965391
323.02878,C00365,M-H+O[-],0.000146466769990639
289.03317,C00117,M+CH3COO[-],0.000674999999944248
289.03317,C00199,M+CH3COO[-],0.000674999999944248
289.03317,C00231,M+CH3COO[-],0.000674999999944248
289.03317,C00620,M+CH3COO[-],0.000674999999944248
289.03317,C05382,M-H[-],0.000146466769990639
289.03317,C02985,M+HCOO[-],0.00072499999998854
322.04464,C00055,M-H[-],1.64667700346399e-05
322.04464,C00239,M-H+O[-],0.000106466770034785
302.53383,C00043,M-2H[2-],0.000306466770041425
302.53383,C00203,M-2H[2-],0.000306466770041425
346.05606,C00020,M-H[-],0.000236466769990784
346.05606,C00360,M-H+O[-],0.000226466770016032
346.05606,C00362,M-H[-],0.000236466769990784
191.01982,C00036,M+CH3COO[-],0.000625000000013642
191.01982,C00026,M+HCOO[-],0.000675000000001091
191.01982,C00158,M-H[-],9.64667700316113e-05
191.01982,C00311,M-H[-],9.64667700316113e-05
191.01982,C00818,M-H2O-H[-],9.64667700316113e-05
191.01982,C02670,M-H+O[-],8.64667700000155e-05
240.99498,C04188,M-H2O-H[-],0.00085646677001705
240.99498,C04582,M-H2O-H[-],0.00085646677001705
240.99498,C15650,M-H[-],0.00085646677001705
214.04856,C07481,M+Na-2H[-],0.000712933540000904
214.04856,C00329,M+Cl[-],0.000260000000025684
214.04856,C01233,M-H[-],6.35332299907532e-05
191.0198,C00036,M+CH3COO[-],0.000605000000007294
191.0198,C00026,M+HCOO[-],0.000654999999994743
191.0198,C00158,M-H[-],7.6466770025263e-05
191.0198,C00311,M-H[-],7.6466770025263e-05
191.0198,C00818,M-H2O-H[-],7.6466770025263e-05
191.0198,C02670,M-H+O[-],6.64667699936672e-05
211.08253,C06213,M+Cl37[-],0.000929999999982556
211.08253,C00379,M+CH3COO[-],0.000734999999991715
211.08253,C00532,M+CH3COO[-],0.000734999999991715
579.02661,C00167,M-H[-],0.000413533230016583
289.03291,C00117,M+CH3COO[-],0.000414999999975407
289.03291,C00199,M+CH3COO[-],0.000414999999975407
289.03291,C00231,M+CH3COO[-],0.000414999999975407
289.03291,C00620,M+CH3COO[-],0.000414999999975407
289.03291,C05382,M-H[-],0.000113533229978202
289.03291,C02985,M+HCOO[-],0.0004650000000197
323.02861,C00105,M-H[-],1.35332300033042e-05
323.02861,C00365,M-H+O[-],2.35332299780566e-05
540.05383,C00301,M-H2O-H[-],6.46676994620066e-06
200.05643,C12673,M(C13)-H[-],0.000606466770022962
200.05643,C00322,M+ACN-H[-],3.85332299970287e-05
200.05643,C03824,M+CH3COO[-],0.000535000000013497
200.05643,C05636,M+Na-2H[-],0.000917066460004889
200.05643,C05638,M+Na-2H[-],0.000917066460004889
191.01985,C00036,M+CH3COO[-],0.000654999999994743
191.01985,C00026,M+HCOO[-],0.000704999999982192
191.01985,C00158,M-H[-],0.000126466770012712
191.01985,C00311,M-H[-],0.000126466770012712
191.01985,C00818,M-H2O-H[-],0.000126466770012712
191.01985,C02670,M-H+O[-],0.000116466769981116
346.05572,C00020,M-H[-],0.00010353323000345
346.05572,C00360,M-H+O[-],0.000113533229978202
346.05572,C00362,M-H[-],0.00010353323000345
362.05068,C00020,M-H+O[-],5.35332300160007e-05
362.05068,C00144,M-H[-],4.35332299844049e-05
362.05068,C00362,M-H+O[-],5.35332300160007e-05
362.05068,C18239,M-H[-],4.35332299844049e-05
191.01983,C00036,M+CH3COO[-],0.000635000000016817
191.01983,C00026,M+HCOO[-],0.000685000000004266
191.01983,C00158,M-H[-],0.000106466770034785
191.01983,C00311,M-H[-],0.000106466770034785
191.01983,C00818,M-H2O-H[-],0.000106466770034785
191.01983,C02670,M-H+O[-],9.64667700031896e-05
461.97317,C14864,M+Br[-],0.000530000000026121
461.97317,C14865,M+Br[-],0.000530000000026121
233.0784,C00439,M+CH3COO[-],0.00100499999999215
362.0509,C00020,M-H+O[-],0.000166466769996987
362.0509,C00144,M-H[-],0.000176466770028583
362.0509,C00362,M-H+O[-],0.000166466769996987
362.0509,C18239,M-H[-],0.000176466770028583
183.07734,C05827,M+CH3COO[-],0.00034499999998161
183.07734,C00534,M-H+O[-],0.000193533230003595
91.02193,C00186,M(Cl37)-H[-],0.000306466769984581
91.02193,C00577,M(Cl37)-H[-],0.000306466769984581
91.02193,C01013,M(Cl37)-H[-],0.000306466769984581
91.02193,C00184,M(Cl37)-H[-],0.000306466769984581
91.02193,C00256,M(Cl37)-H[-],0.000306466769984581
611.1446,C00127,M-H[-],0.000123533230066641
174.04083,C00149,M+ACN-H[-],6.1466770006291e-05
174.04083,C01042,M-H[-],6.46677000304408e-06
174.04083,C04281,M+HCOO[-],0.000585000000000946
174.04083,C02237,M+HCOO[-],0.000585000000000946
174.04083,C04282,M+HCOO[-],0.000585000000000946
174.04083,C01879,M+HCOO[-],0.000585000000000946
272.08895,C00881,M+HCOO[-],0.000705000000039036
323.02838,C00105,M-H[-],0.000243533229991044
323.02838,C00365,M-H+O[-],0.000253533229965797
362.05079,C00020,M-H+O[-],5.6466769990493e-05
362.05079,C00144,M-H[-],6.64667700220889e-05
362.05079,C00362,M-H+O[-],5.6466769990493e-05
362.05079,C18239,M-H[-],6.64667700220889e-05
88.04019,C00099,M-H[-],0.000233533230016292
88.04019,C00041,M-H[-],0.000233533230016292
88.04019,C00213,M-H[-],0.000233533230016292
88.04019,C01888,M-H+O[-],0.000243533230019466
88.04019,C05665,M-H+O[-],0.000243533230019466
243.08096,C00214,M(Cl37)-H[-],0.000736466770007382
243.08096,C00475,M(C13)-H[-],0.000663533229982249
243.08096,C00120,M-H[-],3.64667700125665e-05
243.06185,C00299,M-H[-],0.000373533230003886
243.06185,C00526,M-H+O[-],0.00038353323000706
170.00457,C00155,M+Cl[-],0.000270000000000437
462.06686,C03794,M-H[-],0.000136466770015886
342.0885,C00170,M+HCOO[-],0.00125499999995782
342.0885,C04079,M+Na-2H[-],0.00115293354002688
191.01986,C00036,M+CH3COO[-],0.000664999999997917
191.01986,C00026,M+HCOO[-],0.000714999999985366
191.01986,C00158,M-H[-],0.000136466770015886
191.01986,C00311,M-H[-],0.000136466770015886
191.01986,C00818,M-H2O-H[-],0.000136466770015886
191.01986,C02670,M-H+O[-],0.00012646676998429
305.06891,C00127,M-2H[2-],0.000186466770003335
380.98745,C00942,M+K-2H[-],0.000897066459913276
218.10354,C00864,M-H[-],0.000116466770009538
433.10807,C00019,M+Cl[-],0.00196999999997161
321.0493,C14854,M+Cl37[-],0.000299999999981537
321.0493,C00364,M-H[-],2.35332299780566e-05
191.01977,C00036,M+CH3COO[-],0.000574999999997772
191.01977,C00026,M+HCOO[-],0.000624999999985221
191.01977,C00158,M-H[-],4.64667700157406e-05
191.01977,C00311,M-H[-],4.64667700157406e-05
191.01977,C00818,M-H2O-H[-],4.64667700157406e-05
191.01977,C02670,M-H+O[-],3.64667699841448e-05
333.05927,C19562,M-H2O-H[-],0.00024646677002238
243.06214,C00299,M-H[-],8.35332299971014e-05
243.06214,C00526,M-H+O[-],9.35332300002756e-05
243.06214,C19563,M+Na-2H[-],0.00100706646000503
243.06214,C19566,M+Na-2H[-],0.00100706646000503
457.01528,C01344,M+HCOO[-],0.000865000000032978
191.01974,C00036,M+CH3COO[-],0.000545000000016671
191.01974,C00026,M+HCOO[-],0.00059500000000412
191.01974,C00158,M-H[-],1.64667700346399e-05
191.01974,C00311,M-H[-],1.64667700346399e-05
191.01974,C00818,M-H2O-H[-],1.64667700346399e-05
191.01974,C02670,M-H+O[-],6.46677000304408e-06
156.99087,C08276,M+Cl37[-],0.000470000000007076
433.14051,C00427,M+Br81[-],0.000789999999994961
433.14051,C00584,M+Br81[-],0.000789999999994961
433.14051,C00696,M+Br81[-],0.000789999999994961
433.14051,C01312,M+Br81[-],0.000789999999994961
433.14051,C02198,M+Br81[-],0.000789999999994961
433.14051,C04853,M+Br81[-],0.000789999999994961
433.14051,C05960,M+Br81[-],0.000789999999994961
433.14051,C04671,M+Br81[-],0.000789999999994961
606.07393,C00029,M+ACN-H[-],0.000338533229864879
606.07393,C00052,M+ACN-H[-],0.000338533229864879
606.07393,C00043,M-H[-],0.000393533229953391
606.07393,C00203,M-H[-],0.000393533229953391
227.06736,C00526,M-H[-],3.64667700125665e-05
227.06736,C16453,M+Na-2H[-],0.000887066459995367
455.09627,C00061,M-H[-],0.00105353322999235
346.05585,C00020,M-H[-],2.64667700093923e-05
346.05585,C00360,M-H+O[-],1.64667700346399e-05
346.05585,C00362,M-H[-],2.64667700093923e-05
356.10424,C00170,M+CH3COO[-],0.00134499999995796
227.20152,C06424,M-H[-],0.00010353323000345
103.0035,C00022,M-H+O[-],0.000133533230012972
103.0035,C01146,M-H[-],0.000223533229998907
103.0035,C00383,M-H[-],0.000223533229998907
103.0035,C00222,M-H+O[-],0.000133533230012972
103.0035,C00168,M-H[-],0.000223533229998907
103.0035,C00011,M+CH3COO[-],0.000405000000000655
184.98551,C01180,M+Cl37[-],0.000210000000009813
184.98551,C00111,M-H+O[-],0.000123533229981376
184.98551,C00118,M-H+O[-],0.000123533229981376
184.98551,C00197,M-H[-],0.000113533229978202
184.98551,C00631,M-H[-],0.000113533229978202
184.98551,C00227,M+HCOO[-],0.000364999999987958
346.0557,C00020,M-H[-],0.000123533230009798
346.0557,C00360,M-H+O[-],0.00013353322998455
346.0557,C00362,M-H[-],0.000123533230009798
218.1034,C00864,M-H[-],2.35332300064783e-05
229.01191,C00111,M+CH3COO[-],0.000615000000010468
229.01191,C00118,M+CH3COO[-],0.000615000000010468
229.01191,C00117,M-H[-],1.35332300033042e-05
229.01191,C00199,M-H[-],1.35332300033042e-05
229.01191,C00231,M-H[-],1.35332300033042e-05
229.01191,C00620,M-H[-],1.35332300033042e-05
229.01191,C00672,M-H+O[-],7.64667699968413e-05
229.01191,C00673,M-H+O[-],7.64667699968413e-05
229.01191,C00191,M+Cl[-],0.000310000000013133
229.01191,C00618,M+Cl[-],0.000310000000013133
146.08237,C00123,M-H+O[-],0.000136466769987464
146.08237,C00407,M-H+O[-],0.000136466769987464
146.08237,C00555,M+CH3COO[-],0.000675000000001091
305.04481,C20934,M+Cl37[-],0.000490000000013424
521.10421,C22395,M+CH3COO[-],0.000914999999963584
289.03315,C00117,M+CH3COO[-],0.0006549999999379
289.03315,C00199,M+CH3COO[-],0.0006549999999379
289.03315,C00231,M+CH3COO[-],0.0006549999999379
289.03315,C00620,M+CH3COO[-],0.0006549999999379
289.03315,C05382,M-H[-],0.00012646676998429
289.03315,C02985,M+HCOO[-],0.000704999999982192
267.07343,C00294,M-H[-],9.35332300286973e-05
267.07343,C05512,M-H+O[-],0.00010353323000345
267.07343,C20934,M-H[-],0.00130646676996093
346.0558,C00020,M-H[-],2.35332300349e-05
346.0558,C00360,M-H+O[-],3.35332300096525e-05
346.0558,C00362,M-H[-],2.35332300349e-05
247.03933,C02076,M+Cl37[-],0.000570000000010396
88.04053,C00099,M-H[-],0.000106466769992153
88.04053,C00041,M-H[-],0.000106466769992153
88.04053,C00213,M-H[-],0.000106466769992153
88.04053,C01888,M-H+O[-],9.64667699889787e-05
88.04053,C05665,M-H+O[-],9.64667699889787e-05
520.05932,C00504,M+Br[-],0.00131999999996424
135.02992,C00186,M+HCOO[-],0.000574999999997772
135.02992,C00577,M+HCOO[-],0.000574999999997772
135.02992,C03547,M+CH3COO[-],0.000581006000004436
135.02992,C01013,M+HCOO[-],0.000574999999997772
135.02992,C00160,M+CH3COO[-],0.000624999999985221
135.02992,C00184,M+HCOO[-],0.000574999999997772
135.02992,C00256,M+HCOO[-],0.000574999999997772
184.98574,C01180,M+Cl37[-],0.000439999999997553
184.98574,C00111,M-H+O[-],0.000106466770006364
184.98574,C00118,M-H+O[-],0.000106466770006364
184.98574,C00197,M-H[-],0.000116466770009538
184.98574,C00631,M-H[-],0.000116466770009538
184.98574,C00227,M+HCOO[-],0.000594999999975698
588.07447,C00325,M-H[-],0.000453533229915593
424.24703,C06124,M+HCOO[-],0.000584999999944102
135.03137,C00155,M(C13)-H[-],0.000153533229990899
135.03137,C00262,M-H[-],0.00014646677001906
135.03137,C00148,M+Na-2H[-],0.000622933540000759
135.03137,C00763,M+Na-2H[-],0.000622933540000759
323.02859,C00105,M-H[-],3.35332300096525e-05
323.02859,C00365,M-H+O[-],4.35332299844049e-05
130.99859,C00036,M-H[-],3.35332299812308e-05
130.99859,C00122,M-H+O[-],4.35332299844049e-05
259.02254,C00103,M-H[-],0.000116466770009538
259.02254,C00668,M-H[-],0.000116466770009538
259.02254,C01172,M-H[-],0.000116466770009538
259.02254,C00279,M+CH3COO[-],0.000645000000019991
259.02254,C00672,M+HCOO[-],0.00069500000000744
259.02254,C00673,M+HCOO[-],0.00069500000000744
259.02254,C00275,M-H[-],0.000116466770009538
259.02254,C00636,M-H[-],0.000116466770009538
259.02254,C01094,M-H[-],0.000116466770009538
259.02254,C02985,M-H+O[-],0.000106466770034785
259.02254,C00085,M-H[-],0.000116466770009538
259.02254,C00446,M-H[-],0.000116466770009538
259.02254,C01097,M-H[-],0.000116466770009538
259.02254,C00092,M-H[-],0.000116466770009538
259.02254,C03862,M-H[-],9.79407699901458e-05
259.02254,C04006,M-H[-],0.000116466770009538
259.02254,C01177,M-H[-],0.000116466770009538
259.02254,C03546,M-H[-],0.000116466770009538
151.02686,C00262,M-H+O[-],0.000726466770004208
151.02686,C00385,M-H[-],0.000736466770007382
151.02686,C16622,M+Cl[-],0.000640000000004193
151.02686,C21754,M+HCOO[-],8.50000000127693e-05
151.02686,C21943,M+HCOO[-],8.50000000127693e-05
362.050685,C00020,M-H+O[-],4.85332300286245e-05
362.050685,C00144,M-H[-],3.85332299970287e-05
362.050685,C00362,M-H+O[-],4.85332300286245e-05
362.050685,C18239,M-H[-],3.85332299970287e-05
606.07427,C00029,M+ACN-H[-],1.46677007251128e-06
606.07427,C00052,M+ACN-H[-],1.46677007251128e-06
606.07427,C00043,M-H[-],5.35332300160007e-05
606.07427,C00203,M-H[-],5.35332300160007e-05
259.11183,C00831,M-H2O-H[-],0.000293533229978493
288.03514,C07535,M+K-2H[-],0.000292933540038121
288.03514,C19574,M+Br[-],0.000440000000025975
117.01935,C00042,M-H[-],2.64667699951815e-05
117.01935,C02170,M-H[-],2.64667699951815e-05
117.01935,C00232,M-H+O[-],1.64667699920074e-05
117.01935,C00109,M-H+O[-],1.64667699920074e-05
117.01935,C00164,M-H+O[-],1.64667699920074e-05
117.01935,C00349,M-H+O[-],1.64667699920074e-05
117.01935,C06002,M-H+O[-],1.64667699920074e-05
134.04718,C00147,M-H[-],4.35332299844049e-05
229.01179,C00111,M+CH3COO[-],0.0004950000000008
229.01179,C00118,M+CH3COO[-],0.0004950000000008
229.01179,C00117,M-H[-],0.000133533230012972
229.01179,C00199,M-H[-],0.000133533230012972
229.01179,C00231,M-H[-],0.000133533230012972
229.01179,C00620,M-H[-],0.000133533230012972
229.01179,C00672,M-H+O[-],4.35332300128266e-05
229.01179,C00673,M-H+O[-],4.35332300128266e-05
229.01179,C00191,M+Cl[-],0.000190000000003465
229.01179,C00618,M+Cl[-],0.000190000000003465
322.04448,C00055,M-H[-],0.000143533229959303
322.04448,C00239,M-H+O[-],5.35332299591573e-05
201.02274,C01036,M(Cl37)-H[-],0.000716466770001034
201.02274,C01061,M(Cl37)-H[-],0.000716466770001034
305.04466,C20934,M+Cl37[-],0.000639999999975771
322.04455,C00055,M-H[-],7.35332299655056e-05
322.04455,C00239,M-H+O[-],1.64667700346399e-05
346.05575,C00020,M-H[-],7.3533230022349e-05
346.05575,C00360,M-H+O[-],8.35332299971014e-05
346.05575,C00362,M-H[-],7.3533230022349e-05
259.02239,C00103,M-H[-],3.35332300096525e-05
259.02239,C00668,M-H[-],3.35332300096525e-05
259.02239,C01172,M-H[-],3.35332300096525e-05
259.02239,C00279,M+CH3COO[-],0.0004950000000008
259.02239,C00672,M+HCOO[-],0.000544999999988249
259.02239,C00673,M+HCOO[-],0.000544999999988249
259.02239,C00275,M-H[-],3.35332300096525e-05
259.02239,C00636,M-H[-],3.35332300096525e-05
259.02239,C01094,M-H[-],3.35332300096525e-05
259.02239,C02985,M-H+O[-],4.35332299844049e-05
259.02239,C00085,M-H[-],3.35332300096525e-05
259.02239,C00446,M-H[-],3.35332300096525e-05
259.02239,C01097,M-H[-],3.35332300096525e-05
259.02239,C00092,M-H[-],3.35332300096525e-05
259.02239,C03862,M-H[-],5.20592300290446e-05
259.02239,C04006,M-H[-],3.35332300096525e-05
259.02239,C01177,M-H[-],3.35332300096525e-05
259.02239,C03546,M-H[-],3.35332300096525e-05
282.08426,C00212,M-H+O[-],0.000173533229997247
282.08426,C00330,M-H+O[-],0.000173533229997247
282.08426,C00387,M-H[-],0.000163533230022495
282.08426,C00835,M+HCOO[-],0.000414999999975407
282.08426,C03684,M+HCOO[-],0.000414999999975407
391.57116,C00016,M-2H[2-],0.000113533229978202
180.06666,C00082,M-H[-],3.64667700125665e-05
180.06666,C00079,M-H+O[-],2.64667700093923e-05
180.06666,C00398,M+Na-2H[-],0.000787066459992047
296.08238,C00170,M-H[-],5.6466769990493e-05
293.11411,C05643,M+HCOO[-],0.000364999999987958
245.04331,C02076,M+Cl[-],0.000409999999988031
243.06216,C00299,M-H[-],6.35332299907532e-05
243.06216,C00526,M-H+O[-],7.35332299939273e-05
243.06216,C19563,M+Na-2H[-],0.000987066459998687
243.06216,C19566,M+Na-2H[-],0.000987066459998687
401.02569,C04734,M+Cl[-],0.000910000000033051
427.12666,C00448,M+HCOO[-],0.00198499999999058
586.31357,C03428,M(C13)-H[-],0.00135353323003073
709.1148,C00003,M+HCOO[-],0.000254999999924621
349.12568,C00270,M+ACN-H[-],0.000411466770003699
218.10339,C00864,M-H[-],3.35332300096525e-05
555.27192,C05951,M+CH3COO[-],0.00207499999999072
191.01979,C00036,M+CH3COO[-],0.00059500000000412
191.01979,C00026,M+HCOO[-],0.000644999999991569
191.01979,C00158,M-H[-],6.64667700220889e-05
191.01979,C00311,M-H[-],6.64667700220889e-05
191.01979,C00818,M-H2O-H[-],6.64667700220889e-05
191.01979,C02670,M-H+O[-],5.6466769990493e-05
184.0438,C00847,M(Cl37)-H[-],0.000676466770016759
203.04978,C02291,M-H2O-H[-],0.000256466770025554
135.03135,C00155,M(C13)-H[-],0.000173533229997247
135.03135,C00262,M-H[-],0.000126466770012712
135.03135,C00148,M+Na-2H[-],0.00060293353999441
135.03135,C00763,M+Na-2H[-],0.00060293353999441
279.23302,C01595,M-H[-],9.64667700031896e-05
611.14466,C00127,M-H[-],6.35332299907532e-05
293.11418,C05643,M+HCOO[-],0.000434999999981756
500.278,C01921,M+Cl[-],9.99999999748979e-05
253.98128,C00954,M+Br[-],0.000320000000016307
253.98128,C05634,M+Br[-],0.000320000000016307
255.23278,C00249,M-H[-],0.000143533230016146
323.02857,C00105,M-H[-],5.35332300160007e-05
323.02857,C00365,M-H+O[-],6.35332299907532e-05
212.03319,C00093,M+ACN-H[-],0.000221466770000234
331.13323,C19489,M+CH3COO[-],0.000164999999981319
331.13323,C19561,M+CH3COO[-],0.000164999999981319
331.13323,C19604,M+CH3COO[-],0.000164999999981319
573.11516,C21384,M(C13)-H[-],0.00166353323015755
655.10851,C11278,M+Na-2H[-],0.00103706645995771
282.08437,C00212,M-H+O[-],6.35332299907532e-05
282.08437,C00330,M-H+O[-],6.35332299907532e-05
282.08437,C00387,M-H[-],5.35332300160007e-05
282.08437,C00835,M+HCOO[-],0.000524999999981901
282.08437,C03684,M+HCOO[-],0.000524999999981901
445.05278,C05673,M-H+O[-],0.000353533229997538
445.05278,C00570,M-H[-],0.000343533230022786
184.04386,C00847,M(Cl37)-H[-],0.000736466770007382
353.04884,C04677,M-H+O[-],0.00159353322999323
237.08806,C00355,M+ACN-H[-],8.53322998750627e-06
237.08806,C07501,M-H[-],6.35332299907532e-05
134.0473,C00147,M-H[-],7.6466770025263e-05
271.22756,C00249,M-H+O[-],0.000273533230028988
146.08241,C00123,M-H+O[-],0.000176466770000161
146.08241,C00407,M-H+O[-],0.000176466770000161
146.08241,C00555,M+CH3COO[-],0.000715000000013788
170.00439,C00155,M+Cl[-],9.00000000001455e-05
184.99198,C00073,M+K-2H[-],3.29335400124364e-05
267.07378,C00294,M-H[-],0.000256466769997132
267.07378,C05512,M-H+O[-],0.00024646677002238
267.07378,C21015,M+Cl[-],0.0010199999999827
225.088,C05636,M+HCOO[-],0.000454999999988104
225.088,C05638,M+HCOO[-],0.000454999999988104
225.088,C00931,M-H[-],0.000123533230009798
301.21713,C04742,M-H2O-H[-],9.35332299718539e-05
301.21713,C04805,M-H2O-H[-],9.35332299718539e-05
301.21713,C14748,M-H2O-H[-],9.35332299718539e-05
301.21713,C14749,M-H2O-H[-],9.35332299718539e-05
301.21713,C14768,M-H2O-H[-],9.35332299718539e-05
301.21713,C14769,M-H2O-H[-],9.35332299718539e-05
301.21713,C14770,M-H2O-H[-],9.35332299718539e-05
301.21713,C14771,M-H2O-H[-],9.35332299718539e-05
301.21713,C14777,M-H2O-H[-],9.35332299718539e-05
301.21713,C00473,M-H+O[-],0.000203533229978348
301.21713,C00899,M-H+O[-],0.000203533229978348
301.21713,C16682,M-H+O[-],0.000203533229978348
301.21713,C06428,M-H[-],0.000193533230003595
192.04883,C05635,M(Cl37)-H[-],0.000706466770026282
192.04883,C16596,M(Cl37)-H[-],0.000706466770026282
128.03545,C00022,M+ACN-H[-],0.000181466769987537
128.03545,C00025,M-H2O-H[-],0.000126466770012712
128.03545,C00222,M+ACN-H[-],0.000181466769987537
128.03545,C03912,M-H+O[-],0.000116466769981116
128.03545,C03564,M-H+O[-],0.000116466769981116
128.03545,C04281,M-H[-],0.000126466770012712
128.03545,C05938,M-H2O-H[-],0.000126466770012712
128.03545,C00217,M-H2O-H[-],0.000126466770012712
128.03545,C02237,M-H[-],0.000126466770012712
128.03545,C04282,M-H[-],0.000126466770012712
128.03545,C01879,M-H[-],0.000126466770012712
184.04384,C00847,M(Cl37)-H[-],0.000716466770001034
185.02785,C05580,M(Cl37)-H[-],0.000726466770004208
185.02785,C04409,M(C13)-H[-],0.000673533229985424
281.24855,C00712,M-H[-],7.35332299655056e-05
192.04889,C05635,M(Cl37)-H[-],0.000766466770016905
192.04889,C16596,M(Cl37)-H[-],0.000766466770016905
401.07873,C04352,M-H[-],0.000193533230003595
289.08622,C00120,M+HCOO[-],0.000375000000019554
293.11425,C05643,M+HCOO[-],0.000505000000032396
313.11294,C05401,M+CH3COO[-],0.000555000000019845
354.04488,C17267,M-H+O[-],0.00134646676997363
74.00726,C00283,M+ACN-H[-],0.000291466770008242
536.08455,C16238,M(S34)-H[-],2.64667700093923e-05
536.08455,C16238,M(Cl37)-H[-],0.00137353322998024
386.21173,C05011,M-H[-],0.000793533230023513
386.21173,C16544,M-H[-],0.000793533230023513
386.21173,C16545,M-H[-],0.000793533230023513
386.21173,C07108,M-H+O[-],0.000803533229998266
281.24839,C00712,M-H[-],0.000233533230016292
689.17154,C21284,M-H2O-H[-],0.00111646676998589
784.14973,C00016,M-H[-],9.35332300286973e-05
357.08779,C01134,M-H[-],0.00133353323002439
357.08779,C04079,M+Cl[-],0.00101000000000795
145.06202,C00064,M-H[-],0.000196466770006509
145.06202,C21029,M-H[-],0.000196466770006509
145.06202,C00065,M+ACN-H[-],0.000151466770006436
145.06202,C00740,M+ACN-H[-],0.000151466770006436
145.06202,C00819,M-H[-],0.000196466770006509
212.06144,C00327,M+Cl37[-],0.000159999999993943
212.06144,C20239,M(Cl37)-H[-],0.00101646677001099
243.06224,C00299,M-H[-],1.64667700062182e-05
243.06224,C00526,M-H+O[-],6.46677000304408e-06
243.06224,C19563,M+Na-2H[-],0.000907066460001715
243.06224,C19566,M+Na-2H[-],0.000907066460001715
329.0813,C14854,M+HCOO[-],4.50000000569162e-05
167.0462,C00153,M+HCOO[-],0.000554999999991423
167.0462,C05842,M-H+O[-],3.35332300096525e-05
167.0462,C05843,M-H+O[-],3.35332300096525e-05
372.1957,C16546,M-H+O[-],0.00123353322999264
372.1957,C16547,M-H[-],0.00122353323001789
372.1957,C16549,M-H[-],0.00122353323001789
311.22329,C04717,M-H[-],0.000466466770035368
311.22329,C14825,M-H+O[-],0.000556466770035513
311.22329,C14826,M-H+O[-],0.000556466770035513
218.10335,C00864,M-H[-],7.35332299939273e-05
313.08644,C14556,M+HCOO[-],5.00000004421963e-06
313.08644,C14849,M+HCOO[-],5.00000004421963e-06
313.08644,C14850,M+HCOO[-],5.00000004421963e-06
313.08644,C14851,M+HCOO[-],5.00000004421963e-06
192.04881,C05635,M(Cl37)-H[-],0.000686466770019933
192.04881,C16596,M(Cl37)-H[-],0.000686466770019933
279.23277,C01595,M-H[-],0.000153533229990899
306.07643,C00051,M-H[-],9.35332299718539e-05
353.16923,C16677,M+Cl37[-],0.000469999999950232
353.16923,C16679,M+Cl37[-],0.000469999999950232
353.16923,C16680,M+Cl37[-],0.000469999999950232
588.07497,C00325,M-H[-],4.6466770072584e-05
171.00642,C00093,M-H[-],3.53323000013006e-06
426.02215,C00008,M-H[-],2.64667700093923e-05
426.02215,C00054,M-H[-],2.64667700093923e-05
426.02215,C00206,M-H+O[-],1.64667700346399e-05
426.02215,C00361,M-H[-],2.64667700093923e-05
343.0201,C00055,M+Na-2H[-],0.000752933540013601
588.0751,C00325,M-H[-],0.000176466770085426
