{
 "nodes": [
 {
 "id": "Fructose and mannose metabolism",
"label": "Fructose and mannose metabolism",
"size": 22.76285,
"color": "#FF0000",
"x": -0.4911215,
"y": -0.3764016 
},
{
 "id": "Glutathione metabolism",
"label": "Glutathione metabolism",
"size": 22.76285,
"color": "#FF8000",
"x": 0.256504,
"y":  1.18714 
},
{
 "id": "Amino sugar and nucleotide sugar metabolism",
"label": "Amino sugar and nucleotide sugar metabolism",
"size": 10.87402,
"color": "#FFFF00",
"x": 1.236758,
"y": -0.2420933 
} 
],
"edges": [ {
 "id": "1" 
},
{
 "id": "0" 
} ] 
}