"","total","expected","hits","Raw p","Holm p","FDR"
"Pentose and glucuronate interconversions",3,0.57,3,0.0063,0.504,0.468
"Amino sugar and nucleotide sugar metabolism",4,0.759,3,0.0219,1,0.468
"Purine metabolism",10,1.9,5,0.0224,1,0.468
"Galactose metabolism",2,0.38,2,0.0351,1,0.468
"Ascorbate and aldarate metabolism",2,0.38,2,0.0351,1,0.468
"Alanine, aspartate and glutamate metabolism",2,0.38,2,0.0351,1,0.468
"Pyrimidine metabolism",5,0.949,3,0.0476,1,0.544
"Pentose phosphate pathway",3,0.57,2,0.0926,1,0.741
"Arginine and proline metabolism",3,0.57,2,0.0926,1,0.741
"Glutathione metabolism",3,0.57,2,0.0926,1,0.741
"Glycerophospholipid metabolism",4,0.759,2,0.163,1,0.759
"Citrate cycle (TCA cycle)",1,0.19,1,0.19,1,0.759
"Fatty acid degradation",1,0.19,1,0.19,1,0.759
"Arginine biosynthesis",1,0.19,1,0.19,1,0.759
"Tryptophan metabolism",1,0.19,1,0.19,1,0.759
"Starch and sucrose metabolism",1,0.19,1,0.19,1,0.759
"Ether lipid metabolism",1,0.19,1,0.19,1,0.759
"Glyoxylate and dicarboxylate metabolism",1,0.19,1,0.19,1,0.759
"Nicotinate and nicotinamide metabolism",1,0.19,1,0.19,1,0.759
"Pantothenate and CoA biosynthesis",1,0.19,1,0.19,1,0.759
