{
 "nodes": [
 {
 "id": "Pentose and glucuronate interconversions",
"label": "Pentose and glucuronate interconversions",
"size": 8.263158,
"color": "#FF0000",
"x": -1.708177,
"y": 3.162809 
},
{
 "id": "Amino sugar and nucleotide sugar metabolism",
"label": "Amino sugar and nucleotide sugar metabolism",
"size": 6.952569,
"color": "#FF1200",
"x": -3.417954,
"y": -0.341198 
},
{
 "id": "Purine metabolism",
"label": "Purine metabolism",
"size": 5.631579,
"color": "#FF2400",
"x": -1.104575,
"y": -2.943856 
},
{
 "id": "Galactose metabolism",
"label": "Galactose metabolism",
"size": 8.263158,
"color": "#FF3700",
"x": 2.865305,
"y": 2.051309 
},
{
 "id": "Ascorbate and aldarate metabolism",
"label": "Ascorbate and aldarate metabolism",
"size": 8.263158,
"color": "#FF4900",
"x": -0.09162054,
"y": 3.631634 
},
{
 "id": "Alanine, aspartate and glutamate metabolism",
"label": "Alanine, aspartate and glutamate metabolism",
"size": 8.263158,
"color": "#FF5B00",
"x": -3.002804,
"y": 1.962609 
},
{
 "id": "Pyrimidine metabolism",
"label": "Pyrimidine metabolism",
"size": 6.161222,
"color": "#FF6D00",
"x": 1.555265,
"y": -0.9918127 
},
{
 "id": "Pentose phosphate pathway",
"label": "Pentose phosphate pathway",
"size": 6.508772,
"color": "#FF8000",
"x": 3.397139,
"y": 0.4621152 
},
{
 "id": "Arginine and proline metabolism",
"label": "Arginine and proline metabolism",
"size": 6.508772,
"color": "#FF9200",
"x": -0.1329614,
"y": -1.588036 
},
{
 "id": "Glutathione metabolism",
"label": "Glutathione metabolism",
"size": 6.508772,
"color": "#FFA400",
"x": 1.712676,
"y": 3.260057 
},
{
 "id": "Glycerophospholipid metabolism",
"label": "Glycerophospholipid metabolism",
"size": 5.635046,
"color": "#FFB600",
"x": 2.053657,
"y": -2.504284 
},
{
 "id": "Citrate cycle (TCA cycle)",
"label": "Citrate cycle (TCA cycle)",
"size": 8.263158,
"color": "#FFC800",
"x": -2.539744,
"y": -2.073919 
},
{
 "id": "Fatty acid degradation",
"label": "Fatty acid degradation",
"size": 8.263158,
"color": "#FFDB00",
"x": 0.5589042,
"y": -3.073008 
},
{
 "id": "Arginine biosynthesis",
"label": "Arginine biosynthesis",
"size": 8.263158,
"color": "#FFED00",
"x": -0.08112069,
"y": 0.2705287 
},
{
 "id": "Tryptophan metabolism",
"label": "Tryptophan metabolism",
"size": 8.263158,
"color": "#FFFF00",
"x": -1.728059,
"y": -0.8486891 
},
{
 "id": "Starch and sucrose metabolism",
"label": "Starch and sucrose metabolism",
"size": 8.263158,
"color": "#FFFF19",
"x": 3.144805,
"y": -1.130599 
},
{
 "id": "Ether lipid metabolism",
"label": "Ether lipid metabolism",
"size": 8.263158,
"color": "#FFFF4D",
"x": -0.9976524,
"y":  1.81973 
},
{
 "id": "Glyoxylate and dicarboxylate metabolism",
"label": "Glyoxylate and dicarboxylate metabolism",
"size": 8.263158,
"color": "#FFFF80",
"x": 1.804748,
"y": 0.7589334 
},
{
 "id": "Nicotinate and nicotinamide metabolism",
"label": "Nicotinate and nicotinamide metabolism",
"size": 8.263158,
"color": "#FFFFB3",
"x": -2.375411,
"y": 0.7076269 
},
{
 "id": "Pantothenate and CoA biosynthesis",
"label": "Pantothenate and CoA biosynthesis",
"size": 8.263158,
"color": "#FFFFE6",
"x": 0.7214269,
"y": 2.169245 
} 
],
"edges": [ {
 "id": "1" 
},
{
 "id": "0" 
} ] 
}