"Query","Match","HMDB","PubChem","KEGG","SMILES","Comment"
"C04230","CE(22:5(7Z,10Z,13Z,16Z,19Z))","HMDB0010375","24779458","C04230","CC\C=C/C\C=C/C\C=C/C\C=C/C\C=C/CCCCCC(=O)O[C@H]1CC[C@]2(C)C3CC[C@]4(C)C(CCC4C3CC=C2C1)[C@H](C)CCCC(C)C","1"
"C00364","5-Thymidylic acid","HMDB0001227","9700","C00364","CC1=CN([C@H]2C[C@H](O)[C@@H](COP(O)(O)=O)O2)C(=O)NC1=O","1"
"C03889","NA","NA","NA","NA","NA","0"
"C19434","NA","NA","NA","NA","NA","0"
"C02990","Palmitoylcarnitine","HMDB0000222","11953816","C02990","CCCCCCCCCCCCCCCC(=O)O[C@H](CC(O)=O)C[N+](C)(C)C","1"
"C02301","O-Acylcarnitine",NA,"5355","C02301",NA,"1"
"C06525","Gentianine","HMDB0303030","354616","C06525","C=CC1=C2CCOC(=O)C2=CN=C1","1"
