"p.value","m.z","t.score"
1.03783551865744e-08,760.25703,-43.2086660115311
6.94955307435544e-08,289.03315,-31.9647187613024
2.47487256692678e-07,232.15434,-39.2650880830377
2.75895048124141e-07,245.024,29.3633211024711
3.46327352934937e-07,491.05466,28.3820397694234
4.28787709149582e-07,613.15908,-23.4503395305046
5.49945035067487e-07,513.03661,25.4513772021668
5.54703147286004e-07,476.14419,22.1628316576699
8.38940325876709e-07,495.13959,23.4727111287274
8.74907654733061e-07,708.16119,20.6572837067045
9.0356643555549e-07,246.03007,21.1995916453897
9.77031529625861e-07,440.09969,-32.1511406810304
1.02187917754637e-06,444.03145,21.1307615888895
1.11714650108568e-06,454.38868,19.8405728084738
1.12098976891253e-06,412.3432,19.6756948869382
1.27847063257102e-06,366.09623,19.423539479849
1.28262603571218e-06,201.03392,20.7112230225005
1.34082920774171e-06,298.05382,19.8770226253671
1.41677529912744e-06,270.06004,21.2387041300489
1.46845983885313e-06,293.09806,18.7957892231699
1.47318102384794e-06,396.10714,19.122785448903
1.58167410526021e-06,559.10535,18.7688505999803
1.59570322334848e-06,174.02184,21.7819076999994
1.76935743249205e-06,330.07524,20.7274666508079
1.80216245904971e-06,396.10729,18.9056568166955
1.83075729582626e-06,298.57031,-24.1322290560113
1.89871860835343e-06,252.94584,18.3845530885146
2.01110702475195e-06,444.03971,18.4726384178039
2.11346915317502e-06,578.11745,17.6668793450084
2.17055890474856e-06,461.09893,19.4061434348074
2.21329330198978e-06,577.13205,17.527677541226
2.24345947448141e-06,588.07455,18.7596527737155
2.29347107825886e-06,556.10181,17.6421591328343
2.42234234441444e-06,489.11439,19.9580431858339
2.46693387683895e-06,619.28861,-19.9270913376298
2.4801068204684e-06,443.03215,17.8545827366382
2.53639511972133e-06,296.92531,19.3731813601876
2.57697528335094e-06,167.04631,22.8571495643972
2.59068045865366e-06,251.06942,17.1067069904362
2.71290922455322e-06,440.37336,21.7631064933809
2.73970826643775e-06,412.84456,20.9701460346499
2.81200948499932e-06,176.03748,16.8782387944888
2.81385104266839e-06,447.11988,20.2591254948699
2.89983207724303e-06,370.07334,18.1909689779805
2.91935002317032e-06,379.11795,27.2505583559149
3.00220031941706e-06,424.34289,17.1158164339558
3.17575441051646e-06,262.07476,17.0790904622162
3.17915474996533e-06,269.02025,17.9223374643423
3.21045560178255e-06,793.01812,20.5685118367724
3.35731489198775e-06,412.34241,16.8787993280156
3.41594735575325e-06,414.3576,22.5553967702474
3.42964107246597e-06,289.16207,-20.4006073424166
3.4400137692778e-06,779.79262,-33.0317531482486
3.48936563882484e-06,233.14963,-19.3766733736957
3.64085695444328e-06,273.99767,21.2103081012771
3.66010174953447e-06,247.03843,17.2585158144984
3.72939167818635e-06,445.04617,16.6353835858678
3.74104077946401e-06,247.03814,17.6603756384853
3.77012501505895e-06,427.09499,17.1120123510321
3.83247219464679e-06,346.1179,16.0960583195004
3.85044151876781e-06,126.0009,20.4547806538817
3.89155429875037e-06,416.09311,15.9799389189344
4.00301119785794e-06,144.01141,18.0377670856061
4.03573783817706e-06,443.03243,18.0267380499119
4.12472131927015e-06,400.34193,15.8799402386574
4.19544679726978e-06,346.05585,-15.8259827990634
4.24486493682047e-06,440.37298,17.0954110714002
4.46491925215664e-06,509.20742,16.6623985619611
4.49214176303806e-06,418.08758,15.9373689582528
4.53595539546507e-06,237.05382,16.130171374502
4.56639549430877e-06,511.09671,19.7165429818895
4.62447090435963e-06,370.2951,16.6983328208305
4.68140314907646e-06,472.19161,-24.949313647512
4.88188743720234e-06,396.3109,15.4394184137376
4.88932795857433e-06,493.06887,17.5331102614042
4.95662053170797e-06,474.20623,-27.2935125818101
5.0632817211835e-06,229.0279,18.4970964385261
5.24025570714047e-06,408.10717,18.8253627030224
5.40706477872252e-06,263.03274,15.2415680941957
5.4315688997785e-06,350.08357,16.5708098286203
5.43687117505326e-06,344.11053,15.8160415613128
5.68492152999607e-06,544.97395,14.9298765250653
5.80201251181579e-06,489.11431,15.2065737175873
5.88054860581555e-06,355.07403,-16.0950914985007
5.94993503778095e-06,315.23885,14.8573442827345
5.99653627934309e-06,436.16246,17.9766834733983
6.09293135322281e-06,175.11891,14.7997869332403
6.10649336578837e-06,173.02091,14.8371140428341
6.18852319602726e-06,552.10653,15.300034073174
6.4771162900151e-06,346.11818,14.6009148155307
6.6397814595083e-06,332.12748,15.3654360020055
6.93346016215351e-06,305.59622,24.8336776440131
6.93393276330823e-06,261.12658,-33.4737475123055
7.41898532627145e-06,342.26379,21.8178912322121
8.03249247543132e-06,447.12022,20.4285967142462
8.21033123764144e-06,112.05056,18.6745432598527
8.22880483497159e-06,217.02753,15.2545022603829
8.29509451931949e-06,258.18108,14.7804769851164
8.35922301179376e-06,429.05281,19.3235183484191
8.38025451047313e-06,446.13624,15.1833299687228
9.00859909487389e-06,349.23064,14.673674566215
9.30626125207412e-06,584.08874,-13.7242239775392
9.49200415907167e-06,269.02005,19.4427147870216
9.63243301197246e-06,429.37357,14.3992251648235
9.84448421831701e-06,417.10905,14.6264611335874
1.15703627948966e-05,491.05225,14.1869303136483
1.18611326951487e-05,267.06451,17.7376187705375
1.21553090860813e-05,347.02511,-13.3009920555529
1.2188724769345e-05,482.1113,14.4631168923399
1.30853548265187e-05,264.03909,18.006990761938
1.34575260168562e-05,430.20769,-28.7097136257956
1.41216396521367e-05,347.10178,15.3299200155507
1.42049849963347e-05,513.03677,19.0423138547719
1.44789201787299e-05,267.00546,20.204579642639
1.46416199141577e-05,229.02785,21.5526745122348
1.59915488186535e-05,386.32641,19.0278742503008
1.59957801459827e-05,476.22114,-12.5044684506551
1.61851052821527e-05,276.16651,-12.7555598465624
1.62498238134959e-05,597.30428,-26.2249771586514
1.65866315219397e-05,515.05129,20.477384939767
1.6863757654591e-05,371.60483,-14.7376098526638
1.76920280290773e-05,245.02367,12.5505535170549
1.95242097956709e-05,274.14071,-24.3800606173658
1.96917887446789e-05,457.25828,14.2474699013433
2.03849305377749e-05,711.14541,12.6228601071023
2.06283101553199e-05,584.133,-13.8604317387525
2.15273677306069e-05,237.0538,16.1160822037219
2.17138566391945e-05,310.1763,-11.8973769840826
2.2318579672253e-05,358.19078,13.9514097029117
2.39850403809102e-05,266.08355,13.9380421834761
2.42549702230797e-05,219.1338,-11.6421000896073
2.43470817547871e-05,346.07189,11.7549470331177
2.46917624869374e-05,372.31094,29.4466015117088
2.47278056028633e-05,554.08256,12.0842790291355
2.51439842037557e-05,269.01863,17.6350244471207
2.55885723218797e-05,182.08101,13.7900542552083
2.58625338394471e-05,219.04565,23.3787125439808
2.702580024616e-05,366.11151,13.7510202825305
2.71755487427281e-05,364.0819,11.4245075564373
2.8820219651862e-05,579.02661,-12.2586661235657
2.90180557032832e-05,345.03459,21.3675819247824
2.94489843996174e-05,401.29136,-34.3758513093402
3.14650675497105e-05,275.5674,-26.9054079190497
3.22861481065256e-05,405.12334,13.9715989029652
3.23064629336197e-05,344.28023,12.6462305061396
3.4213539824652e-05,706.08318,-11.1054698021647
3.54415481659006e-05,307.08397,-21.8008064420197
3.63966530005245e-05,253.00838,14.040940330455
3.6639142499733e-05,381.13297,21.5762753500157
3.66778571130172e-05,364.09694,11.2783646643549
3.7146693077511e-05,274.187,-12.5350303648394
3.7230661472103e-05,227.01301,12.8697432726449
3.79378509926752e-05,576.10358,11.9346954897809
3.92578975307428e-05,364.08215,11.1351607474513
3.93305555126334e-05,414.35788,22.0520629761233
3.99815671485452e-05,237.05375,13.8396173158128
4.04445278269893e-05,400.06446,11.4382148804936
4.09725736499369e-05,294.1705,-10.7202180828132
4.10419289238768e-05,396.99425,10.6363998191055
4.17705430504105e-05,279.16998,-11.1558459353618
4.240202336556e-05,366.0964,15.7508239768991
4.25799620397629e-05,727.13992,10.9211347179259
4.29844397745908e-05,172.99186,-20.3856333301208
4.30316382947694e-05,740.1872,-11.7068752454743
4.33212873785003e-05,511.09673,22.7517496739781
4.5689413793465e-05,382.10667,13.4244937923581
4.72823586506897e-05,245.12446,13.693535047729
4.81134014774914e-05,130.05006,-26.2418394521429
4.8279187895856e-05,364.08224,11.5619187374629
4.85423031013839e-05,261.01864,10.4143485828157
4.97654277629877e-05,538.12713,-14.5080889644235
5.00235870397478e-05,484.11659,-13.9177134845168
5.01098509363401e-05,243.06185,-10.3050497911547
5.15959898638102e-05,354.16589,-23.7295542011702
5.19290506873691e-05,206.96756,10.2765673198524
5.38882455765332e-05,332.12741,13.4709566699611
5.54152934020494e-05,474.25586,-10.0778309216666
5.60108569784798e-05,173.08077,-32.4790253395384
5.70640088689819e-05,452.27696,-10.0297575818925
5.74018662827717e-05,218.1034,-11.7915269142665
5.84151285012673e-05,218.14997,-32.0953089337367
6.08246119546175e-05,216.05133,12.6600703036513
6.13577461981662e-05,272.0888,11.080218662885
6.1424851532548e-05,369.09388,-11.1964260674499
6.39555131737868e-05,272.08863,11.0188377435541
6.40505971386109e-05,320.08969,24.8853984747969
6.45939613069458e-05,312.98407,19.1985903213752
6.52172925324679e-05,454.38894,10.1179249431834
6.77138295626433e-05,396.10689,12.449650742009
6.77381132877292e-05,568.16607,21.9418593070584
6.82979377108468e-05,518.32153,-9.71531478429469
6.92319220607929e-05,245.02373,10.1164041899168
6.96265161246914e-05,215.06733,9.76549900512294
7.18259939886925e-05,485.09887,13.610745771167
7.20670459651155e-05,349.23055,9.85316821071793
7.32332145766902e-05,323.02861,-13.8083420017696
7.43146928490854e-05,587.0298,-11.7240983215819
7.4477951687887e-05,348.07057,-15.4187571864112
7.48920734704145e-05,258.0736,-10.2804877398905
7.50371935657525e-05,265.15458,-9.78875157031815
8.17998302848118e-05,520.08342,9.41174242425307
8.28646576742334e-05,529.00762,17.2363421273498
8.43282234975863e-05,462.09997,16.6826549291613
8.65909533328588e-05,651.31081,-12.2485605426789
8.70894886707577e-05,706.14703,10.7482434428539
8.75508998461466e-05,496.33987,-9.29873400841145
9.15392570640491e-05,307.08347,-12.8949426729889
9.19826826154498e-05,302.68265,10.0692285161048
9.21334264836176e-05,405.00944,-13.2288396551392
9.31025133512473e-05,611.02458,-9.377195725398
9.31903023358571e-05,361.1832,-9.75981451538385
9.40415619862429e-05,245.02374,12.7062039516843
9.54690591721673e-05,191.01029,-27.8093346623988
9.55900190723117e-05,267.00567,11.9228077652934
9.61652428935001e-05,266.07531,-21.4317369526251
9.68294050393892e-05,305.06891,-10.1236062719154
9.70742047158574e-05,643.28855,-10.7740657890349
9.72987544323313e-05,237.12324,-9.33502513528452
9.73243351937464e-05,516.31414,-21.8057671339267
9.87998509957597e-05,97.02857,-9.21319918574834
9.91296653242547e-05,300.28959,-9.20464711947852
0.000100237506054061,565.0474,-15.5600710778914
0.000100275657202531,478.29403,-9.07884237050076
0.000100413121895506,679.3553,-20.9258917710166
0.000101646703969326,447.06753,17.6263318289078
0.000103324767838875,388.0781,11.8211101537126
0.000104020840598534,215.01312,14.3029841544284
0.00010517959294332,245.12363,13.1316196993039
0.000109089487486953,611.14485,-11.802166424645
0.000109417158421252,440.11675,9.0045906803575
0.000112511920130822,729.17071,9.56152081452321
0.000115742921918276,641.15391,-10.2645617363773
0.000117008076870291,529.00965,10.6578184181788
0.000117649426057005,230.186,12.16631497748
0.000119146939765989,200.05643,-9.04006993037566
0.000119656806407459,191.01982,11.7045936238385
0.000123074870888987,468.30837,-9.50461216499611
0.000123483041004563,491.05492,8.9934206075762
0.000123529608272946,388.07823,12.3583821137775
0.00012383678389423,240.03239,-9.12387480724227
0.000123976220356565,348.06976,12.9893759842824
0.000124944811054821,445.05275,10.9200992519811
0.000125209776728896,384.20508,-12.460955202617
0.000125781127425531,493.12478,9.01205545321639
0.000128939067467082,653.3248,-11.0901450974867
0.0001292980068455,267.13387,-8.67867741372195
0.000129590850311109,90.05502,-8.82174494178044
0.000133882635183308,308.03613,-9.1179783328631
0.000135091801352046,588.07382,11.7407078271138
0.000135616140321726,304.16182,-17.796340431512
0.000137613452870763,693.11901,-8.73566029249566
0.000139021173179401,366.0423,11.7900946359194
0.000144424928861544,364.06536,-9.79300243316407
0.000145005161523508,394.09257,11.198868163277
0.000149137223079462,180.06551,-18.8786113373763
0.000151876250426587,444.12093,9.80041335520906
0.000152767557808899,597.30429,-10.7429134176086
0.000153598999555285,714.81113,-23.8141333257447
0.000154080907830689,135.03135,-8.63796400631501
0.00015787663847283,380.09227,12.0805134601493
0.000157932006219989,464.2785,-8.39263657398571
0.000161980392852766,530.13704,-19.2884284463717
0.000163721729647789,334.10677,13.6104610636445
0.000164301982843818,358.19105,11.4589251148741
0.000164608987249185,474.34805,8.61652636367048
0.000166238825002275,261.14434,8.6279041891674
0.000166925074220288,582.11825,-17.3723126516853
0.000168950730119322,202.10724,-8.64397697410915
0.000170490404941079,369.00761,-8.28751285596223
0.000174043432991439,586.05935,12.7789776087131
0.000175112873927071,360.06075,20.8795052060189
0.000178579377466989,426.36071,15.9606093987779
0.000178594913669013,480.30848,-8.19187692886462
0.000180752578484281,302.06358,10.278425250006
0.000183250741680262,382.07602,11.3616961408902
0.000183844578576471,589.0452,-10.8406282903495
0.000185739438960147,281.11355,-17.9782943554037
0.000191430822427862,245.07682,-9.18436308810193
0.000194210990247074,617.27345,-17.3584116702994
0.000195425374772976,346.04197,-8.1229498215922
0.000204228212095357,482.32392,-8.00296724474273
0.000204413724141767,400.34217,18.2050998447262
0.000205098968859405,694.33776,-18.075742105999
0.0002131309662761,298.06976,11.4845376925845
0.000213700257898509,201.03407,9.23625876946859
0.000218016185383055,358.18503,13.2729907881971
0.000218942426603292,245.02362,9.67247518062172
0.000219662418828511,586.32023,-16.4274443886592
0.000220547346299611,375.14406,12.0194969166126
0.000224328524908034,565.04795,-15.2361934743219
0.000225070036349176,571.28866,-10.5284394155502
0.000225486195132974,454.29284,-8.48096057076343
0.000230770361774407,201.12331,-17.3434303568614
0.000238709191002817,347.02509,-9.75216975233502
0.000250415129911913,301.1691,11.0239020762702
0.000251315787366544,395.07376,-15.748283949954
0.000253156399927231,229.01191,8.0176463564054
0.000257421972506214,171.00642,8.58048878903427
0.000261859263383137,264.92618,11.7972588659627
0.000262935429349093,218.10354,-9.95493620584029
0.000262963208209345,362.05068,-8.5232353283082
0.000264637641731567,348.07037,-7.62855681754022
0.000265732923724137,384.71828,9.16502878710553
0.000265894252799766,535.01816,8.97314036785771
0.000269805112080611,442.1311,11.0262399314457
0.000269930979070542,112.05061,-7.93934929917001
0.000270521043067612,204.98126,-13.8128281900851
0.000270631359505113,128.03537,8.26514013354729
0.000271616990212123,729.15494,12.4265993214568
0.000276729177052475,184.09668,-9.40886791335072
0.000277913371599852,314.59968,11.6353665112216
0.000281028085046689,245.06109,8.99861653868147
0.000291118430675873,394.09249,12.6486714585435
0.000297556101689932,381.19798,10.5021919945038
0.000301450712699967,144.10335,13.4047334985936
0.000306543514802377,370.05232,-8.78246337311213
0.000306759256958736,484.11678,-19.0202092877494
0.000308275530652583,317.18925,7.41959457547983
0.000308685797723645,230.96409,9.47152157068002
0.000314482905501371,289.13305,11.4448698152835
0.000316283500796025,293.93986,7.67026212420852
0.000318365818121687,373.2142,-7.38828675227747
0.000319983832317492,353.05944,-9.42234467259735
0.000321432753232484,123.05651,9.56214974619718
0.000324287558346027,149.02366,-7.48938291478732
0.000329604688727388,640.46414,-7.916669354404
0.000332990489593523,639.1395,-14.5895408773846
0.000336179083817676,745.42006,-8.64168010546311
0.000337366814444966,160.0427,-9.95980278687533
0.000337533397459939,316.09711,11.9813456970583
0.000341812923784725,331.03585,10.3916292986019
0.000342105503743712,364.08178,8.93744066653392
0.000345559346318994,518.32048,-11.7222011656106
0.000351523150263067,343.0201,7.28822589345291
0.000355635189359332,370.05223,-7.34581553117388
0.000357866547572845,307.11146,9.28332244612867
0.000363002744589425,216.17052,10.7242815372737
0.000369328755081616,714.64516,-17.9279312295859
0.000375334339706558,496.33956,-7.8514230518089
0.000375925278122021,276.06999,11.7643008056162
0.000382928032289499,426.35767,12.5917553066234
0.00039482194773061,184.07343,-7.09858197840452
0.0003988260479921,245.02369,9.22654017757523
0.000415272755397351,217.11927,-7.21970985683658
0.000416494370269978,401.02569,13.006887920622
0.000423766592937525,507.95123,-8.29642957271484
0.000425977640685952,720.33315,-9.58091604229861
0.000426339051395664,278.05491,-15.0199301889089
0.000427057748216293,552.10725,8.59379372602107
0.000429016523915584,130.04994,16.0822238396271
0.000429148787133538,544.9742,9.85322426910042
0.000431321204764456,296.03815,-7.02919101265837
0.000432743007060614,137.04592,-7.11170204517391
0.000433941111066323,700.48499,-7.30118594950773
0.000447443811079196,382.10011,15.7595599256028
0.000448146451987585,554.34641,-7.39806188958502
0.00045010780367859,303.1737,-15.5380723080728
0.000463250015127032,522.35525,-6.88547689973055
0.000470831778187614,522.09814,9.68528825570569
0.000473426855965909,428.11321,-7.22590191252815
0.000476102518454627,289.03317,-7.53418538192972
0.000484211899908288,246.15598,-6.84195549481909
0.000488102519260947,347.07345,6.88153564403095
0.000496132994808085,267.13381,-8.45703473658396
0.000496225721023721,442.35335,9.7186437857372
0.000496509881331532,535.01909,8.78146275524288
0.000496586696356028,317.18911,-15.0066893772405
0.000498967078219428,272.08895,-7.289339457643
0.000502965987049394,481.12226,9.3585127139976
0.000505514442560932,544.33717,-6.84707098500842
0.000505726985820607,388.20131,10.2616564311889
0.000509496640081071,329.15279,-14.1954536936507
0.00051427286837365,247.24195,7.62033764464682
0.000536995808343104,380.16664,9.3608855543154
0.000537809718504607,244.09246,-7.74997368164768
0.000545780332541487,357.27999,-13.004336756269
0.000548672415569535,404.07419,9.87783849304839
0.000552958246302471,282.27903,6.75445665128774
0.000563096377862431,406.09244,12.1774880121366
0.000567130911544196,482.10188,-6.82701167331728
0.000584793156788564,556.10132,10.9208916255379
0.000590502024056928,258.07373,-6.78605030078555
0.000591306363136858,274.18355,-14.3464469076048
0.000604027407500228,402.96924,-9.18695317909895
0.000606274087893831,302.08017,10.8237426425466
0.000609329151633897,479.10726,12.7594139753377
0.000611776350939685,176.03738,9.49203201235116
0.000626137684389246,382.09163,11.3455764985559
0.000633776511700855,523.2745,-7.86312837189614
0.000639083346347399,746.4251,-14.8925658132489
0.000640195511754552,361.03324,-13.0817145269712
0.000641884462487527,386.71596,8.06065641513611
0.000643410602270548,621.3042,-11.1792811360114
0.000646531466340589,426.25906,-7.72103041062282
0.000646926740429287,348.07065,-6.54423776852328
0.000656301189774107,495.08605,8.31150723513417
0.000666416289479972,367.07918,-8.05067221089708
0.000686437514188883,569.27305,-7.66081744648122
0.000697575595156557,364.02806,7.08681060609568
0.000704060386186557,388.15531,-6.84025228528449
0.000724889069597073,525.24872,-7.75334815266884
0.00072758321009708,482.32396,-6.35697064479282
0.000736835493243262,384.20484,-6.44732200252263
0.000739467535391512,124.99981,-6.38611832210503
0.000742519123028781,415.0945,12.8236576619558
0.000752578845223261,416.22701,-13.260093265202
0.00076147668263852,459.08315,11.9979497225809
0.000765968600786225,198.03723,-7.53699472461602
0.000769126407927857,445.1052,12.5697152995934
0.00076980980039548,267.06146,9.30670719826441
0.000773730253631505,524.37074,-6.29568692973767
0.000781743511234641,355.07393,-13.9741895818381
0.000786535414088199,383.211,9.64311481196114
0.000809590598154842,508.33855,-6.91325745438984
0.000813229248964947,190.01823,8.38333763833715
0.000818409457104792,684.13934,-6.2217440576946
0.000823554825664637,507.10177,-12.728931505359
0.00082978153608261,277.56478,10.0407660662838
0.000841694845945088,275.17118,-7.56653195423817
0.000847505578237446,452.27704,-6.2682216235243
0.000850496806349526,257.05905,-7.38776020262049
0.00085694760534873,293.11418,-6.19651377663189
0.00085846368501134,263.13422,8.99849122400663
0.000864127975627085,480.30817,-7.128029200197
0.000882333091522781,392.03448,-6.10345986574107
0.000895264264789478,563.55076,8.34707419284976
0.0009049053111498,402.05987,8.07244630697316
0.000905009303122765,253.11815,-6.75583498827752
0.000912211060468703,201.02153,-9.76435796041199
0.000933011557454266,415.30647,-7.19574682896696
0.00093367932490874,375.19885,-6.51393993433159
0.000953508142485038,502.37367,-7.48231311019855
0.000961243652201417,370.05213,-9.60027465662897
0.000970591982339571,281.24855,-6.07531790460225
0.000971392998447709,216.17045,8.08240431453621
0.000975105112792116,516.15932,7.94596979114298
0.000975399573784826,275.08585,9.85840790306414
0.000997558793769489,370.05239,-8.53439597716677
0.000998392660945723,298.0697,11.4967231420806
0.00100033703305998,276.16582,-7.09984093673081
0.00100257391205089,343.17098,-6.00735518920021
0.00101696956434415,351.08309,-11.8093012043752
0.00103654966116032,402.07695,8.99613967213918
0.00103690462499729,268.07302,-5.94593811439284
0.00103973630369532,522.07106,-6.42898517471064
0.00104725915575993,238.04504,-6.90765032647312
0.0010507046230191,253.11817,-6.17563884598849
0.00105148272950674,197.1008,8.75823449907504
0.00106777652589009,404.07459,9.52313423815641
0.00107778006172904,251.10357,-6.38147495054126
0.0010870331659307,499.08315,10.2737236820004
0.00109347562927117,299.08622,-6.00872655412041
0.00109698742094267,587.33325,-5.87782105322045
0.00110352437140733,404.6859,-6.27775263891504
0.00112071106579114,168.9908,7.55946489236696
0.00112972779295151,261.14462,8.29405897511911
0.0011353134967401,361.06856,9.50487122877369
0.00114196054829642,329.02134,6.17950458090501
0.00116335444319117,393.04104,9.59625670074315
0.00116372611856371,473.33969,7.16783304345597
0.00116739451621278,245.18585,-9.25867210717874
0.00117978408176266,205.06393,-6.35379113725693
0.00119291662284355,335.01088,-11.2346907993308
0.00124511170272676,295.09087,9.01098561480623
0.00126521980532561,662.15713,-6.74175115833663
0.00127886425878926,542.29253,-6.4978509987809
0.00128170794838998,339.05931,5.76316570551155
0.00129073924941315,382.09207,9.42814575884859
0.00129626463293317,382.1003,11.1929357042544
0.00129875802017946,287.1961,-5.77449045968791
0.00130288958019428,255.0444,-9.55713398600903
0.00130320097927051,401.34501,10.2957993279468
0.00130941886179194,427.09488,5.76259792112941
0.00131590137737378,269.11277,-5.6678105388768
0.00132252336697577,368.02311,-5.67757414220276
0.00132880297919113,585.53226,7.84791273844482
0.00134131160233292,136.06176,-6.18168762170392
0.00134452477433455,595.28885,-7.69856194368588
0.00134940209325277,192.06551,-6.5268148350807
0.00135833454255179,175.1189,5.64228317622988
0.00139956007678068,184.99198,-10.4202377534441
0.00140049203532275,146.06019,-7.09305347284763
0.00140304677068568,693.16243,-10.9855774076006
0.00141190526342572,470.56283,-10.6210218495236
0.00143328399663681,231.04324,6.44494637041512
0.00143410207699103,198.03726,-7.39693854440098
0.00144825087749791,495.92061,-10.4421994228918
0.00145610331449427,550.16759,5.5426015986255
0.00145752539377405,521.92955,-5.54161252760103
0.0014683159694163,458.06897,-5.77584493059151
0.00147145120711111,366.09667,10.3841098873328
0.00148191128936843,455.22521,-10.6304305022212
0.00148734658334265,443.25016,-10.7810318632233
0.00148951485593317,296.97249,6.29595790254519
0.00149281773091149,272.03886,7.23153495630863
0.0015057031511235,97.02839,-8.15458125395554
0.00152914769399501,112.05053,-5.50692611970932
0.00153742856998364,706.22637,-6.04973097250728
0.00155238330402747,88.04019,-6.55013469404487
0.0015575677005087,231.02629,8.31935208765071
0.00156033206275993,226.08186,8.50810576250123
0.00157673585296215,262.07426,9.49437363693025
0.00157706488675387,468.30833,-5.45733857315145
0.00160736991643317,659.17968,-6.62586733848002
0.00162221495181962,469.19654,-6.28839554019613
0.0016244716314147,375.0623,5.73707277074686
0.00163608448159293,364.06531,-5.60533861666152
0.00164450219172908,400.34194,10.0209515908432
0.00164586573984658,139.03895,-10.8746043268564
0.00166375255701342,214.04856,-6.30915595165204
0.00167120626681709,242.07987,6.27173798286088
0.00167182395562553,242.09975,-5.44983609424487
0.00167570983262694,288.01685,6.87048577603372
0.00167954860898406,438.11867,7.93387082125817
0.00169333853248959,432.23809,7.66931773771804
0.00169782891228286,301.21713,-5.64883735841837
0.00173236717299867,461.21048,-8.24213408724476
0.00176488107259429,174.04083,-5.33800649409068
0.00176790581699586,466.73246,-10.2611294406929
0.0017766490720459,617.36151,-5.44354916880454
0.00179501811437661,376.11816,-9.93829432469124
0.00180278928776876,377.21358,-5.69206269669702
0.00183417147085028,611.1446,-9.83618259032212
0.00185143911389506,267.098,-6.67352331816518
0.00186127586726321,684.45391,-5.31273557918116
0.00186436372729177,441.23522,-9.98726930350322
0.0018739254676816,367.21248,-10.0795948623972
0.00188340227297488,566.45416,-8.98219627227422
0.00190374019687304,313.15562,-7.19763828997342
0.00190376806277234,380.00321,-6.87331993174158
0.00190928132322141,659.98029,-9.96365612770103
0.00191299419556463,403.03993,8.12721312783758
0.0019139362042984,599.35034,-5.45479367793484
0.00191491575323406,275.0886,-6.01201717364361
0.00193373842398129,377.05503,-6.2385361757206
0.00196124072340713,387.27523,-10.2451664798527
0.00196206094269041,169.03184,-6.75180311678692
0.00196574319617098,227.04966,-5.98216294039119
0.0019681403887281,277.15554,-7.80381673090885
0.00196973521864267,497.10075,8.62446854313583
0.00197668832436364,309.09291,-6.20436033228491
0.00199623661300661,203.05219,6.09308482160343
0.00199718173495472,321.0493,-6.81073456675143
0.00203308340976932,215.01331,7.94387254271836
0.00204555310587876,713.15965,8.05405029452876
0.00207162039483003,296.12405,-7.19336308991781
0.00207365396859323,363.04795,-5.18272976260187
0.00208561106204548,332.0753,-9.45954912214475
0.0020868044897704,774.59735,-5.17516739052477
0.00208793484116964,322.10628,-8.36335606545531
0.00211744929337351,280.26333,-5.38990770258041
0.00212098648827714,482.32386,-5.96270159154795
0.00215424454284613,522.28363,-6.30185324487675
0.00215758642623171,88.04053,-5.15281405155051
0.00222380309918303,346.05606,-7.66787639780916
0.00224773599236086,325.0434,-6.24297678848224
0.00224848823200511,389.12065,8.17540051981251
0.00225905091505684,487.09974,9.07296358974957
0.00226835464407855,621.3031,-8.56286251463041
0.00227952377991003,215.03285,6.00857419200833
0.00231097121759825,112.05052,-6.49413347570507
0.0023152856559792,431.13049,8.19811531193209
0.00232660371855469,482.10199,-5.08178074037836
0.00235394463939892,551.12769,8.2093534063669
0.00235497398178212,458.34753,-6.1890465667154
0.00237218027525864,794.18057,-9.06882943158911
0.00237268828006062,257.23341,7.32258802464333
0.00238552422843402,646.08063,-5.35513295786688
0.00240709530868932,362.0509,-6.16076127300313
0.00241701320480176,614.29883,7.80238634479381
0.00247076826912429,242.09986,-5.15948375375939
0.00247086363009985,287.19666,7.41472788636103
0.00247871526410445,396.10732,7.47928092598569
0.00248489753388775,242.09981,-7.76534922342001
0.00251660472852655,375.09085,-5.15239044704757
0.00258556007495314,230.18624,5.06353543798736
0.00258953841355612,540.3306,-5.43034412770087
0.00259150088213719,367.13942,-5.44929336482061
0.00259672781946869,556.49328,-5.20586053045762
0.0026542113674966,540.33031,-6.43668922908635
0.00268130062208672,308.08284,-6.87894120398225
0.00268285628187753,361.17635,8.03211273054855
0.00270159144024322,152.05667,-7.3294388519277
0.00274173127461205,202.06818,5.47660176513872
0.0027450150856693,227.01305,7.75049815353742
0.00275092229465231,422.08737,-5.65821067291402
0.00275333658389274,324.05904,-5.37396565357663
0.0027615352816563,328.87205,5.26641873664791
0.00276580867114069,388.22639,-6.88045364311786
0.00277115163150269,424.24703,-4.91892243791546
0.00280790842517616,458.34739,-5.52464851357535
0.00286385351531325,367.13939,7.65527697141243
0.0028828047803315,146.08241,-5.45615222970485
0.00290530825234612,160.07575,-5.10502380139226
0.00293056421626194,330.07572,8.04449143076503
0.0030006454017736,380.98745,-7.48635866516854
0.00300144711893149,112.05076,-5.88921466086641
0.00302125116473898,245.02381,6.28801857111896
0.00303075012957557,345.01067,-5.853824285587
0.00304840135058356,320.09208,-5.55050985251215
0.00305181799532125,484.1166,-4.96068360201012
0.00309031409736451,495.20949,-5.17293414338034
0.00309526275389264,289.08622,-8.69221249179839
0.00317803625084468,328.09611,-8.59251447175076
0.00318582752245741,347.02509,-5.86425068979835
0.00323326998622888,436.09448,7.14934930735473
0.00325942812023197,271.05729,-8.33989793011003
0.0032758634620496,277.14438,-6.4068946285457
0.00329413241774627,295.12881,-5.61422694078024
0.0033035672841147,461.81468,-5.02872634050578
0.00332403487641797,348.0914,7.16420758980072
0.00332410300588817,814.63015,-4.72676497007513
0.00335471179641811,489.11473,8.22174091776006
0.00335786331367097,325.04328,-7.09210634621383
0.00335856101205946,509.16058,-8.54018171997408
0.00336343938829081,254.24763,-5.07542060723722
0.00337063171223916,271.27433,-5.12010925630479
0.00339501246680062,426.35775,8.33371126330005
0.00344327577441313,531.13617,-4.78317453985571
0.00346209795496563,803.54203,-6.02240021809397
0.00347955173082592,423.06385,7.17135947226095
0.00355452340963841,520.33934,-4.63726276093137
0.00356111045390174,272.03979,4.712169009528
0.0035794681025573,654.15113,-8.02783300502556
0.00361379582656726,402.99506,-5.21464361008976
0.00361632728622833,215.00192,-4.97262641154242
0.00364031360407772,215.01308,6.36098639157136
0.00365212788534291,301.16549,-5.64186039558245
0.00366399936163965,230.18619,6.29632406504898
0.00369923144284787,466.22235,5.39009067955909
0.00371576672525089,572.0445,-8.01933442709241
0.00371745521054541,494.32399,-4.60589909488108
0.00372865232645378,555.27192,6.60365464226396
0.00375435403279076,526.06609,-6.24714481061805
0.00378757064236733,366.09635,6.52730462773786
0.00384017128302506,171.02341,5.78288767470743
0.00386094988082884,638.51737,-4.9182156931627
0.00387409866776895,120.08079,4.6434425944133
0.00387492365317058,306.12938,4.75677196235567
0.00389071400235518,172.99144,-7.80251212625216
0.00394500795537004,258.07358,-6.68058140769946
0.00397047150629005,731.18392,7.45013061441239
0.00397695449792883,579.14391,7.0619594186434
0.00398294128239806,405.0095,-4.65181901200661
0.00398334732844299,260.17155,-6.32175476565257
0.00398386823707457,454.221,-4.52860890158305
0.00399711920071648,620.66191,5.33176635944863
0.00402039267902048,243.17122,-4.94935735393333
0.00406276083469026,378.1328,-4.8869035413179
0.00406283784354127,258.93328,6.88712455822056
0.0040901121877408,478.2939,-5.23498778421731
0.00412709407352974,485.35714,-4.85056883379462
0.00413092700420013,399.08264,5.33149550222045
0.00413244842725758,548.89909,-4.62390047699323
0.00413663768343466,474.20603,-6.55637592842428
0.0041388784514214,160.04259,6.78623372709052
0.00414056560468261,103.0035,5.32794272969993
0.00417227074156188,234.91725,-5.80492984551452
0.00417359201618234,197.10062,5.90578542833042
0.00424049953892317,233.09532,-7.32150560553481
0.00425453873514323,642.47958,-5.26798021830972
0.00426114403298229,564.55362,6.07400756358738
0.00427171020171785,444.78933,5.20513498092036
0.00431952331067925,139.02135,-6.44090483174189
0.00434813734847588,362.05079,-4.51409461533732
0.00443571136842411,526.29273,-5.26978007803847
0.00444709838767922,231.09758,-4.51687932383013
0.00446215519609333,86.09644,-4.60281550602185
0.00449473030962222,318.06492,-5.49971873926872
0.00449607263794042,295.13984,-5.63976310116557
0.00451707064889692,226.05143,6.88328872597892
0.00453410922536766,480.77729,-5.13104325838268
0.00458522311348666,322.04464,-5.24683515205213
0.00463159100424522,366.10161,6.11969959020354
0.00465057012855084,262.12844,-5.31771524829012
0.00467884324692003,322.04448,-6.38109244845841
0.00474561076269154,502.29269,-4.94702266857346
0.00481128727814777,370.97865,4.35896194174869
0.00482736137329458,705.93983,-4.73632390731418
0.00486078134447553,302.3052,-5.85206888049042
0.00490591878756461,339.07685,-5.19431518542891
0.00490870909021759,357.0876,4.97437498015757
0.00491545850527699,603.02361,-4.52699888920989
0.00492490077564984,615.34698,-4.76036074167732
0.00492847309336663,502.29299,-5.37441683732439
0.00492870696373112,502.05961,-5.46290823892839
0.00493526875017317,229.06413,-4.78994614419966
0.00494935541427445,450.26243,-5.3300551966199
0.00505490216556103,585.31864,-6.23098356742645
0.0050779271129663,184.0438,-6.22205041037014
0.00508728653266691,184.98551,5.95576627885771
0.00511859279460271,136.06177,-5.2603711413336
0.00515712421718144,234.14462,-5.64257492615291
0.0052879388921669,250.09347,-5.8440712881694
0.00529342287657806,253.20216,5.8046490391676
0.00539380176323798,389.29088,-5.74321958386838
0.00540536677664843,323.02878,-5.97265911307025
0.0054196623776752,313.27356,-5.72830625369911
0.0054314356560466,320.09205,-5.77615807739727
0.00544002619917325,345.09032,-6.5324075710523
0.00554762172951709,520.05932,-6.2420814166813
0.005550062583559,494.25219,-5.53634324308337
0.00555669699178618,452.27804,-4.56470736644887
0.00559047861136243,335.07379,-4.92696575503514
0.00560774428845655,474.62477,-4.21340515128279
0.00562430632004433,266.07462,-5.24709966237076
0.00564365701452234,474.20559,-4.20754549841904
0.00565406837225537,524.27804,-5.99763426310124
0.00566956421446465,445.05278,7.11806017974505
0.0056998624753253,212.0386,-4.20505345348139
0.00570126827867194,307.08388,-5.93518832401665
0.00570812707232758,293.11425,-4.45720749188188
0.00572032206406657,343.95442,-4.77752222277558
0.00573745486841739,612.55426,-4.22284065301397
0.00576774272912927,646.87639,-4.93351217242658
0.00577153828737151,512.17333,-5.25159416285136
0.00577632645823524,398.32646,7.00195169852322
0.00579301800376845,265.1117,5.45103093245124
0.00586438704802259,505.79647,-4.54649959702066
0.00586971241615215,279.23302,-4.87001730922221
0.00592334528956883,709.1148,-5.05811055036072
0.00594666318481504,401.29068,-4.16050011386222
0.00595771091259715,386.21173,-4.67832706012513
0.00596031982014712,355.06357,4.68888235632645
0.00599829438937188,375.21056,-4.23333923488093
0.006034143676641,414.32144,5.90186214555943
0.00604064110588113,323.02857,-4.58092276215727
0.0060878071320802,352.94497,-4.18589337913601
0.00608927918071214,535.12912,-4.98770091605919
0.00609349161273027,180.06542,-4.86463765690052
0.00609566263539659,156.99087,-4.14850048633217
0.00609954546929981,152.05664,-4.97833866425008
0.00610136131233958,254.96782,-4.14986791464971
0.00618125970405386,263.07037,-6.07875385126
0.00626461157550844,425.08056,-4.4249258570517
0.00628370636699624,382.15434,-4.18493114377616
0.00629873641234852,245.09531,-6.84332853195786
0.00631482070452138,183.01121,-6.76315013037332
0.0063203467246672,532.29635,5.88874537237211
0.00632254084274887,327.13828,-5.92750339778426
0.00632672224611405,329.26833,-4.37812095251305
0.00634479316838816,471.0837,6.18541878837618
0.00636283152686195,687.1582,-6.62266283189893
0.00637098690286939,421.04986,5.38834729891253
0.00640018126178831,200.97474,4.95230183139088
0.00641932411140209,425.08061,-4.12102655682664
0.00642550426512107,247.03825,4.30590490624597
0.0064486099512448,326.37799,-4.08921188283226
0.00649227064547812,355.07402,-4.91608534213031
0.00649958737840628,178.05107,-6.60642884169185
0.00653227521729753,452.27824,-5.68719388190968
0.00653229227224397,531.27711,-5.28015277605383
0.00654477379502536,192.02419,-4.10575504625361
0.00654705049664628,267.15703,-4.31551215233193
0.00655610683193876,171.02349,5.87417870657308
0.00657937615837213,448.34203,6.14584182982845
0.00667766935102893,716.52327,-4.1004674081541
0.00673495906284283,540.05383,-4.63686468171584
0.00673706049806631,351.25046,-4.86715958901194
0.00675970094174304,433.04933,5.20862944091519
0.00675988391149585,325.13701,6.08667242821738
0.0067752943372117,645.80167,-6.58879884689128
0.00682073584347381,725.10908,-4.21037198682059
0.00685006411818666,702.46413,-5.06401539181773
0.00686054104684116,743.40538,-5.05055694613948
0.00689385465529061,538.09846,4.02890689818713
0.0069094009625122,336.00832,-4.43447878457102
0.00691364595978206,322.04455,-5.61733914286528
0.00691667057226034,478.29361,-5.34071984280396
0.00708992695526456,137.04579,-5.56178238669905
0.00711480810491638,136.94013,-4.96476612539951
0.00715393572978158,428.07694,5.91012829449966
0.00715789946364017,361.16488,4.02385580947964
0.00717287680915352,495.04247,-5.01531609600751
0.00720820515131476,518.24892,-4.07362209379252
0.00724106888922445,787.60234,-4.1842341638177
0.00724997906779863,310.17599,-6.04717160968532
0.00727019498558014,339.17673,-5.51432028531474
0.0072748719620623,631.46988,-4.40508273708833
0.00732707976386522,281.14916,-5.18394570144376
0.00738142156049507,461.97317,-5.42203588551848
0.00739249408392328,201.05226,5.1325826165875
0.00740248384477304,346.0557,-4.21517249750688
0.00741264444452595,291.06465,5.73254514929386
0.00743052902722098,278.57292,5.29924727264351
0.00748836045389083,440.33499,5.55417675945942
0.0076071396454891,243.06214,-3.95302488395054
0.00760987628460638,786.59984,-3.96653348844579
0.0076102291110903,584.52384,-4.10303100727259
0.00761333770744925,337.2052,-3.94177531074015
0.00765026348589995,271.22756,-6.07375522159016
0.00773365789396612,476.27798,-5.16273797627793
0.00775269762368206,511.14232,-4.68632653186641
0.00789037049690523,355.06345,4.63297139163436
0.0079199268630453,562.70364,5.12209147045662
0.00793228510542086,449.99316,-4.44927963243055
0.00797656311129037,686.47052,-4.0322847629079
0.00800881269255184,218.10335,-4.66139607285319
0.00804298664799446,361.06126,-4.65280620372882
0.00807848263017618,346.09968,5.80967344205189
0.00809322319456261,786.16365,-3.91931255201228
0.00811004788398498,332.89426,-4.45593866569288
0.0081710171513748,401.21425,-4.53924035729368
0.0082018619217645,372.1957,-6.11147312795441
0.00821266357084733,231.17034,-6.04021267712442
0.00835966133150864,156.10186,-3.92192544226653
0.00837859328710192,146.08237,-5.39151117060444
0.00838796851270169,218.13847,3.97872088004299
0.00844039899087172,333.18395,5.46836705705993
0.00844041489330435,183.07734,-4.0360492225261
0.00858073691971338,304.09641,5.50069044072503
0.00861590538547365,374.06494,4.19857194752225
0.00868960385276871,291.10095,-6.11220197264703
0.00872733632532095,786.60011,-4.19218048225858
0.008732808673451,459.10192,5.61368198155207
0.00875961362240631,254.24783,4.98406446610292
0.00877888673416597,309.17868,-4.80963938070612
0.0088041425322215,556.31718,-4.31577212463617
0.00890377319571837,180.0658,4.62791532412179
0.00892089421753251,519.93149,-4.00106193545757
0.00893250410628907,502.74824,5.32283653441598
0.00894500656925315,405.08777,5.50765391509355
0.00906327543594422,480.30931,-3.94530988417098
0.00909032100205607,373.06181,4.35082612142654
0.00921683776638739,510.09704,-5.40562167617571
0.00925271045096086,582.55612,-4.58440306504799
0.00930441910090522,245.11313,-5.60025659004394
0.00939488886204539,315.08093,-3.77861540294483
0.00939914148455966,266.04693,-3.82744363414622
0.00940155617932191,809.58409,-3.90908595252455
0.00941031123019208,152.05678,-5.66194106058931
0.00942312522489668,720.45587,-4.91321710271542
0.00943381517666031,535.12898,-4.65718760632856
0.00952497775743362,295.16487,-5.84080634289798
0.00953302765274761,379.28172,-3.74915623317194
0.00959846609842417,161.09205,3.80680568305273
0.0096028476601898,684.45511,-5.01655031884353
0.00969528648571096,244.66341,-4.54528813191702
0.00977295296818781,435.04219,-4.40208274554186
0.00982344036667279,203.05242,4.79192445548714
0.00983697900368176,520.60322,-5.20607344983323
0.00983941169722461,335.00016,5.69349379234368
0.00991485198365925,506.09839,-4.55794270957209
0.00999387078361635,500.27704,-3.75869895547706
0.0100103869234251,364.10567,5.51923726062487
0.0100109492054296,804.54344,-4.78601092486889
0.0100441896289675,254.96776,-3.77170830031066
0.0100545796170018,219.07961,-5.35143646329837
0.0101002039077718,151.06197,4.22152399674484
0.0101087370385685,462.06686,-3.77451818861861
0.0101762661783367,278.57252,5.26367809062126
0.0102509165895711,383.11584,5.49814360198276
0.0102595519054486,225.088,-5.71634091923829
0.0103557498923213,301.15898,-5.71786367578621
0.0103673523080768,409.61176,-5.14975403849063
0.0104218137140921,209.07964,-4.17132274997421
0.0104390330796897,425.26624,-3.67800882007223
0.0105013079944107,114.03726,4.11535288037974
0.0105063342577808,558.50593,-3.80159802586136
0.0105481555759113,706.51278,-4.88305378644343
0.0105615423469142,326.06833,5.45601491126362
0.0105805691140255,320.05294,5.10723782204233
0.0106488740383995,335.10601,3.66072404259711
0.0106634217420229,765.52816,-4.02460181614801
0.0107139943504074,500.278,-4.52406772244037
0.0107399336721898,235.01273,-5.65957895055053
0.0107530466977864,128.10723,-4.04481701353369
0.0107961420208508,348.07042,-4.17111275318032
0.0109915089673374,290.08687,4.7272634568187
0.0110412358774833,640.51386,-3.9438622759653
0.0111749070780678,144.03035,5.10465091979375
0.0111922699868748,305.08478,5.16638983345507
0.0112264768107049,442.67681,3.81145613738051
0.0113431098612328,191.01983,3.93263150222117
0.0113529949210615,254.56144,5.19735692284943
0.0114218564864905,227.16505,-4.48781323403075
0.011494801693744,413.10245,5.17729623222553
0.0115075131585531,352.94484,-3.94800281916812
0.0115157702164053,362.99858,-4.28519825461586
0.0115235171428424,405.85247,-3.60447886726509
0.0115299071258987,184.98574,3.61217649216584
0.0115738875926272,176.07067,3.64194010678768
0.0116065356788398,721.55614,-3.69421809722259
0.0117055481512774,598.06815,-3.83592492789722
0.0117141366255053,775.6003,-3.76458999206743
0.0117466837304895,764.52366,-4.59854938245171
0.0117740705942089,528.84824,-4.89405433502071
0.0117852107328853,258.93303,3.96104793460876
0.0118760854339644,463.81184,-4.11849995254518
0.0119286314818207,237.08806,-5.4276986715455
0.0121206677516313,364.08189,4.51738060360681
0.0121281302713626,137.04582,-4.63878720989722
0.0121560605888245,122.07125,4.67757455831568
0.0121887608544813,521.10421,-3.76556686789508
0.0122275793868426,353.16923,-5.39744330933622
0.0123141484189074,375.23472,-3.8900107131645
0.0123378286909407,242.64215,-3.85480426423859
0.0123423228328684,526.31479,-3.7287797994722
0.0123545399095598,432.80989,4.29014430848264
0.0125641758850808,798.53981,-4.58400651589821
0.0127129698419006,494.2128,-4.16924645215269
0.0128217655946561,247.03812,4.78586020871232
0.0128553815643386,184.04386,-4.76101274433505
0.0130205845622854,257.94889,-4.78526085057152
0.0133574613728127,349.12568,-3.51849314543064
0.0134553047875748,381.3369,5.16676543797264
0.0134849510619045,707.54103,-3.965461461829
0.013497162018636,283.94503,-3.47343975643426
0.0137444975248394,735.57152,-4.33980194237529
0.013865941255717,566.34602,-4.04509620543189
0.0139199564126865,391.57116,-3.8870039577636
0.0139727624207958,364.08199,4.08293106474232
0.014153600612271,610.53957,-3.67833858162877
0.0143804738185917,468.18189,3.41503186644658
0.0144203304391645,536.08455,3.40441183390433
0.0144874197849899,132.10211,-3.65851194987125
0.0145892343839655,261.14437,3.52124115222369
0.0145925106084737,380.06075,4.85903545187604
0.0145967571877519,404.01435,-4.82444840015524
0.0146101841761562,394.09088,4.85704332746087
0.0147112039269694,254.19754,-3.53909438151153
0.0148072668207527,449.07715,-3.67200526495607
0.0149359027998686,243.18325,-4.46490676691576
0.0149367917907245,215.00193,-3.97186343683391
0.0149729862180867,124.99981,-3.46353272963547
0.0154030264647315,742.53649,-4.22274330373318
0.015473568697565,686.47024,-3.49726818476713
0.0154785659026344,334.95774,4.11995475496828
0.0155460716791014,432.23819,3.8407292628982
0.0155815959279432,638.5714,-3.36340370092191
0.0156025472230618,734.56283,-3.6422877528072
0.0156097256760892,357.29945,-4.90902771572734
0.0156547426979181,243.06216,-3.40494895755835
0.0156586000417091,555.26057,4.51931851670241
0.0159070727709619,829.16513,-4.91593617126637
0.0160775299631295,566.1231,4.68469387531182
0.016098515952835,686.46714,4.40926103539696
0.0161111162354577,347.10188,4.62733705341763
0.0161538546800607,320.09213,-4.09085919565481
0.0161706706463568,348.0704,-4.67672598216263
0.0162207781736097,390.99005,-3.47008832714994
0.0162533523728202,401.07873,3.78260193155439
0.0163009238153488,339.28903,-3.9761106646928
0.0164806470047231,799.5437,-3.72908970022524
0.0165480891796813,594.3764,3.95673610007954
0.0165534654819108,360.12871,4.35528522445695
0.0165568730236855,482.10198,-4.83099438575031
0.0166043230717706,381.23152,-3.66845282315318
0.016687354460862,784.58341,-3.59870475524245
0.0168411688064045,218.13858,4.67316523155976
0.0168831525132308,433.07451,4.4127743038284
0.0169179350931654,120.9662,-3.29333904102791
0.0170160516040055,288.76862,-3.3064493182572
0.0170432021257731,331.13323,-3.36953681267178
0.0170624589313191,664.11572,4.42782407290747
0.0171725556322064,206.05514,-4.57397818800735
0.0172629190520277,160.04273,3.3023906629824
0.0175584601591862,332.8942,-3.57904326419443
0.0177330185627747,259.03808,4.57295803284943
0.0182124162381461,286.09074,-3.7203396014175
0.0182508534770662,520.2657,-4.08842847853785
0.0182531654622088,510.16864,3.2254518409568
0.0182718259832004,594.53656,-3.22543978147114
0.0183699098191833,430.87123,-3.39875981831885
0.0183737964994871,250.09346,-3.6871144867042
0.0186309708808607,472.3387,4.43803467339673
0.0186769406087776,634.33347,-3.724330329846
0.0187080522222211,743.5407,-3.45397610605095
0.018747852318691,346.05575,-4.1973588468707
0.0188594930220833,824.5561,-3.23521995196781
0.0188726918607237,206.05511,-3.18964059099181
0.0189249713456809,408.06292,-4.30398175531557
0.0189788439181096,325.14349,3.38419979204103
0.0189941152503115,332.89417,-3.35695969551059
0.0190094721563761,446.19525,-4.61341600737397
0.0190279786993037,171.01225,-3.72491856769628
0.0190923139964873,450.92213,-3.53833301213738
0.0192288013748825,372.73727,4.39504288320036
0.0192655472553636,725.5566,-3.17825295055005
0.0193456815757665,625.5052,-4.38664216539789
0.0194535429958201,546.35442,-3.51155800998452
0.0195020344388053,284.97237,-3.74577117883727
0.0195866252111378,459.19599,-3.56803786278411
0.0197354684263645,519.17489,3.26312401295832
0.0199747448897347,199.13392,-3.71789211183261
0.0200469079590302,571.28808,-3.50560022826275
0.0201125536394793,394.09265,4.01956984572997
0.0201916381241757,337.06268,-3.23785889369784
0.0202895995836474,836.61016,-3.40525435872089
0.0203351993638792,295.16511,-4.28184283930703
0.020561088321171,450.92184,-3.32722104914123
0.0208408969175866,137.04609,-4.22575507843997
0.0208821768907251,322.1067,-3.40391099917939
0.0210052026309737,808.57955,-3.32759412960031
0.021010108466336,547.10183,-3.99789397957285
0.0210928226315546,219.17534,-3.84743858188557
0.0212110556533081,672.45356,-3.7781857860118
0.0212546454707926,360.07442,3.24826782234282
0.0212689278268837,286.05435,-4.13758431413194
0.0213343186107574,260.18533,-3.43541589304514
0.0214335062164714,215.10348,-4.21963643393816
0.0214514481351686,305.04481,-3.22989173368367
0.0215308817886358,365.13896,4.21567362331877
0.0217170042094508,469.0447,-3.98812761738381
0.0217915012618465,686.22932,3.25866819404975
0.0218532031838509,579.7288,-3.29698012508048
0.0218546700977011,416.09431,3.26949678827423
0.0219071722222639,789.61636,-3.17320162482036
0.0221632215063631,758.97246,-3.09799172192014
0.0222874575960569,406.25266,-3.30632230923144
0.0224193412197398,427.09515,-3.29210868663973
0.0224527522676,253.21711,-3.38779111366293
0.0226302732265981,450.92209,-3.06907727636461
0.0227609376061484,355.28413,-4.02790028495333
0.0227674496708268,191.04024,3.67185630286178
0.0229069477633995,503.33356,3.87577342727278
0.0229202761483104,220.11795,-3.93453652599467
0.0229719435609391,343.23354,-3.53543798058014
0.0229765289576059,160.04259,3.39116617474706
0.0230742400960557,191.98221,-3.68668438021067
0.0231285024648705,114.03721,3.0375031187605
0.023328554586569,318.12326,-4.28486415286861
0.0233371085470541,176.07051,3.42484545678108
0.0233479222529787,504.08407,-4.26963378078754
0.0233877218721495,417.06044,4.1290983751089
0.0234191632178855,287.1422,3.47356652266773
0.0234471941568593,791.14438,3.19186015025912
0.0236686939309065,335.10597,3.02187582572186
0.0237970679934795,234.91709,-3.40298290621731
0.023812258718957,472.19103,-3.60483274507595
0.0238566926756759,362.05068,-3.76057445583308
0.0244431975333733,481.07013,3.94525608230388
0.0244779218991983,810.59609,-3.68712062403602
0.0246218220852419,307.05915,-3.42809243464807
0.0248066444141243,426.18978,-3.44415402678723
0.0250108045307281,536.24868,-4.17419881806943
0.0251040826878642,719.54176,-3.38298334428558
0.0251431494015014,462.6444,-3.05710125529804
0.0252639691822941,357.29972,-3.56507930479383
0.0252901255357156,160.04277,3.04797159427668
0.0253219658954084,669.20307,2.95883331981066
0.0253764301726078,211.1087,-4.13031446768215
0.0253981668364552,513.14713,-4.14343442421647
0.0255735111397366,269.18588,-3.4795599721227
0.025597136742041,353.04884,2.95397853719287
0.0256369669218324,260.16783,-3.75258329162943
0.0257067894624317,288.06872,2.95301067678662
0.0259172838033193,405.73873,-3.24736626242939
0.0259345745247442,575.73541,-3.8626522288007
0.0259490304436473,267.1713,-4.09449028161606
0.0260087544419981,362.06578,3.02453337869763
0.0264826774662184,552.33082,-3.48576265831925
0.026489110770674,271.96473,-2.96168597140745
0.0265407436153501,526.2923,-3.03751857026487
0.0267365126100336,480.07748,-3.57512925388149
0.0268561952977943,335.106,3.07809043170993
0.0269479831417665,662.10178,-3.84694152111159
0.0269484184067358,288.21663,-2.91120431133987
0.0269908315809701,596.53377,-3.29383709652013
0.0270034870085616,359.08491,2.91857035900399
0.0270199232799487,255.23278,-3.5681626949352
0.0272389060155654,480.30935,-3.87893936841119
0.0274595028024552,341.10119,-4.02905538035586
0.0274723326592635,809.58308,-3.41025737469319
0.0275745921961531,192.04881,3.3038871968137
0.0276099631671795,494.21186,-3.39209017424026
0.0276111516185876,801.61899,-3.74887440535134
0.0277743315906615,342.06495,3.7155830722344
0.0277802153774811,355.07373,-3.16362189097061
0.0277867498736461,298.09658,3.03951890051363
0.0278149251563175,214.00616,-2.88934690633933
0.0278583587717562,389.1134,2.92736687529303
0.0282304116753152,490.20161,-3.23260680859325
0.0282733273420605,784.14973,-3.78305031807996
0.0283064724730133,220.01912,-3.22649491417345
0.0283576432860741,263.23684,3.75456199883075
0.0283874310071375,772.58512,-3.23845847388633
0.0284174362640604,160.04262,3.83670792943026
0.0284412139327386,267.07378,-2.87703189334505
0.0286223772084818,371.07065,-3.94481577579222
0.029016533275069,745.55723,-3.70093630319808
0.0290333484846946,277.08519,-3.9355709682506
0.0293161570038655,220.01914,-2.85587585755671
0.0294469407638794,287.93881,-2.96465307441423
0.0296999902381912,684.45522,-2.89330275653512
0.0298323408647265,498.0774,-3.73329926907078
0.0299870090596033,171.05981,2.82927052639748
0.0300439894640227,186.05807,-3.89301131814763
0.0301845891980602,362.08592,-2.92805023918115
0.0301937128565511,403.85617,-2.85514107446891
0.0303253061445534,546.28126,-3.49929011048905
0.0303887770013771,417.83352,-3.82439302296359
0.0304530412138008,698.46969,-3.52379368684906
0.03052824248228,756.55198,-3.12791796189219
0.0305517521960084,249.05388,-2.87363636871713
0.0305558238796567,260.05311,-3.56271154086846
0.0305586600963303,428.20437,-3.1062993085798
0.0305862461990081,807.57044,-3.78737101641463
0.0309230078035743,550.16515,-2.80590699668021
0.0310723686028115,230.02221,-3.64627286482447
0.0310842167765132,329.26857,-3.36356953821676
0.0311324946522939,245.11425,3.73456236791009
0.0314801680631713,401.91302,-2.87171603037575
0.0316040199327803,307.05962,-2.79916480436391
0.0316045392370236,225.98644,-2.79162360429661
0.0317279360493803,549.48802,-2.78800383072297
0.031734021154475,746.56867,-3.59680389505176
0.0320697152370253,388.22635,-3.79617716862025
0.0322426811593758,364.28238,-3.16912330740455
0.0323316727970386,335.10578,3.02190915509452
0.0323493054050917,308.09832,3.465417853432
0.0325082725058083,323.02859,-3.64942384303983
0.032512781841939,393.22809,-2.76844291062166
0.032592407701613,664.17132,-3.46186723689981
0.0327111019667363,128.10718,-3.19161856435711
0.0327182651195006,329.26856,-3.39760064244215
0.0328169219419056,404.73098,-3.1711865245201
0.033004442554494,279.0597,3.49829929821055
0.0330715245552247,259.16914,-3.24050720721293
0.0332131201804815,535.15423,-2.88759771443206
0.0332252137852353,168.02791,-2.83221468348553
0.0332867848760296,246.99241,-3.71783233130552
0.0335445912469134,652.05122,-3.26279027214764
0.0336619367427315,461.86821,-2.88728457063737
0.0336702866172347,495.32679,-2.75170009476334
0.0337033797211074,732.60757,-2.79127186334624
0.0337637178082041,156.10199,-3.21423359969159
0.0337645643723819,785.58633,-3.39175014089786
0.0338912311291698,476.62192,-3.19803774001378
0.0339233295734987,261.05425,-2.98041453303064
0.0340144078443737,227.20152,-3.43125478224039
0.0341463532771802,176.07058,2.90506259082769
0.0342171433838293,188.17572,3.65724484243021
0.0342809525387534,205.09705,2.73724243019092
0.0344274122349,592.53913,-2.92578895076484
0.0344891241341834,364.91687,3.6431310205238
0.0347076224967504,376.20814,-2.7536378238883
0.0349025675693006,286.7715,-2.77352398796862
0.0352212256824346,247.03933,-3.13878096771882
0.0354584935012066,229.98011,-2.87691330585401
0.0354851789903009,367.13183,3.56442369274232
0.0356932564439261,269.02208,-3.11709271728442
0.0357655487555387,365.1178,2.99447210511212
0.0360054948479514,742.06819,-3.26987811052553
0.0361197203128732,146.98188,-2.8012820715225
0.0363213708191384,614.56666,-3.16941041181692
0.0363560412321387,304.26089,3.52144871798726
0.0364505254957901,331.0718,3.42539575475771
0.0364887023707065,447.21573,-2.81775477077029
0.0365411899329468,496.26805,-2.69322484333046
0.0367641395778314,645.80174,-3.59941509123271
0.0368289330276993,239.2368,-3.27908548262638
0.0368725189226575,758.56877,-2.67436813426348
0.0370222648452021,482.82994,2.89453151475866
0.0371327058812462,171.10267,-3.14685760911432
0.0372850087717919,655.42112,-2.74684116084116
0.0373426078730504,307.26439,-2.7075480493963
0.0373682237986715,215.12883,-3.18565496598671
0.0374872773936727,512.2991,-3.36006146436909
0.0374887746753459,579.02696,-3.2747769594709
0.0376176512571116,327.02663,-3.06437771775387
0.0380107662501752,285.18202,-2.68353677998851
0.038037173936117,451.15219,-2.64990142137094
0.0380771604943657,703.57432,-3.24752936041866
0.0380871003274526,298.05279,-3.33807145435626
0.0381045907655877,245.18806,-3.44178998364609
0.0383058264653528,212.03319,-3.49030559661352
0.0383665939174544,381.30008,-2.92643637907328
0.0384769581313962,208.98417,3.43259634529694
0.0385128649950083,243.13388,-3.47560274987166
0.0385644827799315,254.22075,-2.88028280814784
0.0386449282674514,456.23456,-3.08645700682367
0.0389339617288063,457.24417,-2.76047842156086
0.0390441340089557,577.73184,-3.24275369210786
0.0392672921145014,228.0371,-2.92783912671883
0.0398172533743163,729.5901,-2.87441775727436
0.0398665897943714,271.07535,-2.64040584173802
0.0402431665733122,356.11289,2.65931785783563
0.0404516376985846,453.947,3.17258321023793
0.0407655671880584,555.06308,-2.60129650401832
0.0409565108584961,287.03423,-2.83996053319307
0.0409926845874147,299.10669,2.75529077833196
0.0411965604560117,494.14136,2.74743390406599
0.0414562136059729,227.06736,-2.82034995783852
0.0419259661015326,575.5025,-2.57758801503891
0.0421785751853264,222.0291,-3.10818934581939
0.0422031063607794,232.14041,-3.29642963067336
0.0423062391791955,367.10545,3.02467629868074
0.0423462041222216,345.89744,-2.57166835159116
0.042448699212822,684.45547,-3.33450509052748
0.042788553717488,275.08846,-3.26291575171418
0.0430608729819401,207.0141,3.13621282149592
0.043128819288975,568.33916,-2.59239792096235
0.043212493198706,689.17154,2.64409649932386
0.0432216668617702,816.38726,-3.0642962961404
0.043309790458372,702.56255,-2.8523468849585
0.0434298462832488,288.10641,3.10428474386511
0.043528699874047,769.5549,-2.60149878288163
0.0436003266494686,480.30822,-3.12357364609253
0.0438078694504025,383.04139,-2.63545664130494
0.0438662322865011,309.11214,-3.31992797291891
0.0438918676513563,564.33028,-2.94338116926583
0.044574958708771,209.15334,-2.69246344613748
0.0447951748321413,333.96452,-3.16921965310982
0.044951675438004,273.12695,2.75537616811107
0.045038467885744,220.01914,-2.68723091602811
0.045173940411024,783.57038,-3.08898722656448
0.0452065127296734,530.36192,-3.30642839041856
0.0453975925363643,269.08817,-2.95946110974044
0.0456374335170592,533.75094,-2.72472268678454
0.0457241275861239,770.50945,-3.25851830407101
0.0457357707219744,339.11176,3.03161868205836
0.0459220295113882,498.26243,-2.73993065584225
0.0459508925856839,212.95484,2.51003752379728
0.0459779631252074,670.43931,-3.18348927648321
0.0461731933085352,590.08946,2.53322627789436
0.0464493482570496,684.45554,-3.24698783780024
0.0465066085977361,628.05626,-2.86686076867743
0.0466082693167928,480.20068,-3.2645420128878
0.0466620224162805,448.97847,-3.04130324747127
0.0466682326178464,466.29374,-2.93141646811713
0.0468297868778079,313.27358,-3.14593466236882
0.0469720078614127,560.3118,-2.60488183679981
0.0470265372176219,289.10142,2.49458714146829
0.0470614207650992,298.05273,-3.15016429020884
0.047448969673308,265.14799,-2.54013275857747
0.0475187354851998,416.2275,-2.94748513758991
0.0478543659975534,690.55774,-2.83714928010411
0.0479888982591343,307.11205,2.47896724053245
0.0480221499041598,703.57432,-2.76056504480208
0.0480241614782324,151.06118,2.49540608693157
0.0483528430057243,675.54296,-2.89244837339307
0.0484278292784185,415.25359,-3.21688633648554
0.0486082223272711,455.09627,2.73687722301088
0.048651620468018,404.68604,-2.92072804169538
0.048861350049356,309.27993,-3.08101234141688
0.049004002145268,452.27741,-2.70215721055358
0.0490163904871962,612.33028,-2.53339904410178
0.0500108036364134,517.77692,-2.61488372999066
0.0503573363404965,241.04665,-2.6373669974847
0.0504532111245998,496.33951,-2.8217959683004
0.0505390440724561,407.18484,-3.16230548603249
0.0506252614743841,291.19872,-2.43967038070043
0.0509172473028009,383.70745,-3.15456547039241
0.0512958808284106,257.99283,2.56207021517738
0.0513624036145211,478.29257,-2.94816177099299
0.0517428551203686,184.04384,-3.08582633361169
0.0518325966633216,204.04367,-2.51289703455657
0.0519010460812632,336.12011,-3.08964991102618
0.052030065902376,170.00457,2.44417692901267
0.0520388104733274,333.14773,-3.12678343432668
0.0521850321518995,333.05927,-2.9337402092229
0.0524401875645272,378.0435,2.8728674134232
0.0526308128509121,420.31008,-3.09283314763778
0.0526512768527465,788.60951,-2.45602959086406
0.0526668431740516,461.08078,-2.49279529987002
0.0527569185743096,606.07427,-2.43430350307456
0.0528245602708002,173.00781,2.88943273542068
0.0532043758294745,384.03291,-2.88235112317296
0.0532219631250412,460.06536,2.83262946945044
0.053280049649658,501.01529,-2.61927887687464
0.0533032399001739,458.0701,2.88382882332223
0.0540596577005268,257.02354,2.88665386389158
0.054082505264856,272.03453,2.87077366293069
0.0543513032219211,531.80741,-2.40328555892529
0.0545278053960861,243.00788,2.84897999242743
0.0546173815528921,700.44968,-2.74277741150027
0.0549876750407805,445.04896,2.81682191558937
0.0551846603437334,407.09639,2.96260045614537
0.0552902761150707,503.0548,2.94147124511807
0.0554494840819785,550.38607,-2.48066097329957
0.0554853096010952,452.09776,2.83254704149681
0.0556489727920006,549.11334,2.81893391295688
0.0556503824207789,793.55541,-2.48678971572709
0.0557607713471107,447.27468,-3.00118413619039
0.0557660904919227,404.12825,2.97249670794928
0.0560642798020124,187.09763,-2.92106914453232
0.0560773542360374,632.19531,2.47711538466286
0.0560812658841577,698.47061,-2.99472927547902
0.05615854126971,302.07975,2.97626030875485
0.0563126659970157,454.29262,-2.98367337194879
0.0566068596008649,374.10199,2.96708920936478
0.0566497439947742,585.90764,2.61170843377481
0.0567071370474569,493.04103,-2.95256422149643
0.0567620914270741,367.13239,2.74795275270606
0.0567677546159178,250.09333,-2.3728549883109
0.056776236232455,274.04946,2.96249865110573
0.0567830063028165,418.74665,-2.73856779919431
0.0568194796599011,462.0797,2.95212942266658
0.0568601568729742,132.10188,-2.7565513068417
0.0568956686988074,357.0879,2.64081571134607
0.0569150657983093,269.02016,2.9347738426544
0.0569457206808192,227.10375,2.94976613674517
0.057006446444988,216.06609,2.93793910379655
0.0574741625378147,358.1909,2.93369254984303
0.0574767268258845,243.08096,-2.54359132197963
0.0577378790168577,371.05924,2.50116440558598
0.0577665300782384,532.28014,-2.40220392239694
0.0578034559328668,521.18993,2.8276565392768
0.0580287299744382,204.08659,-2.37346553601591
0.0581499202378449,259.03812,2.91608135359696
0.0581577142570147,260.19672,-2.72093864079557
0.0581627977144661,296.82092,-2.67296724907585
0.0582706691998232,191.04065,2.36675562962152
0.0583028875457503,668.37955,2.5405628079812
0.0585606324694138,201.03326,2.92601984201822
0.058712378441529,366.91338,2.75922751034981
0.0589603817219327,403.90973,-2.79498081882689
0.0589639621908441,468.30839,-2.4159876355252
0.0590052602168604,502.2584,2.91836038531863
0.0593071227122537,323.04552,2.78420291535755
0.0594513962782717,374.32592,-2.95434406326385
0.0595357965023153,581.21117,-2.82516549116229
0.0597312822734546,524.1097,2.88030874202915
0.0603350906713379,402.0586,2.88363132686755
0.0604188376983819,356.10424,2.42411047376189
0.0604823051020212,329.26858,-2.87362174093759
0.0607029148774121,676.54548,-2.73227823373674
0.0607139108226421,257.07536,2.88495162612053
0.0610664008663654,689.5585,-2.82611415462372
0.0610925254632804,289.18414,-2.4589554014496
0.0610925825144151,227.08447,-2.30144910773825
0.0610966129951589,283.09144,2.85766199308024
0.0611718195946981,282.12015,2.35506727082511
0.0611947870862769,752.46936,2.36427572408001
0.0620137729649985,663.45342,-2.44020447446342
0.062296054044863,379.28262,-2.80356341458283
0.0625018175940731,520.33899,-2.35317608008206
0.0625638414421104,441.25273,-2.60336472937446
0.0625767023095362,270.91337,2.88311581625707
0.0626205168730577,500.27674,-2.52152523661119
0.0628768833990154,243.06224,-2.5017585808769
0.0629081744538964,265.65974,-2.28354259434268
0.0629412576353033,701.55871,-2.73636521757668
0.0633279073790997,476.30651,-2.70945829206616
0.0633293216591483,269.0203,2.83930429241432
0.0634336625067474,403.09278,2.73110228704828
0.0636835415702484,208.98217,2.27009193676371
0.0637462100125512,744.55271,-2.64317065312911
0.0638841038430508,162.11238,-2.76368631556373
0.0641393619548521,257.94911,-2.77615627368017
0.0645554927495033,271.96466,-2.37081797206513
0.0660604919448188,485.00348,-2.77430444183699
0.0663945196911502,369.09401,-2.52603820480796
0.066873153547934,578.56172,-2.31060970880965
0.0669462986528129,261.13405,-2.53240336569196
0.0669500308138965,192.04883,2.2351970960313
0.0670527811419608,74.00726,2.45900924988763
0.0671800670748952,664.11627,-2.33350719235426
0.0673827887123109,121.06504,-2.80627723612171
0.0680034972700953,773.58804,-2.43247384599071
0.0684870274250861,814.38993,-2.33927805246778
0.0685431306394645,457.01528,2.71035657741766
0.0686732440069403,137.04595,-2.47199272074083
0.0688785369964773,524.36996,-2.65704093583187
0.0689729698095204,283.60099,-2.77086437571069
0.0694372778976886,281.2665,2.2093257038349
0.0696592966235942,504.2177,2.51544801831424
0.0699941499735714,389.12048,-2.20305448023274
0.0702352171493892,139.0214,-2.75443081427228
0.0705279822867019,331.28349,-2.68387091048236
0.070671233532849,635.34947,-2.50516421140927
0.0711499423788089,503.30613,-2.55571778815719
0.0714010773211775,582.50862,-2.43993333936454
0.0721890793383366,527.34468,-2.68391473927579
0.072376230322125,285.99527,-2.176971995426
0.0725197504056648,289.10144,2.23546207985023
0.0726502383773407,414.04287,2.33552289795267
0.0727119757971129,346.0558,-2.22272701115662
0.073839898939834,357.2999,-2.64170006006609
0.0740748293453316,234.07922,-2.69084220675629
0.0741242755300933,192.04889,2.15984289849879
0.074318806529386,137.04574,-2.16761875437958
0.0745957972619339,506.32507,-2.17782915375857
0.0748315614584491,170.00439,2.29673784888155
0.074839946046639,591.70961,-2.16169610982455
0.0748700621928484,280.09193,2.17084893295625
0.0752981289179612,685.17969,-2.65551836834757
0.0753026051791578,538.31469,-2.49329231665256
0.0753279202496738,520.33267,-2.55379671279148
0.0756177725013653,708.03756,-2.16961459861587
0.0758059078589968,296.06594,2.20492322192279
0.0760264803850509,690.50627,-2.30678892354088
0.0760767173678154,333.0914,2.16928135295599
0.0762249728846825,271.96483,-2.1400058815713
0.0766885251655497,375.21717,-2.20287373689204
0.0768151537205965,287.93878,-2.27932202645927
0.0776382534849937,289.10121,2.1373798811509
0.0776575586105904,306.02621,2.62530484443946
0.077686678934644,443.29767,-2.37530601192712
0.078086289502051,284.26827,-2.15658775995898
0.0783094957622584,502.29236,-2.31351361166589
0.0784033765645314,274.10446,2.20872622400763
0.0789381138919809,588.07447,2.24250778762729
0.079133175602299,541.25086,2.49371778462112
0.0795896747903162,667.19005,2.14863066955238
0.0802164635502508,328.09759,2.11016698070003
0.0802960458812986,547.33234,-2.50263264365643
0.0809321697073066,826.37096,-2.22169263682201
0.0810072960497818,285.18207,-2.54445294687546
0.0811137471655812,200.06809,-2.09976452222275
0.0812374940884136,160.04271,2.39272197178712
0.0816827002672584,459.81785,-2.19671460056245
0.0821940767223869,480.30933,-2.31545322801754
0.0822329791134613,204.12303,2.14713775127202
0.0823835647671186,803.23469,-2.279636895815
0.0824937610099382,283.60105,-2.15008102883308
0.0831407427691353,260.18539,-2.3738933850059
0.0832748853709665,241.03144,2.52438004725128
0.0834450317698067,201.11327,-2.16996030085548
0.0834466367154703,608.31789,-2.3548860479765
0.0836365293196537,333.09129,2.07261810457346
0.0837412333515574,246.16987,2.34805852055846
0.0839087804442738,286.97041,2.40184433693221
0.0839172288371605,206.05511,-2.13451319858582
0.0842773735661387,818.38479,-2.13189006649709
0.084436807188101,615.33949,-2.52814530733238
0.0845197813579792,159.0272,2.50681860699089
0.084976948652468,283.01886,2.06097631156375
0.0851164282065153,333.13519,-2.06359048707448
0.0851554063915503,200.12919,-2.19417696919357
0.0853907991615054,212.04299,-2.4774926804404
0.0855993673629277,325.15247,-2.07774533239423
0.086003295390833,272.13134,2.1407382011273
0.086235471718329,664.1161,-2.31608094209739
0.0863613355562329,404.07391,2.46967042184105
0.086475353679874,298.99249,-2.39453696571228
0.086657525540077,768.55438,-2.19645386732941
0.0866758431914143,406.09125,2.46835386831735
0.0867793297048594,780.54788,-2.05951323618694
0.086977920920198,356.77677,-2.41246427389371
0.0873351812449712,446.20645,2.45654146436417
0.0873951938750518,259.11183,-2.49921638362763
0.0875980062256479,296.13673,-2.07457831644206
0.0881334777684717,160.05938,2.12967071908572
0.0882855516693717,148.0604,2.4423254773964
0.0883264237419285,475.35167,2.44982275864013
0.088714352657745,319.13048,-2.0782377305358
0.088764940562872,580.55891,-2.06264666995722
0.08898359302845,247.03829,2.43181192530239
0.089023860907446,283.10338,2.44908028368916
0.0890807397057711,201.03309,2.4321218820606
0.0891937888151269,426.02215,2.20073370166023
0.0895315194033921,577.89008,-2.47112558697271
0.0897603250599986,160.04273,-2.20473400373587
0.090009237043851,361.06937,2.42492894607283
0.0900454171624027,423.07883,-2.2877600394398
0.0909385630554348,214.14482,-2.29011781217323
0.0910811860986137,730.53728,-2.38359850771175
0.0916109198774592,486.67141,-2.31465116494408
0.0917714856670193,298.05251,-2.41266252599363
0.0919413043987303,519.03863,2.11382309436166
0.0920311680384011,579.88708,-2.20784737013045
0.0924519538068694,243.99894,-2.43438222690647
0.0937773092624733,135.03137,-2.06887198692907
0.0942927549772219,139.02139,-2.41314089002614
0.0945222550230202,320.08111,2.32343862750739
0.0950594426096655,282.11992,-1.99773745244719
0.0950998314158892,635.69127,-2.20252894575726
0.0951929476415502,568.33849,-2.01006628361902
0.0959602919454179,329.23287,-2.06168004688061
0.0965318955973489,782.56707,-2.28323127714561
0.0970044948945407,291.19778,-2.1293076437596
0.0970766203205775,462.19115,-2.2296184842507
0.0973272338470306,353.11671,2.20838038714241
0.0975189834838456,516.1701,2.23958128788998
0.0975494899841498,313.08595,1.99139044971747
0.0981435069414379,136.06207,-1.97419953327363
0.0983810173467387,314.07467,-2.22838778826901
0.0987881498206835,478.29323,-2.36093065846327
0.0990238104508631,135.03025,-2.0566621036794
0.0997329625959795,824.37417,-1.94898186364651
0.0998444378735377,229.01179,2.33031342465964
0.0999716809786745,186.01638,-2.0135078573906
0.100297942230097,747.45141,-1.97481029745648
0.100353766365787,535.15416,2.12288829364294
0.100826103707289,642.47921,-2.22547170641123
0.100883147685697,192.02429,-2.02450356657164
0.101146463344958,193.06404,-2.20295470467743
0.101602095119002,828.36826,-2.14743421151412
0.101824429367813,149.02327,-2.24123192537042
0.101926338789996,245.23341,-2.13876718579279
0.102901961859855,568.36164,-2.29986650533168
0.103037760968277,464.64202,-1.92515632269577
0.10330991132411,207.13898,-1.96522510990501
0.103726594884327,664.1161,-2.29528868361215
0.104016773061472,564.35869,-2.20895732054915
0.104353846229759,442.31377,-2.07350860277432
0.104590502275813,479.03245,-2.21502136995264
0.104778907289211,563.75468,-1.92755806185001
0.10487668515126,445.84105,-1.93788384822879
0.106027838055263,452.12346,1.90098087665388
0.107655082783526,530.98149,-2.09545692184038
0.107681511808069,335.10609,2.09779904116676
0.107865655854412,178.99277,2.23156525264904
0.108175575832189,535.74786,-2.18815076851387
0.109112485454423,508.33958,-2.06181885017804
0.109662022145032,443.29774,-2.18890077461903
0.110099223489706,342.0885,1.94290510294916
0.110154731444446,812.39291,-1.94006020094432
0.110399966387718,192.02401,-1.91751738292761
0.111426061828703,229.13451,1.89481530528096
0.11248615074801,614.34571,-1.93007605343342
0.112609648205883,731.54092,-1.96036191965186
0.113057999490902,544.33927,-1.85550468571318
0.113307798229374,296.18314,-1.98937887591878
0.113311183173432,247.24194,2.20086238626403
0.115830867307959,305.04466,-1.84303912193388
0.115887391828709,217.02904,1.90137165055293
0.116290281784005,483.13111,-2.06173097815437
0.120102997016834,298.10088,-1.84113257237667
0.120126335957866,280.09203,-1.81092293871343
0.120742426424413,588.33042,-1.85880301667931
0.121870552081616,716.52177,-1.96985533181335
0.122696851380922,136.06175,1.8118929252969
0.124315376501089,333.07118,-2.06124988560531
0.124756668102816,606.30205,-2.08784250996113
0.125774409568986,467.13314,1.87460409438097
0.12617292504307,608.38485,-2.02918758786155
0.126397956377642,368.75706,-1.99871306076922
0.126458711104574,522.35527,-1.90164148685371
0.129311764391626,371.21125,1.84917878200101
0.129783722556014,374.93988,2.03370923410528
0.130085981096415,548.3348,-1.78566628916608
0.133499147371466,158.09235,1.99558180977399
0.134854244359833,636.42245,1.90541549064776
0.135210969801229,640.46379,-1.97202018856451
0.135924630844671,658.53695,-1.82477584973321
0.136157438201885,304.06508,1.82765819240834
0.136483205723374,433.14051,-1.94746424827187
0.137304078743203,203.11281,1.98600758388046
0.137459102000136,287.93872,-1.79483306712439
0.137579126724722,452.12353,1.94592574916416
0.138279019800672,696.43721,-1.96684869836492
0.138863375363062,288.01687,1.73381588711805
0.13966425772778,473.11579,-1.98812234036803
0.141253225472706,369.2379,-1.86113320092342
0.142308872718931,459.87158,-1.70159620540162
0.142599443440952,307.11209,1.72196503457978
0.144041126127305,392.17055,-1.94083541971098
0.144863463398207,595.33393,1.67961561641528
0.145055017379553,309.12683,1.72094958878993
0.145085724134297,740.4632,-1.88269807758417
0.14536587816388,457.82097,-1.78171065039225
0.146004957953212,330.04428,-1.81140937652303
0.146602985062406,359.102,-1.66679873342538
0.147353509162681,401.8596,-1.74437670114464
0.148701902763522,539.15011,1.80400507230182
0.148775879582631,391.28425,-1.92514641700519
0.148930920305566,661.95837,1.75176948809579
0.149109884844499,213.08686,1.73423755868917
0.149962463576134,261.14846,-1.92056537751245
0.149973030542651,190.01814,1.67678963032831
0.151783012907707,151.02686,-1.87795927951251
0.152300146631391,376.20856,-1.87649804940205
0.152419386523862,652.4109,-1.83543943258196
0.1526317566554,424.13602,1.82835090390865
0.152945093574715,180.90389,-1.84887018498519
0.153004771173786,678.42213,1.75877276571086
0.153247819128704,452.12342,1.76448400881052
0.15348543779311,343.17038,-1.70941228791287
0.153570115374246,534.58056,-1.71459759047767
0.15453783045804,229.13446,1.65750347893512
0.154917033140432,650.15539,-1.6936481222606
0.155303102311146,399.14451,-1.63513385087364
0.156027832526414,115.00367,1.85486781231729
0.156820729067058,653.41444,-1.78247516053107
0.157229334517242,86.02482,1.63084664833613
0.15760201073212,214.00618,-1.72458643255944
0.160180146039699,307.10994,1.81871960704314
0.160958329892922,159.09182,1.60263706560805
0.162646889453607,527.14257,-1.60056942739453
0.163080825719298,331.20468,1.66016049663002
0.163478453225676,313.11294,1.74147013080887
0.163881976726454,279.23181,1.71369120965059
0.166718485752749,542.32442,-1.59157557650542
0.170384352270845,113.13247,-1.78912794096
0.170484967910938,241.031,1.56434956871995
0.170929500888355,588.0751,1.64677970900485
0.1711190016273,552.17955,-1.77371212359663
0.172305369550518,353.04907,1.69004804599564
0.172611010242529,149.02325,-1.76413144012949
0.173612792041508,310.23824,-1.72055207342923
0.174659387564328,426.71581,-1.69021367624697
0.174698983220171,392.17075,1.53928837779956
0.174950955997913,377.26714,-1.69640982109344
0.174987975681856,282.08437,-1.63279600042638
0.175066280101082,399.86231,-1.60075762529463
0.175573591195924,128.03545,1.58485686292432
0.176270773199329,494.32404,-1.5561929180051
0.176608246071677,405.01017,-1.72236720736069
0.177450888170341,623.40863,1.6422716721516
0.178132695559264,785.49357,-1.65769377178358
0.178469986436107,287.14235,1.58119566300522
0.178663675676373,279.15903,-1.73592143301271
0.179022908954053,201.02274,1.55383174559448
0.179503993259948,572.03543,1.62276916906282
0.180343274999166,653.18048,1.66256094409954
0.180458631210487,552.17971,1.67377046503914
0.180590304362931,250.0936,1.61897167527475
0.18101963257409,405.00955,-1.5558548444927
0.181563322681713,156.10186,-1.70402396963752
0.181809978004098,298.09688,1.68597301586146
0.183120817148403,582.86322,-1.53835377612543
0.184196919284127,222.029,-1.55903093937322
0.184696807522435,296.08238,1.6140244552606
0.184830650358395,329.92355,-1.50067963661418
0.18484916082887,573.11516,1.69344171730303
0.186317526011292,168.02792,-1.59720645111036
0.188088529431309,357.08779,-1.50751300836738
0.188630203477194,292.08067,1.67838176961979
0.189754957882902,134.0473,1.63905813633769
0.191148699769504,906.7402,-1.47471431808359
0.192707215867619,311.98523,-1.65513306715701
0.194988506020178,393.08984,-1.55708023034468
0.195003828628635,480.34445,-1.56969761511216
0.195314682599171,216.99826,-1.53074365588338
0.197304751493693,281.24839,-1.61746324754947
0.197393224006259,348.13838,1.52104886552234
0.197995311616187,808.57919,-1.466440244569
0.198312466817662,158.09238,-1.61130368016841
0.198655403471546,306.07643,-1.44902944281317
0.200274254160232,466.10696,1.43978547853102
0.200737335334293,329.19051,1.52640651181035
0.201818721159207,450.16197,1.62615328381362
0.202102087018416,573.07805,1.55110502641626
0.202616178868347,310.13059,1.47934480883128
0.205369103584171,216.01579,1.59089955336902
0.205448692084481,318.19605,-1.47382034674097
0.205808672731229,544.33853,-1.41919683677432
0.206288500201088,473.11971,1.57213799011052
0.208380241941362,244.09037,-1.51536586065753
0.208812472359889,354.77965,-1.58817016258423
0.208815104067164,313.08644,-1.58260931254128
0.208820699833745,389.9519,1.40975152747823
0.209192374785453,828.51541,-1.45424648004503
0.209588977804557,296.06594,-1.54140360679434
0.209964248191596,173.0079,-1.45351912549399
0.211477709661444,830.36527,-1.4311679054844
0.21193976573831,302.53383,-1.49094832475205
0.213596362561792,307.15059,1.39128540208331
0.215454352975915,298.09681,1.46169106093582
0.215873721702314,759.57218,-1.47822157025529
0.216392542725469,423.27511,-1.49651289384255
0.217193317292217,152.03178,-1.46872092400183
0.217784866757518,306.07641,-1.44189811228308
0.217884624888634,571.3709,-1.51489051065851
0.218041361218583,543.23954,1.49024448589187
0.218340080407925,186.11361,-1.49722730098267
0.218631743620803,391.28412,-1.53695808842589
0.219262076659249,400.11082,1.46104020158415
0.21966816668341,210.15757,-1.40253775903588
0.221956390470998,575.12951,1.53364059203303
0.22271908899241,198.03702,-1.48918967534699
0.22340711343095,120.08092,1.4300248411066
0.223751078092481,307.11005,1.46314423880737
0.226943486760663,180.06666,-1.35412371142833
0.228575289469246,123.05549,1.45038221600328
0.22900225085261,136.06173,1.45716284051178
0.229495694034533,279.10044,1.43359405680744
0.231814667414987,341.90365,-1.387114396237
0.232943781521756,266.05663,-1.43626403289453
0.234742844652695,146.06018,1.33604975814008
0.235885830636724,302.05014,1.36940206000638
0.236379203773908,525.28798,-1.43899515639529
0.241436520366335,285.18183,-1.30950462856926
0.242520647589277,151.02632,-1.36365355193258
0.24375192182582,526.16517,1.2937735015618
0.245853809310883,438.17961,1.4116176901378
0.246594463667859,354.04488,1.38016820301532
0.248058826763112,286.93068,-1.29323731516934
0.248321047996171,316.98108,1.3386396447652
0.248353097522151,180.06673,1.27961603670172
0.252769061093445,450.10894,1.26794290037102
0.253050556448433,191.04018,-1.30808451940491
0.254414881954966,285.12814,1.3801293440826
0.256161834072811,271.22766,-1.32780642914732
0.257455471072577,104.107,-1.28822662016683
0.257911463342421,191.03974,-1.25354101215935
0.259169455347439,401.26237,-1.35183573890394
0.261607813654152,784.48942,-1.35349819923858
0.263652380821716,554.28725,-1.26196583651406
0.265236784648844,648.42375,1.34716744863008
0.265998717915776,650.49788,-1.35302273964791
0.266909822398532,529.09252,-1.24459130255494
0.268591035851071,295.22787,-1.22018036182798
0.271157294229858,152.05689,-1.22265406612359
0.271572663480177,530.31105,-1.21925207487508
0.271941660798881,308.09067,-1.25540574102228
0.27387810343236,269.0882,-1.20729338947307
0.274166895564361,147.07639,1.20809924392003
0.275343575466378,318.06654,1.31004349304605
0.27584337185918,258.11003,-1.28145900796986
0.280818133044203,553.16853,-1.28980877470846
0.284653002440195,627.34869,1.24679880238864
0.28538241317561,340.0137,-1.18520377235941
0.287142914322913,662.44256,1.24347663725707
0.287789378989132,345.00113,-1.16928911431169
0.29096095111633,447.8378,-1.23941057336806
0.291616330546182,598.35313,-1.23660845953418
0.293650904573081,136.06172,1.1998708302735
0.295525413459082,532.58346,-1.19183256284165
0.302172807987784,504.05052,1.2046772585772
0.302781061582048,387.8823,-1.17334239499661
0.306488915397246,535.15425,-1.12634420210688
0.30739675456367,301.96755,-1.20890894448891
0.30957168493974,445.28838,-1.18356003038052
0.311022573412125,136.04805,1.18918160560219
0.313720329473275,173.00782,-1.10386250696735
0.315463294307195,144.08082,1.12425488689248
0.31591971998473,411.09071,1.10680330232979
0.319622210194826,286.21249,1.17831444440673
0.322281432806083,668.05488,1.14794386861582
0.325798394324388,652.49481,-1.1474473920965
0.329014859301645,428.11003,1.06557490073474
0.330435564390066,235.99331,-1.07104342711218
0.331335013075329,259.02254,-1.15473299817479
0.332513069200874,345.1996,-1.11426981315504
0.333874971544448,414.22516,1.08769984692588
0.333882624667496,162.11251,-1.09343240491236
0.334119321049251,294.14766,-1.13636489548513
0.334624991593976,309.05709,1.12302654439582
0.335198577606665,586.05212,1.05566519735203
0.336451773284092,459.03102,1.05847244277859
0.338943144342104,478.10753,-1.07482873223575
0.339579740510189,258.11,1.0871926799927
0.341249169306363,280.09212,1.05297131826397
0.341716824590374,410.47189,-1.05201240267201
0.341785994911393,606.07393,-1.11460388700577
0.3436953883926,137.04577,-1.05884252453326
0.347186085311561,649.42641,1.07786913983644
0.347616942361119,323.02838,-1.08342861362492
0.347880035592713,151.06143,-1.04547786796556
0.350791691792419,595.36749,-1.04192408732515
0.353015488572997,496.30317,-1.02184243946388
0.354689866747627,154.05861,1.05490103483457
0.356133138772172,708.45208,1.0626465509407
0.357270077329343,331.09594,1.01341465352198
0.362552957315578,128.03537,-1.00273429243418
0.364237561296463,610.33473,1.01816234104766
0.366686824568482,279.23277,-0.986395266014467
0.367157017477898,535.15507,-0.99037671497088
0.367996480249056,284.09896,-1.04384032617107
0.368761163999001,446.06326,1.01194497266758
0.369489457547169,134.08112,0.984293091082596
0.370737065919019,481.25767,-0.970154864611176
0.37205513841706,302.04922,-0.998557174618748
0.374574291688743,610.01253,0.960841398518214
0.377605302110455,245.04155,0.953978758268932
0.378471396654013,229.15421,-0.950916929931356
0.383855205829318,582.3034,0.967842691001638
0.385287916005427,666.39776,0.982691305352467
0.386408474196041,428.11252,0.948141366739345
0.386684222156657,289.01767,0.998050635904856
0.388468825440574,170.06004,0.961448743437723
0.390551841603243,813.06479,0.982756339924492
0.393858902203298,359.07324,-0.938508317339389
0.39708731825107,382.4406,-0.912452030778984
0.39950466213518,372.10475,-0.919325043924352
0.399559498559189,593.70684,-0.92994769388355
0.405728665066474,598.29885,0.943610401950373
0.410963701527447,258.05937,0.951222368749086
0.412740869928543,134.06016,0.884931710031507
0.413674778162951,253.98128,-0.941251277476285
0.41837809319592,325.06419,0.91593418456211
0.418617748701755,467.3014,-0.889474473699001
0.419035416698681,359.07165,0.871121414246346
0.419124495697455,169.05839,0.877436228460603
0.419882227988747,586.31357,-0.883507275450642
0.422339856650067,709.07321,-0.899549400816167
0.424638885930122,759.1793,-0.916199275620759
0.425957878559407,650.84993,-0.859471590495511
0.427033929970852,697.41473,0.861684815873338
0.430521373870332,352.94525,-0.863415003850311
0.430991629185021,242.07959,0.903135528241051
0.431219651399004,258.11021,-0.850980812382605
0.431298587443643,572.33549,-0.863653326069462
0.434085275054369,419.2851,0.885618823680129
0.434217245669797,536.18442,0.87513922984976
0.434753999706579,253.16372,-0.837264610682183
0.434781161030819,510.35486,-0.893582098797724
0.435002857837001,259.02239,0.836815578974736
0.435877934787598,171.1492,-0.835665499240223
0.437793909430948,594.37597,0.871111450574049
0.441467086569232,546.95477,-0.865279562253711
0.44362963757365,205.09706,-0.879695309310906
0.449822244122199,311.12377,-0.821350674025424
0.451797929222465,137.07099,-0.813727005769309
0.457074496199283,381.10087,-0.847699433390786
0.462039972925251,753.47376,0.832142327908825
0.464143245196848,446.88752,-0.789485627699176
0.46563692784888,594.3763,-0.810535683778991
0.468491870590541,284.98493,-0.809960656525226
0.469226625477808,276.11895,0.794948260941325
0.472560980081346,634.45165,-0.795348495958678
0.472776587169588,330.07297,-0.766048111012504
0.475619178353942,435.00282,-0.76350421239386
0.475660528603506,359.09161,-0.809959006241721
0.476763903744057,238.0445,-0.765344245923962
0.481177533906683,186.04557,-0.753033872569558
0.483086752921836,523.30402,0.79778785550641
0.484770389529337,370.73585,-0.787253547826985
0.485078810779732,630.07131,-0.750120957101939
0.486724025353582,571.34453,-0.742029772183664
0.487325332426923,277.086,0.777826859028485
0.489186531148885,400.9093,-0.740756838737365
0.490455063679337,222.09679,0.749745372217674
0.490687010461355,608.08901,-0.74520321042867
0.492585175769809,132.10202,0.769342690460497
0.492987214912194,346.05572,-0.77781737070934
0.493538002440322,187.04207,-0.733016695030919
0.500131689607237,636.38274,0.721051304850066
0.505256325318912,608.39057,0.740938055660706
0.507101440605594,248.07994,0.706618914188356
0.511212280107261,309.17838,-0.709924696370161
0.512918408583354,543.23957,-0.696565666418126
0.513249279247239,736.48133,0.713505260541163
0.52547036131222,134.08116,0.694116153259073
0.52795648510646,228.26837,0.679066195482174
0.528292188925364,337.04423,-0.701820620667888
0.529827713801569,584.28543,0.700956212128313
0.535518376152687,288.19141,-0.695426112750575
0.541072697420868,360.07208,-0.684088106195703
0.541642562884799,718.83638,-0.648055523626592
0.541932173771782,184.07326,-0.671665414183209
0.548375444185915,580.36137,-0.666265692551582
0.549516492120829,602.15803,-0.669238081919291
0.550146666965492,117.10223,-0.632942995572801
0.553027677314848,638.36739,0.648650031977726
0.553039135521997,188.17565,-0.629866405424653
0.553372731526836,622.40738,0.657711755955475
0.55413903016591,253.00827,0.635190263657548
0.55505693096206,665.42233,0.659456723423811
0.561094348769874,511.30509,0.615186759277944
0.566123567595135,296.08633,0.641018128775987
0.568170633725266,524.33454,-0.622105306775115
0.575818168851338,510.24638,0.591670342111075
0.58091727123513,338.34173,-0.586465970444208
0.582447902536921,259.07469,0.589935117088547
0.58302852415493,666.39734,0.605386027182539
0.585823895835752,287.1963,-0.605022753697817
0.59709733080971,302.10573,-0.557926010674885
0.597928788623133,538.14736,0.556616670017195
0.598246632898125,340.04183,0.58543449949492
0.598294665316027,590.54221,-0.57912514801593
0.601186215998548,568.2658,0.551647239433551
0.602686096821374,690.43479,0.575038718873528
0.603984484584092,143.07278,-0.551215390575334
0.606604911140813,550.16517,-0.549459469637773
0.613830491074878,601.33406,-0.53604758116788
0.618464738032478,596.33549,-0.544875724212595
0.621363860192541,708.45666,0.546666892211682
0.623392427508962,624.38608,0.535232815446358
0.624551516068317,110.03517,-0.538294764776689
0.624794069795911,389.87919,-0.532157260485461
0.625980594022837,623.41167,0.536017928522389
0.633165695417588,441.33378,0.523827497175737
0.638696997875005,424.07979,-0.511935089549265
0.640269905410537,367.28519,-0.493144875086743
0.641807497535095,326.25497,0.490062571054354
0.643278045937408,666.43384,0.497902983853227
0.646579140415204,167.0462,0.485549089024155
0.648800595174998,311.93992,-0.50018424924229
0.649843856581169,280.09177,0.477667288431503
0.652134142259868,583.32426,-0.476933051856083
0.653449255281438,721.44086,0.475062714993662
0.653996816299293,608.35692,0.4869578759628
0.654442499387494,571.13137,-0.472419952966838
0.656039982461273,456.98439,-0.483021693114038
0.657441358206072,218.1247,0.472067208093672
0.657858559686438,550.35005,-0.477232096074493
0.657998677620043,267.07348,0.479581022424659
0.661288325021847,710.45404,0.484043244454927
0.664738872881215,537.19476,0.465471273546911
0.665611998232956,610.37106,0.467864135152569
0.666262583933709,118.06523,0.460540533073067
0.667488046582197,216.17054,0.462748955259045
0.670923647846665,650.43886,0.461854917974076
0.672238626226111,246.16982,-0.45158314264432
0.674175203150667,135.03029,0.460288116107401
0.675746585979962,241.15385,-0.442770163227224
0.677415086086597,114.06623,-0.456861226447307
0.678199055056011,679.47567,0.437769034768752
0.683009116747764,212.06144,0.437158015624717
0.684784325763578,171.1491,-0.426420045250554
0.693651521930055,160.13317,-0.423214518377819
0.694310857291542,218.94317,-0.426708590348922
0.694470342623525,412.99445,-0.425853108639704
0.698808055092372,662.43644,0.406179187902619
0.703042690113152,242.07876,0.40604668771319
0.711699552405172,279.23165,-0.388881706922766
0.712330730859411,511.30236,0.395071176024631
0.715753099675448,694.46347,-0.383684042627141
0.720981789264567,117.0576,-0.377424418734569
0.72099746179781,507.36547,-0.390389365405416
0.729079554536541,329.0813,0.363115398236862
0.732304736789453,201.00275,0.360396361620156
0.745394956195636,281.26602,0.340461867001787
0.747420163684511,740.43444,0.349726622855139
0.750456286047873,561.44873,-0.334554218566255
0.757646790156991,445.183,-0.329320206332757
0.760345640091552,268.10382,0.329265139841211
0.760514174043599,173.00782,-0.326972011168807
0.765516440752455,585.48525,-0.324997228268646
0.766256163075129,608.08829,-0.314092727556663
0.768502536790343,296.24437,0.309990755347512
0.770057461304482,492.47743,0.305905053695385
0.772005855653958,601.15234,-0.303232498121366
0.772399130771362,217.12944,0.314996707136023
0.774222908341255,221.0185,0.301307795841346
0.777239457229448,724.43887,0.297094915763123
0.782577723723457,242.07981,0.29270744664064
0.788754638729186,628.95776,-0.291646612914221
0.789747449613287,515.2128,0.283808129440554
0.791271945632151,621.39298,0.284428473907914
0.794163422498821,316.11671,0.275321830219556
0.796397051621294,304.15763,0.279277891906805
0.799249192001995,369.35122,0.265887709143003
0.799767251775189,471.2933,-0.276079365553814
0.79981515413004,638.40227,0.269146573881964
0.800892662310914,585.37354,-0.274786316188443
0.8022842338861,269.08792,0.266193449974017
0.803161118674513,328.03535,0.261572166736041
0.805351004865334,310.31028,0.258640982447081
0.805760830531502,362.92781,0.257102533054131
0.806923608787303,505.9653,-0.259305385188847
0.807942545085754,284.98482,-0.254641892800512
0.817581382581645,664.41815,0.248837570917531
0.819801619899004,806.56548,0.246810907292785
0.819843134969736,282.08426,0.238849272482131
0.821314053312596,199.13378,-0.236071037650763
0.826039607857871,649.4261,0.237658400728195
0.826518930032769,156.06665,0.229377496482164
0.829990404222355,177.02473,-0.226233174209855
0.8300258057356,530.31162,-0.233338658795481
0.830327175166496,349.2359,-0.233127957920004
0.832004061404486,574.04413,0.228136588939769
0.832303121965043,599.32008,-0.223663535665159
0.833399169918182,692.44928,0.226275340507189
0.835304643196296,170.08112,-0.218863577216495
0.835329915420443,163.01842,0.217815613359363
0.836299399930782,112.98568,0.218316558984767
0.836848343747818,567.33142,0.223246427507439
0.837884465058462,332.92189,-0.220485487179844
0.840450284957448,554.47823,0.210298736558513
0.847736092806606,740.43383,0.203921439546743
0.853939714723905,650.43867,-0.196747723413509
0.856417668803881,716.48042,-0.190580227022739
0.856701459545621,492.04202,0.195497103905888
0.857688542417499,227.18652,-0.190989716532801
0.858202787887392,331.07686,0.187916535929692
0.868245649522213,217.11871,-0.173271917339629
0.870235170411848,456.12569,-0.172172756049386
0.874039090655889,518.49337,0.165460376968966
0.874637990132132,636.38706,0.169775891315334
0.87704856772937,274.10437,0.161683051169138
0.886800888381361,489.31451,-0.154519465156276
0.888910567690033,680.43523,0.149592442638646
0.889095593320096,216.99759,-0.151167299514041
0.891035371620366,369.89856,-0.148407286895385
0.89472301633533,722.55448,0.13807233821599
0.897585402736354,468.89684,-0.137961084995889
0.902714853609226,611.14466,0.132758241235631
0.907408246042167,510.48785,0.121383780001764
0.90788824516328,147.07655,-0.123107789295712
0.909130278237105,120.00301,-0.123012444810303
0.913360259526693,522.35438,-0.115295078042755
0.914387303138165,177.02484,0.11288407646276
0.914738961346723,920.75551,-0.115499141534342
0.916043334618422,587.46329,-0.110679003547475
0.916381223567297,296.13555,-0.113360530367243
0.918548085460939,410.03786,-0.110030764784602
0.921388061423338,588.07497,-0.103423947346082
0.922733761576605,82.96105,-0.105256593655082
0.925920231140683,188.07059,0.0999170122680979
0.927363700922888,524.97177,0.0983009196605591
0.929124587254901,271.27391,-0.0963810174306032
0.93254500939001,684.45388,-0.0884999455718827
0.934158775596315,532.46926,-0.0862258957187629
0.937894451950913,240.99498,-0.0817192849031603
0.945607345238043,580.49425,0.071194011578984
0.945994750359753,282.11921,-0.0729871506444718
0.954724212096187,173.00802,-0.0612899172507632
0.957207713024182,394.18513,0.0573996802158262
0.95965058270952,339.19976,0.0533046905365068
0.960731233318241,648.42281,-0.0522464812065062
0.960955494303858,530.31171,-0.0528201973131254
0.960998898129434,173.00786,-0.0530445409390017
0.961914682659037,117.01935,-0.049913222632158
0.962487464686785,561.41516,0.0509403771424856
0.963378190902464,558.48538,0.0478766728623613
0.964034056536618,245.09532,0.0485826785459635
0.973058050740118,596.35509,0.0360463818328258
0.973118901736575,636.38739,-0.0353475995088368
0.975307826425557,201.00259,0.0326176163850887
0.975389818449786,296.24439,0.0329884406299003
0.975411640857343,818.24583,-0.0334307179806947
0.97724784929095,268.10393,0.0298575892348855
0.977315074821566,472.29645,0.0305267154823936
0.977728676032666,227.18649,0.0292309156950933
0.977752251080868,435.00253,-0.0301952701418367
0.979348499099172,173.00791,0.0276410383094848
0.981282660401604,278.25759,-0.0247284268464214
0.981499780691581,496.33952,-0.0245456174274083
0.982376623515673,200.17586,0.0231003438150585
0.983383811523911,622.40749,-0.0221037611373579
0.984349981743859,533.07398,-0.0206826899002498
0.985052442541139,441.99255,-0.0202956734476663
0.985731915839184,326.25492,0.0187070155673007
0.986713925934079,134.04718,0.0177959448997714
0.987167385334297,326.25501,-0.0168324940677783
0.993850677359278,425.17997,0.00807293839859108
0.994865147978091,327.06805,-0.00681132966183873
0.996080576796576,284.24463,-0.00513675412102782
