{
 "nodes": [
 {
 "id": "Steroid hormone biosynthesis",
"label": "Steroid hormone biosynthesis",
"size": 18.50388,
"color": "#FF0000",
"x": 0.4599409,
"y": 0.4583618 
},
{
 "id": "Fatty acid degradation",
"label": "Fatty acid degradation",
"size": 18.50388,
"color": "#FF8000",
"x": -0.2216602,
"y": -1.134054 
},
{
 "id": "Glycerophospholipid metabolism",
"label": "Glycerophospholipid metabolism",
"size": 6.875969,
"color": "#FFFF00",
"x": -1.259932,
"y": 0.2524378 
} 
],
"edges": [ {
 "id": "1" 
},
{
 "id": "0" 
} ] 
}