{
 "nodes": [
 {
 "id": "Galactose metabolism",
"label": "Galactose metabolism",
"size": 9.079027,
"color": "#FF0000",
"x": -1.615612,
"y":  3.29616 
},
{
 "id": "Purine metabolism",
"label": "Purine metabolism",
"size": 5.020202,
"color": "#FF1400",
"x": -0.1214594,
"y":   -1.101 
},
{
 "id": "Amino sugar and nucleotide sugar metabolism",
"label": "Amino sugar and nucleotide sugar metabolism",
"size": 6.034901,
"color": "#FF2700",
"x": -2.903159,
"y": 0.0633039 
},
{
 "id": "Citrate cycle (TCA cycle)",
"label": "Citrate cycle (TCA cycle)",
"size": 9.060606,
"color": "#FF3B00",
"x": 1.671915,
"y": -0.6021921 
},
{
 "id": "Fatty acid degradation",
"label": "Fatty acid degradation",
"size": 9.060606,
"color": "#FF4E00",
"x": 0.9525348,
"y": 2.769051 
},
{
 "id": "Arginine biosynthesis",
"label": "Arginine biosynthesis",
"size": 9.060606,
"color": "#FF6200",
"x":  3.41894,
"y": 0.05429383 
},
{
 "id": "Tryptophan metabolism",
"label": "Tryptophan metabolism",
"size": 9.060606,
"color": "#FF7600",
"x": -0.6618184,
"y": -2.458212 
},
{
 "id": "Starch and sucrose metabolism",
"label": "Starch and sucrose metabolism",
"size": 9.060606,
"color": "#FF8900",
"x": 2.008737,
"y": 1.234722 
},
{
 "id": "Glyoxylate and dicarboxylate metabolism",
"label": "Glyoxylate and dicarboxylate metabolism",
"size": 9.060606,
"color": "#FF9D00",
"x": -2.000372,
"y": -1.417081 
},
{
 "id": "Pantothenate and CoA biosynthesis",
"label": "Pantothenate and CoA biosynthesis",
"size": 9.060606,
"color": "#FFB100",
"x": 2.294293,
"y": 3.256423 
},
{
 "id": "Glycerophospholipid metabolism",
"label": "Glycerophospholipid metabolism",
"size": 5.430134,
"color": "#FFC400",
"x": -0.8146201,
"y": 2.122192 
},
{
 "id": "Ascorbate and aldarate metabolism",
"label": "Ascorbate and aldarate metabolism",
"size": 6.039514,
"color": "#FFD800",
"x": -2.618006,
"y": 1.810593 
},
{
 "id": "Alanine, aspartate and glutamate metabolism",
"label": "Alanine, aspartate and glutamate metabolism",
"size": 6.039514,
"color": "#FFEB00",
"x": 0.1090434,
"y": 3.915005 
},
{
 "id": "Glutathione metabolism",
"label": "Glutathione metabolism",
"size": 6.039514,
"color": "#FFFF00",
"x": 2.705183,
"y": -1.580089 
},
{
 "id": "Sphingolipid metabolism",
"label": "Sphingolipid metabolism",
"size": 6.039514,
"color": "#FFFF20",
"x":  3.34439,
"y": 1.808285 
},
{
 "id": "Pentose and glucuronate interconversions",
"label": "Pentose and glucuronate interconversions",
"size": 5.024291,
"color": "#FFFF60",
"x": -1.484596,
"y": 0.3303748 
},
{
 "id": "Arginine and proline metabolism",
"label": "Arginine and proline metabolism",
"size": 5.024291,
"color": "#FFFF9F",
"x": 1.123919,
"y": -2.397643 
},
{
 "id": "Pyrimidine metabolism",
"label": "Pyrimidine metabolism",
"size": 4.215067,
"color": "#FFFFDF",
"x": 0.2947663,
"y": 0.7356869 
} 
],
"edges": [ {
 "id": "1" 
},
{
 "id": "0" 
} ] 
}