{
 "nodes": [
 {
 "id": "Amino sugar and nucleotide sugar metabolism",
"label": "Amino sugar and nucleotide sugar metabolism",
"size": 9.849315,
"color": "#FF0000",
"x": -3.325125,
"y": 0.8289239 
},
{
 "id": "Galactose metabolism",
"label": "Galactose metabolism",
"size": 12.13242,
"color": "#FF1700",
"x": 2.227955,
"y": 1.348619 
},
{
 "id": "Ascorbate and aldarate metabolism",
"label": "Ascorbate and aldarate metabolism",
"size": 12.13242,
"color": "#FF2E00",
"x":   2.3586,
"y": -0.2129527 
},
{
 "id": "Sphingolipid metabolism",
"label": "Sphingolipid metabolism",
"size": 12.13242,
"color": "#FF4600",
"x": -0.3523444,
"y": 0.1302032 
},
{
 "id": "Pentose and glucuronate interconversions",
"label": "Pentose and glucuronate interconversions",
"size": 9.079027,
"color": "#FF5D00",
"x": -2.261353,
"y": 2.352127 
},
{
 "id": "Citrate cycle (TCA cycle)",
"label": "Citrate cycle (TCA cycle)",
"size": 12.09091,
"color": "#FF7400",
"x": 0.7525064,
"y": 1.188265 
},
{
 "id": "Fatty acid degradation",
"label": "Fatty acid degradation",
"size": 12.09091,
"color": "#FF8B00",
"x": -1.788731,
"y": 0.889122 
},
{
 "id": "Tryptophan metabolism",
"label": "Tryptophan metabolism",
"size": 12.09091,
"color": "#FFA200",
"x": -1.456768,
"y": -1.239693 
},
{
 "id": "Starch and sucrose metabolism",
"label": "Starch and sucrose metabolism",
"size": 12.09091,
"color": "#FFB900",
"x": -0.9736213,
"y": -2.931192 
},
{
 "id": "Inositol phosphate metabolism",
"label": "Inositol phosphate metabolism",
"size": 12.09091,
"color": "#FFD100",
"x": 0.5989879,
"y": -2.853473 
},
{
 "id": "Glyoxylate and dicarboxylate metabolism",
"label": "Glyoxylate and dicarboxylate metabolism",
"size": 12.09091,
"color": "#FFE800",
"x": 2.055124,
"y": -1.760298 
},
{
 "id": "Alanine, aspartate and glutamate metabolism",
"label": "Alanine, aspartate and glutamate metabolism",
"size":  7.56621,
"color": "#FFFF00",
"x": -3.249443,
"y": -0.7481066 
},
{
 "id": "Glutathione metabolism",
"label": "Glutathione metabolism",
"size":  7.56621,
"color": "#FFFF20",
"x": 0.6185907,
"y": -1.256555 
},
{
 "id": "Arginine and proline metabolism",
"label": "Arginine and proline metabolism",
"size": 6.039514,
"color": "#FFFF60",
"x": -2.559426,
"y": -2.263717 
},
{
 "id": "Glycerophospholipid metabolism",
"label": "Glycerophospholipid metabolism",
"size": 5.283105,
"color": "#FFFF9F",
"x": -0.754848,
"y": 2.722058 
},
{
 "id": "Pyrimidine metabolism",
"label": "Pyrimidine metabolism",
"size": 4.824818,
"color": "#FFFFDF",
"x": 0.7981417,
"y": 2.690485 
} 
],
"edges": [ {
 "id": "1" 
},
{
 "id": "0" 
} ] 
}