"","total","expected","hits","Raw p","Holm p","FDR"
"Purine metabolism",9,2.31,6,0.00924,0.739,0.425
"Pyrimidine metabolism",5,1.28,4,0.0156,1,0.425
"Pentose and glucuronate interconversions",3,0.77,3,0.0159,1,0.425
"Amino sugar and nucleotide sugar metabolism",4,1.03,3,0.0522,1,0.646
"Galactose metabolism",2,0.514,2,0.0646,1,0.646
"Ascorbate and aldarate metabolism",2,0.514,2,0.0646,1,0.646
"Alanine, aspartate and glutamate metabolism",2,0.514,2,0.0646,1,0.646
"Sphingolipid metabolism",2,0.514,2,0.0646,1,0.646
"Arginine and proline metabolism",3,0.77,2,0.162,1,1
"Citrate cycle (TCA cycle)",1,0.257,1,0.257,1,1
"Fatty acid degradation",1,0.257,1,0.257,1,1
"Arginine biosynthesis",1,0.257,1,0.257,1,1
"Starch and sucrose metabolism",1,0.257,1,0.257,1,1
"Inositol phosphate metabolism",1,0.257,1,0.257,1,1
"Glyoxylate and dicarboxylate metabolism",1,0.257,1,0.257,1,1
"Nicotinate and nicotinamide metabolism",1,0.257,1,0.257,1,1
"Pantothenate and CoA biosynthesis",1,0.257,1,0.257,1,1
"Pentose phosphate pathway",2,0.514,1,0.449,1,1
"Glutathione metabolism",2,0.514,1,0.449,1,1
"Glycerophospholipid metabolism",4,1.03,1,0.699,1,1
