{
 "nodes": [
 {
 "id": "Purine metabolism",
"label": "Purine metabolism",
"size": 5.597403,
"color": "#FF0000",
"x": -2.69549,
"y": 1.180844 
},
{
 "id": "Pyrimidine metabolism",
"label": "Pyrimidine metabolism",
"size":    6.125,
"color": "#FF1200",
"x": 2.052022,
"y": 1.474504 
},
{
 "id": "Pentose and glucuronate interconversions",
"label": "Pentose and glucuronate interconversions",
"size": 6.896104,
"color": "#FF2400",
"x": -0.2833332,
"y": 3.552444 
},
{
 "id": "Amino sugar and nucleotide sugar metabolism",
"label": "Amino sugar and nucleotide sugar metabolism",
"size": 5.912621,
"color": "#FF3700",
"x": 0.2996841,
"y": 2.151356 
},
{
 "id": "Galactose metabolism",
"label": "Galactose metabolism",
"size": 6.891051,
"color": "#FF4900",
"x": -1.715369,
"y": 2.685668 
},
{
 "id": "Ascorbate and aldarate metabolism",
"label": "Ascorbate and aldarate metabolism",
"size": 6.891051,
"color": "#FF5B00",
"x": -1.18114,
"y": -0.7174479 
},
{
 "id": "Alanine, aspartate and glutamate metabolism",
"label": "Alanine, aspartate and glutamate metabolism",
"size": 6.891051,
"color": "#FF6D00",
"x": 0.4403723,
"y": -1.530609 
},
{
 "id": "Sphingolipid metabolism",
"label": "Sphingolipid metabolism",
"size": 6.891051,
"color": "#FF8000",
"x": 2.886178,
"y": 2.781701 
},
{
 "id": "Arginine and proline metabolism",
"label": "Arginine and proline metabolism",
"size": 5.597403,
"color": "#FF9200",
"x": 1.098674,
"y": -3.19358 
},
{
 "id": "Citrate cycle (TCA cycle)",
"label": "Citrate cycle (TCA cycle)",
"size": 6.891051,
"color": "#FFA400",
"x": 3.431097,
"y": -1.741857 
},
{
 "id": "Fatty acid degradation",
"label": "Fatty acid degradation",
"size": 6.891051,
"color": "#FFB600",
"x": -2.732455,
"y": -0.5036973 
},
{
 "id": "Arginine biosynthesis",
"label": "Arginine biosynthesis",
"size": 6.891051,
"color": "#FFC800",
"x": 3.756823,
"y": 1.331735 
},
{
 "id": "Starch and sucrose metabolism",
"label": "Starch and sucrose metabolism",
"size": 6.891051,
"color": "#FFDB00",
"x": 2.253157,
"y": -0.3505153 
},
{
 "id": "Inositol phosphate metabolism",
"label": "Inositol phosphate metabolism",
"size": 6.891051,
"color": "#FFED00",
"x": -1.887513,
"y": -2.104822 
},
{
 "id": "Glyoxylate and dicarboxylate metabolism",
"label": "Glyoxylate and dicarboxylate metabolism",
"size": 6.891051,
"color": "#FFFF00",
"x": -1.205096,
"y":  1.11283 
},
{
 "id": "Nicotinate and nicotinamide metabolism",
"label": "Nicotinate and nicotinamide metabolism",
"size": 6.891051,
"color": "#FFFF19",
"x": -0.5180752,
"y": -2.917371 
},
{
 "id": "Pantothenate and CoA biosynthesis",
"label": "Pantothenate and CoA biosynthesis",
"size": 6.891051,
"color": "#FFFF4D",
"x": 2.124925,
"y":  -2.2269 
},
{
 "id": "Pentose phosphate pathway",
"label": "Pentose phosphate pathway",
"size": 4.945525,
"color": "#FFFF80",
"x": 3.913318,
"y": -0.1965063 
},
{
 "id": "Glutathione metabolism",
"label": "Glutathione metabolism",
"size": 4.945525,
"color": "#FFFFB3",
"x": 1.418272,
"y": 3.446118 
},
{
 "id": "Glycerophospholipid metabolism",
"label": "Glycerophospholipid metabolism",
"size": 3.970874,
"color": "#FFFFE6",
"x": 0.5170164,
"y": 0.2984965 
} 
],
"edges": [ {
 "id": "1" 
},
{
 "id": "0" 
} ] 
}