p.value,m.z,t.score,pos_inx
5.02323570956381e-08,310.98823,34.089605837658,1
1.98367474202658e-07,267.02371,46.8367860347997,1
4.66208923410968e-07,246.24254,29.0664615578342,1
1.90080191558662e-06,300.98596,60.0263858015903,0
2.1147388355685e-06,289.00574,26.4821815830533,1
8.41595895867925e-06,160.04277,14.2629834501026,1
1.0825224585657e-05,335.106,13.4398024152455,1
2.10648488442599e-05,243.02742,38.2652789345307,0
2.64734889004484e-05,192.04889,11.652306818972,0
2.87516368040527e-05,335.10601,21.6462721705198,1
3.06239648870998e-05,192.04883,11.4676275546435,0
3.56766847189202e-05,357.0879,11.5042955831252,1
3.93284786791521e-05,160.04273,10.7003884614188,1
4.31294334408095e-05,628.05626,-10.7567315052742,0
0.00010261944252008,306.07641,-14.8159082926306,0
0.000120489587078077,335.10578,11.269275867408,1
0.000137729614412718,289.10142,15.0217867599694,0
0.000145429227163153,225.03421,17.0733248299699,1
0.000171297006857527,496.33956,13.2641309449383,1
0.000173185023612405,176.07058,13.3230310939322,1
0.000173476471562751,498.26243,8.45969968498191,0
0.000200801338175808,160.04259,8.02455573713364,1
0.000206222722781231,686.22932,16.2473805341385,1
0.000208761082167658,606.07427,-8.81119349395985,0
0.000213966118048192,401.07873,8.75496405867749,0
0.000222620416759608,333.09129,10.7338096465277,0
0.000229808423922205,176.07067,8.69563367850636,1
0.000232449022283039,253.98128,-12.0630324616054,0
0.000241727725758411,267.02425,15.0347816205746,1
0.000348925956265637,308.09067,-7.34055872123394,1
0.00037330113996692,531.80741,-7.48596825776829,0
0.000389224758639912,358.94407,17.3388230186199,0
0.000457105226919954,192.04881,8.82648490307667,0
0.000460920174039293,405.07249,13.811888908248,1
0.000461984539798776,588.33042,7.42015494538427,0
0.000483550018721123,333.0914,8.34104440222755,0
0.000567440140572073,536.08455,6.71746097184071,0
0.00067154285243313,522.07106,-6.54782072313287,1
0.000724760544762382,540.05383,-6.54393915667987,0
0.000820783504389137,289.10144,8.4020256384307,0
0.000823412865596786,405.00955,-8.51306778170575,1
0.000868998824845069,611.14485,-6.15914219546494,0
0.000969222333083519,530.36192,-6.62217852090173,1
0.00102250659692006,203.05257,11.0406368057537,1
0.00110638462773521,256.67969,-5.96273744127495,1
0.00136680577972466,311.93992,-5.63767905635925,0
0.00146060478253557,114.03726,9.96785323135517,1
0.0014771774058218,243.02764,10.6797273607782,0
0.00175008867319211,646.16892,7.86339629144834,1
0.00178136463949539,388.22639,-5.37845660775842,1
0.00184694867794028,510.16864,9.58817769706012,1
0.00192869217614661,403.05809,10.2935189334651,0
0.00197073080000128,74.00726,8.40336035912242,0
0.00200478234573025,473.33969,-7.36020680668897,1
0.00201092302175683,480.34445,-6.10001504925677,1
0.00201666942979382,592.53913,-7.39411951118538,0
0.00220470982952198,261.14846,-5.38594577911427,1
0.00228302593052641,156.10199,-5.12197420967892,1
0.0023151613404902,176.07051,5.83417481087781,1
0.00239982679895642,281.24839,-5.75710553702444,0
0.00248966805107206,184.04403,-7.47381850695044,0
0.00252187689839875,243.18325,-5.14736649939449,1
0.00262042498631077,381.3369,-5.04732235026745,0
0.00265011673212912,298.57031,-4.93418242137051,1
0.00278095746923913,353.16923,-4.87496526904069,0
0.00288997662618713,323.09171,8.98422861950376,0
0.00303642880332809,180.06666,-5.15125409144015,0
0.00315901168248162,369.89856,-4.82471177759705,0
0.00324156473859733,460.64879,8.59508287273485,0
0.0034332887803461,689.5585,-4.70072823807547,1
0.00350399081053666,614.34571,4.92391211440038,0
0.00365387496778683,372.1957,-5.35122406194246,0
0.003696305830182,500.278,4.6148191908177,0
0.00399225959710006,386.21173,-4.81407835725652,0
0.00423019387430201,538.09846,5.08670248939461,1
0.00423677553609072,400.34217,4.49053922657759,1
0.00438969728911964,544.33927,4.52398546813044,1
0.00439773688701457,149.02327,-4.46650442023372,1
0.00447520598785214,322.04464,-4.63277506345441,0
0.00468783558849428,235.01273,-5.35021157508995,1
0.00479939131290116,405.0728,7.34197543637951,1
0.00504538161554677,586.31357,5.38192615516186,0
0.00505600436703566,357.0876,6.02950817417927,1
0.00507973216850784,171.05981,5.86351474326269,0
0.0053782951543524,374.93988,-4.60916914251888,0
0.00539706572867495,274.2739,6.91649531848976,1
0.00547541324308707,612.33028,5.7054189454841,0
0.00556444771985593,482.32386,4.71803597422202,1
0.00568861178704569,652.05122,-4.31586253062371,1
0.00569381273443496,325.1063,6.96772171403012,1
0.0058540786883978,408.06292,-5.16491967814938,1
0.00599267610985644,462.6444,-4.59366857607343,1
0.00623333996672956,476.62192,-4.11767287982774,0
0.00642033978233225,406.04819,-6.7584064306602,0
0.00672295196356785,473.34103,-4.46344330718221,1
0.00674329281459065,283.01886,-4.14444896945816,1
0.00684192473783513,191.01018,6.53004660696272,1
0.00698136361559368,484.67419,-4.70311137425414,0
0.007055823252591,313.27358,-4.05907353155098,1
0.00728145682400318,543.23954,4.01526049635055,1
0.00735283061389112,317.18911,-4.50824708620306,1
0.0073636407875333,391.28425,-4.8145981932404,1
0.00748865111937051,491.89703,3.98251474607843,1
0.00768005676153121,357.2999,-4.02456318264964,1
0.00781273543820694,500.27704,5.89607111296954,1
0.00836705830666326,267.1713,-4.77025805858673,0
0.00855840504804262,377.26714,-3.93228406364648,0
0.00865793980936686,590.54221,-4.24384563493269,0
0.00866645912268981,383.11584,4.74961175256455,1
0.00886525348787499,329.26833,-4.42940065521453,1
0.0089613594083795,382.15434,-3.87319240850725,1
0.00901279456261897,277.14438,-4.33308208539647,0
0.00908366205553229,205.06393,-4.25308665715332,1
0.00914977324385776,270.91337,-4.46143697069887,0
0.00921008771705924,320.09208,-4.08058631396549,0
0.00930211906811846,320.08111,4.67317929575455,1
0.00932133080509909,669.20307,5.79921613872496,1
0.00935958109327201,279.15903,-5.31181873479114,1
0.00942779965554263,259.02239,-4.27236461325328,0
0.00950836134275904,259.02254,-3.75421775082727,0
0.00964665104359106,316.98108,-3.75469311430959,0
0.00967176803396915,403.90973,-3.82477924021008,1
0.0100836124899184,538.12713,-3.75714488511587,1
0.0104535514888062,630.07131,-4.05221805740586,1
0.010456122305966,307.08393,4.07839604019354,1
0.0104949464277322,204.08659,-5.4821383472871,1
0.010550801394163,531.36503,-4.25283634022127,1
0.0106973551102637,149.02325,-4.35404440960188,1
0.0113549386245581,307.26439,-3.60372734646792,0
0.0119817198245672,494.14136,5.33518272903106,1
0.0120727328321093,783.57038,-3.57414007841742,1
0.0122090084709622,743.5407,-4.27674703312731,1
0.0122163406720036,267.07378,-3.54772254017406,0
0.0124171418114501,289.03315,-4.1892002606575,0
0.0125577928454665,575.73541,-3.63431616191989,0
0.0126743709219656,445.31277,3.81497029322166,1
0.0127119078768277,729.5901,-3.58406245098604,1
0.0130680192741788,253.21711,-3.50178746975271,0
0.0130916371383211,710.45404,-3.72162217692159,0
0.0130956129970988,469.0447,-3.89039481114104,0
0.0131630733018734,708.45666,-4.03410628957685,0
0.0132792914436622,422.08737,-4.02427309938802,0
0.0133398474783877,277.15554,-3.4883215532562,0
0.0134894223981215,799.5437,-4.60143803148819,1
0.0137912547177263,339.28903,-3.49606856790611,1
0.0142887522059626,468.30833,3.47474043751962,1
0.0143212149791735,773.58804,-4.05033132066523,1
0.0145681128990509,789.61636,-3.51033988902708,1
0.014679402922832,473.11971,-4.43122189251711,1
0.0147381155077579,746.56867,-3.5952216794638,1
0.0147781305565214,584.133,-3.39267655615839,1
0.0149087577912156,241.04665,-3.42493372838799,0
0.0149130276292064,244.09424,-3.55335375846549,1
0.0152962827308476,608.08901,-4.93262977462282,1
0.0154405976483708,745.55723,-3.67807719190566,1
0.0155692585738487,327.13828,-3.38052817242293,0
0.0155842994206356,243.13388,-3.41911128358047,1
0.0155917447967906,170.00457,3.37816134861418,0
0.0162907844629716,701.55871,-3.4435133965401,1
0.0163635979833948,826.37096,-3.37049930024406,0
0.0164041368466823,579.02661,-4.01561691090988,0
0.0166589965655718,354.11125,-4.71031701459221,1
0.016870579602036,675.54296,-3.52056478222866,1
0.0175911225097867,113.13247,-4.01136629565568,1
0.0175979241557459,524.27804,3.24580169618246,0
0.0177918802770665,261.05425,-3.23564746739104,0
0.0178579818291619,331.28349,-3.98754168042133,1
0.0178981809211629,367.10545,3.34232893280214,0
0.018550312075233,225.98644,-3.32492244007042,0
0.0185933557555915,372.10475,3.36629348359377,0
0.0186070523100345,496.33987,3.53386022167714,1
0.0186317978069503,731.54092,-3.25049621455492,1
0.0186713797264361,389.87919,-3.98074259737966,1
0.019430375809338,315.13725,3.21740564899229,1
0.0196546120025882,231.17034,-3.30521541959924,1
0.0196614011217633,214.04856,-3.49425867988753,0
0.0198288534224484,480.30848,3.16730317047691,1
0.020015964463869,662.10178,-3.19526003748808,0
0.0200649390772342,328.09611,-3.47122959153415,1
0.0201336729325925,524.36996,-3.71489295902757,1
0.02022873553437,446.06326,3.13942437523536,0
0.020336487906298,667.19005,4.35719085818309,0
0.0203881177430248,347.02511,-4.13930661181821,1
0.0204962584275338,362.05068,-3.92230760658495,0
0.0205340002151865,376.31875,3.17738304064129,1
0.0206014459973224,303.1737,-4.09785490770813,1
0.0210448535880559,652.49481,-3.13120423864125,0
0.0211154094416346,323.02861,-4.08703638424505,0
0.0212764435105013,249.05388,-3.69250378041744,1
0.0213890872279549,362.05079,-3.48100397117355,0
0.0219942294752975,534.58056,-3.15744926168324,0
0.022031223912841,362.0509,-4.19193307953686,0
0.0221523874274502,259.11183,-3.25083134123085,0
0.0224688813852337,368.75706,-3.63156277167496,0
0.0233708387344007,325.06419,3.02903300891984,0
0.0234921595550583,702.56255,-3.13666877482436,1
0.0237150172209228,250.09327,3.03784260614304,1
0.0237319603815015,596.53377,-4.06163712532676,0
0.0240087094320782,358.18503,3.59523820891389,1
0.0240571256930268,301.15898,-3.83165245535662,0
0.0243005334572107,296.13673,-2.99119577471289,1
0.0245763589150854,171.10267,3.47451101700888,0
0.0245793257662664,369.00761,-3.32500863934499,1
0.0249893266244234,373.06181,3.66542983229994,1
0.0251738432433519,730.53728,-3.49285195679271,1
0.0254075980839908,357.29972,-3.02600239532267,1
0.025719249273032,725.5566,-3.00045153983873,1
0.0257603300489957,136.06207,-3.18447993936372,1
0.025823941532926,237.12324,-3.78359187497632,1
0.0259365396004674,258.93303,-3.22246080166999,1
0.0262391549038427,689.17154,3.97111576787742,0
0.026643863357849,384.03291,-3.33112267475669,0
0.0268085561291115,510.35486,-3.94350247006457,1
0.0268529770529243,174.04083,3.0447044333943,0
0.027028951976952,461.97317,-3.22593300428307,0
0.0272451870234762,137.04582,-3.31584336465427,1
0.0273003319375064,635.69127,-3.47090776596435,0
0.0273176802347749,329.26856,-3.8058908615978,1
0.0273412239996776,305.04481,-3.01355984079551,0
0.0274231176031011,371.07065,-2.90527428477788,0
0.0274775714903657,454.221,3.7747818382097,0
0.0276143846813916,388.22635,-3.51667681546875,1
0.0292183897723553,339.07685,-3.2470893542957,1
0.0292343331588202,676.54548,-3.18444042225382,1
0.0295078253238283,786.60011,-3.02796650142883,1
0.0301491183853524,275.17118,-3.24889486471315,1
0.0305222229761026,391.28412,-3.39249796127233,1
0.0307454422781259,330.14915,-2.83563139326709,0
0.0310511141984205,261.12658,-2.96547208338775,1
0.0313225601355589,540.33031,3.05846509959614,0
0.0313308573537769,791.14438,3.29562951022213,0
0.0315249122534646,513.14713,-3.73595165466732,1
0.0317171934494847,487.1675,3.19345965808433,0
0.0321607714995718,183.07734,-3.3133088199821,0
0.03238532165925,323.06956,-3.43952577900355,1
0.0335346780172714,594.53656,-3.59197314923028,0
0.0337749177508721,650.49788,-3.19043275365564,0
0.0339804190014196,308.09832,3.06764536300269,0
0.0342545991248958,485.35714,-3.2355894987488,1
0.0342733473360835,219.07961,-3.17150880356326,1
0.0343394735611999,280.09177,-2.89016934361785,1
0.0343408467096289,716.52327,-3.07868525631704,1
0.0343987699517343,608.08829,-3.09277280978645,1
0.0348638222782848,135.03137,3.32282491595415,0
0.0352576211853771,201.12331,2.74530176868854,1
0.0353664234373262,355.06345,3.52154933574289,1
0.0354514658653296,323.02857,-2.9400490403337,0
0.035517925576436,307.11205,3.41017833679474,0
0.0355584363599716,268.10382,-2.70051038465735,1
0.0355654281902222,312.2039,-2.97861041158124,0
0.0359119277903067,289.10121,3.49625693957685,0
0.0365140474132156,227.06736,-2.83216521550642,0
0.0370616063387459,457.82097,-2.67660912320823,0
0.0373198758541635,170.00439,2.78254775339628,0
0.037322295641513,151.02686,-3.0692444496093,0
0.0374324729298846,456.12569,-3.29316739772923,1
0.0374450162120903,474.34398,-2.66361478511551,1
0.0374967704984192,200.97474,-2.66321566433718,1
0.0375324308955242,546.35442,2.89143571438636,1
0.0376341177640102,305.04466,-2.87959740714502,0
0.0379314707577098,322.04455,-3.36655505987796,0
0.0381371315608231,287.03423,-2.66738663659303,0
0.0382763801332168,519.03863,-3.15964411268624,1
0.0390665744721941,295.16511,-2.6696140662276,1
0.0390955788658278,788.60951,-2.66370966107184,1
0.0396761178730889,152.05664,-2.95577638110728,1
0.0400573393646406,135.03135,-3.01970548507455,0
0.0402882678848423,317.18939,-3.35250557694796,1
0.0405243255539483,330.07297,-3.42783083826519,1
0.0409506133280641,282.08437,-2.6061229467823,0
0.0411051730052304,233.09532,-3.20820222778234,1
0.0413360737870831,192.06551,2.63883391390789,1
0.0414930634360666,582.55612,-2.7485578904384,1
0.0417166214250769,309.11214,-2.73103375174405,0
0.0420954841013083,399.86231,-2.58216147518642,0
0.0422555707851286,597.30428,-3.27938088891807,0
0.0430105563543569,591.70961,-2.79144314044122,0
0.0430742915635158,569.27305,-2.62148714063072,0
0.043291441350345,285.18202,2.78836980843816,0
0.0435528331036732,428.11252,2.94587374551238,1
0.0436757162445429,227.16505,2.90188603916579,0
0.043746363969268,269.02208,-2.91814946012375,0
0.0437571343896524,693.16243,-2.93854689032724,1
0.0438105807406606,229.13446,2.85847957766264,0
0.0441994682716358,577.73184,-2.81053263717335,0
0.0442512923572838,353.11671,3.26147176610568,1
0.0442522857034161,234.91709,-2.76194675079102,1
0.0443341517625575,632.19531,2.53590799669287,1
0.0443598049416777,269.18588,-2.58098487270158,1
0.0443703315513751,571.13137,2.90957127710842,0
0.0444838786112583,425.08056,2.54295424417751,0
0.0446250844302382,521.10421,-2.74431062301751,0
0.0448213352530567,785.58633,-2.7091486809714,1
0.045068552334463,452.27704,2.52615379067247,1
0.0454497603017085,814.63015,-2.67938273683819,1
0.0456156126847009,770.50945,-3.09381950073555,1
0.0461621255497079,309.12683,2.96237594601941,1
0.0462254049107685,251.10357,-2.52168126105006,0
0.0464054413157459,246.99241,-2.87451097992979,0
0.0464368847099528,362.92781,2.50313457559507,0
0.0464411843848918,337.04423,-2.62199171559433,0
0.0465017209688778,326.37799,3.05284310881975,1
0.0466813673198169,192.02419,-2.7945658060316,1
0.0469207323984183,573.07805,3.03816262200506,0
0.0472062306996223,320.09205,-2.85950569984241,0
0.0474247014901684,579.88708,-2.95039269600532,0
0.0480490574430432,203.05242,3.06001544125425,1
0.0480995610472651,212.03319,2.5076557379341,0
0.0481215505376925,271.05729,-2.48499625954283,0
0.0481708567070817,287.1961,-2.86015408533082,1
0.0483221068746157,769.5549,-2.8950803871441,1
0.048892442773373,298.99249,-2.93941545464413,1
0.0489154068037388,307.11209,2.82672220013817,0
0.0491619728418141,339.11176,2.46043609527631,1
0.049172510702299,464.64202,-2.5108715406125,1
0.0492089360547352,156.10186,-2.66880667893575,1
0.049559533026097,370.05232,-2.9748881716124,1
0.0496106397559209,229.06413,2.90546028751026,1
0.0496960561217477,374.32592,-2.78910737628481,1
0.0505119017203654,302.10573,2.5096331889812,1
0.0505181982125517,454.29284,2.44734173263112,1
0.0507733378220519,307.05915,-2.50279463118641,1
0.0510182755070812,322.10628,-2.55887504767454,1
0.0512039947810605,597.30429,-2.43055351624109,0
0.0514361473578105,561.09656,-2.44269298605228,0
0.0514651665021296,461.86821,-2.44377154711931,1
0.0518501732062535,504.2177,2.68459984839783,0
0.0518823546324461,765.52816,-2.8656641812997,1
0.0522811467715699,198.03702,-2.71041546400531,1
0.0525013267664362,459.81785,-2.60076274538335,0
0.0525048948820723,152.05678,-2.4496889250064,1
0.0525557347231088,360.12871,2.43406650339041,0
0.0525789150592568,243.99894,-2.93751363276255,0
0.0526370264276761,579.02696,-2.57978459499163,0
0.0526914686568395,327.02663,-2.40963288252768,0
0.0527947309880457,318.12326,-2.91335579487957,1
0.0532373366272763,356.19385,2.67694550394482,0
0.0533894383555712,440.09969,-2.89035105707617,0
0.0536512290999342,502.37367,-2.43267015517516,1
0.0536593467435842,532.28014,-2.41696107960769,1
0.0537324381680127,368.02311,-2.40621425925117,1
0.0539217670496273,402.96924,-2.61692323526046,0
0.0555321112847544,333.05927,-2.66070018834293,0
0.0557906091114747,787.60234,-2.41477168443623,1
0.0563795334007431,425.08061,-2.5238436235005,0
0.0573972610968399,451.15219,-2.37839402364578,1
0.0575168090745715,330.2138,-2.61508771112908,1
0.0577787748204746,173.00786,2.43707549008598,0
0.0578612319930942,309.09291,2.34591387606743,1
0.058042998705531,280.09193,-2.72499036497871,1
0.0580616861923744,784.58341,-2.74876928336311,1
0.0582558651277297,775.6003,-2.33481756375224,1
0.0588028751621191,519.17489,2.86718728532687,0
0.0590151780812204,458.34753,-2.42140438571452,1
0.0592760046203062,184.04386,-2.75615797917768,0
0.0596424385243754,253.11817,-2.65180794141123,1
0.0608846995763185,469.19654,-2.79283159939219,1
0.0610347665950682,243.08096,-2.30197992084191,0
0.0610406842116375,571.28866,-2.6700265073023,0
0.0611047590102761,462.06686,-2.33359876518124,0
0.0612586291402116,346.05606,-2.79747226346589,0
0.0616192575191419,526.16517,2.6790765430733,0
0.0616309577774409,232.14041,-2.56035742657582,1
0.061819628742799,535.74786,-2.35209958174815,0
0.0625027727340285,524.37074,2.29198195322735,1
0.0627481744187964,443.29774,-2.63441308979035,1
0.0632370296380446,550.35005,2.72986790398551,1
0.0633046884098566,355.07403,-2.56755568729477,1
0.0633310315391323,215.12883,2.27388584386607,0
0.0636017843544971,329.92355,-2.31667831733972,1
0.0638336245514999,341.90365,-2.27421522245537,0
0.0638449471039605,476.27798,-2.38052741247705,0
0.0638890549600386,301.21713,-2.31452126708275,0
0.0639053962059552,370.69844,-2.3042167431699,1
0.0641837615671483,392.17049,-2.76759356468845,0
0.0650547418460751,242.00225,-2.73856204925741,0
0.0651062566042561,542.63283,-2.33209368253306,0
0.0656996602372878,648.42281,2.75995408403371,1
0.0657453755292985,362.050683,-2.74882869878552,0
0.0658574421916003,266.04693,-2.58429717669811,0
0.0659816613044392,287.14235,2.39911172777992,1
0.0662301458885152,355.28413,-2.81070888258572,1
0.066898730991336,211.1087,-2.59664787111733,0
0.066967535181613,553.16853,-2.73011443415146,1
0.0671015099026576,520.33934,2.23332503104161,1
0.067140732850228,258.11,-2.2316043531195,1
0.0672145655124976,353.22905,2.47386611191978,1
0.0672682637965694,610.53957,-2.24057438833554,1
0.0678503642335573,508.33958,-2.24019909990012,1
0.0679260204863321,561.41516,2.71021392088309,1
0.0680195353285346,568.33916,2.22335437875876,1
0.0681991587487769,587.33325,-2.49490109264007,1
0.0682494177578006,365.1178,2.58878895016628,0
0.0682538669846417,151.06143,2.22295859011061,1
0.0684271069414881,177.02484,-2.29108167198101,1
0.0686974454467731,173.00802,2.51967945513764,0
0.0687421534624696,322.04448,-2.58638129682615,0
0.0692496482716866,229.14336,2.29754859754623,1
0.0698922248007501,267.15703,-2.30447413609245,1
0.0700432954781398,238.04504,-2.33294862872838,1
0.0700874098009577,313.11294,-2.32630620911492,0
0.0703706361196759,328.87205,-2.67414953009323,0
0.0706620537003351,371.21095,2.28372779026407,1
0.0708765206107432,638.5714,-2.31090558512607,1
0.0721941803553174,187.09763,2.6552860591285,0
0.0725547599518915,192.02429,-2.2454597080335,1
0.0725833036379592,690.50627,-2.59423330448712,1
0.0735363660237621,277.08519,-2.51358225941218,1
0.0736237428028952,218.14997,-2.29087824774664,1
0.0737510926264296,260.05311,-2.59066719545167,1
0.0739866824278414,199.13392,2.30957199682026,0
0.0744590390808653,584.52384,-2.16315782385402,1
0.0745131832072309,379.28262,-2.50853868834067,1
0.0745491925118137,399.08264,2.30872417026744,1
0.0746983689504344,265.15458,-2.61903570685464,1
0.0748184097960803,433.14051,-2.60747361525724,0
0.0748357216540717,716.52177,-2.20048537805071,1
0.0752290176296371,496.33951,-2.56962995588581,1
0.0754136151289297,709.1148,-2.5565485950249,0
0.0755127792159701,645.80167,-2.42054489676041,1
0.0756401103551941,247.03933,-2.56126130256015,0
0.075858328778592,521.92955,-2.55033273165089,0
0.0763061869610779,274.187,-2.59093348084132,1
0.0763803866601285,184.0438,-2.64149249653963,0
0.0764258421137171,198.03726,-2.17832500537955,1
0.0766581326471932,585.48525,-2.13678600140973,0
0.0766858949757803,824.5561,-2.52030040324628,1
0.0770435520591655,478.29257,-2.1563307875494,1
0.0770553858199843,507.36547,2.28844540920924,1
0.0774782127199946,175.1189,2.13289748555929,1
0.0776584527662636,137.04577,-2.36930870017212,1
0.0778801928698765,285.99527,-2.21490219920006,1
0.078394215444793,535.15507,2.18148929444731,0
0.078608992919661,494.32399,2.2452881978974,1
0.0789890428605958,160.07575,-2.28869307183265,1
0.0793648937116121,638.36739,2.56316937444362,0
0.0795449491737405,454.29262,-2.52788118296399,1
0.0799540814388689,404.01435,-2.51646459852856,0
0.0805034137562353,482.82994,-2.45471337255607,1
0.080971756532214,329.15279,-2.10209033985042,1
0.0812246095139894,476.22114,-2.49407326169246,1
0.0815857170098468,168.02791,-2.1844486741721,0
0.081594524874089,188.07059,-2.09183512307215,1
0.0818322792468626,160.05938,2.25670108433234,1
0.0821396674063604,353.05944,2.08532046052063,0
0.0823036916473955,323.09147,2.5719622807463,0
0.0824928099308932,353.04907,2.38862139160528,0
0.0826785104421887,120.08092,-2.16786016030925,1
0.0830799404268551,215.03285,2.42235727561897,0
0.0833128323082298,169.03184,-2.45967558527594,1
0.0833379031723028,286.7715,-2.1202527044534,1
0.0834300216458771,380.16664,2.16055901879748,1
0.0835816541181115,225.088,-2.37770149355332,0
0.0836097108926604,479.03245,-2.20084552195717,0
0.0836702651720699,536.37082,-2.12190359138425,1
0.0840596400026218,377.05503,2.15316712673086,1
0.0840799133780925,286.09074,2.47278148488295,0
0.0843227263875023,598.35313,2.44744458676506,1
0.0844953989710857,366.10161,2.5369531050716,1
0.0849301614981564,291.10089,-2.45262113882302,1
0.0854587496266182,666.39734,2.50187837000066,0
0.0857176073058365,456.98439,2.08285378293147,0
0.0859799023605146,428.11003,2.48457069723752,1
0.0860038497990992,735.57152,-2.14589521345183,1
0.0860329052808901,353.04884,2.30775120146733,0
0.0860457767276555,390.99005,-2.05838673311387,1
0.0862174553297326,289.08622,-2.34599844409065,0
0.0863340649191035,518.31764,2.17542658004988,1
0.0866717011037338,288.76862,-2.46299413160843,1
0.0866945601515677,367.07918,-2.45906367034008,0
0.0868724160876349,307.08397,-2.06103951200253,1
0.0877510043749942,302.53383,-2.3270954428544,0
0.0881486610297717,345.01067,-2.30999628312226,0
0.0884021221855528,466.73246,-2.06346205230752,1
0.0885591000159965,594.37597,2.43280693721879,1
0.0885665658415921,430.87123,-2.28845920181731,1
0.0888887777928907,564.33028,2.13571656658231,0
0.0888975090391726,361.20075,-2.39034856615957,1
0.0890458228995985,495.92061,-2.17089381521804,0
0.0895236488718643,582.11825,-2.20209591349794,0
0.0895565592772062,441.33378,2.41654018976545,1
0.0897276185165859,372.73727,2.4353725657202,1
0.0897888705206871,294.14766,-2.29588371463671,1
0.0898538863340916,307.05962,-2.04892478219365,1
0.0904335824702948,220.01912,-2.0176652244071,1
0.0904599507389053,517.77692,-2.04626317005596,0
0.090622107400952,219.0796,-2.18870353017072,1
0.0906658170014232,301.16549,-2.02862440878447,0
0.0907841563197873,242.09986,-2.09516843389805,1
0.0910006216892417,364.91687,-2.20281302368381,1
0.0915679186190147,380.00321,-2.34986028138176,0
0.0919088776995881,496.30317,2.3156855864157,1
0.092210434272205,401.34501,-2.19441209136627,1
0.0924842629099243,414.04287,2.25937796458475,0
0.0924908191348923,172.99144,-2.13477821593196,0
0.0926027468463313,682.42073,2.20883456368456,1
0.0935155699934927,426.18978,2.23732473922558,0
0.0938020586405407,441.99255,-2.36514580556634,0
0.0940383043387785,347.02509,-2.29606583105612,1
0.0940873264183653,329.19051,-2.08956386273252,0
0.0942596183369962,180.0658,2.1852892590282,0
0.0946100265095314,216.01579,-2.20852109083997,0
0.0947751869104622,384.20508,-2.39343806251476,1
0.0950915547154396,323.02878,-2.34996646884338,0
0.0951748388369212,594.3673,2.18952336560869,1
0.095452394605039,426.25906,2.11826704457343,1
0.0955524247489973,384.20484,-2.39708346767729,1
0.0958052869003234,548.3348,2.35695464520125,1
0.0958205161830559,684.45391,-1.98337435645076,1
0.0959123304113231,289.16207,-2.12530314393348,1
0.0960018994532065,721.55614,-2.29820585495616,1
0.0965886624470455,459.10192,2.31285011081773,1
0.0969185296181333,566.42828,2.12288210152606,1
0.0974669036743355,435.00253,2.38153817239652,0
0.097611090361321,257.17426,2.17858141344132,1
0.0976544159857644,608.39057,2.31747169699432,1
0.0981695538978322,666.39776,2.28871816579466,0
0.0983086810370153,283.94503,-2.19007509519753,0
0.0985910848775399,348.07057,-2.33294191532723,1
0.0986234231715126,200.06809,-2.15044416002611,1
0.0987666473964691,302.3052,-2.23049655406217,1
0.101098969301799,346.05572,-2.24162712953589,0
0.101159783934812,289.10123,2.31339526118457,0
0.101167856498872,355.07373,2.0580173803703,1
0.101283369619539,251.10369,-2.13590931166535,0
0.101353090927276,484.11659,-1.97574480362644,1
0.101390515601747,768.55438,-1.97823008479441,1
0.101554600088544,384.71828,2.30975012903336,0
0.101606118437098,798.53981,-2.29844461569743,1
0.101731022474987,364.06536,-2.21570472263162,1
0.102063188922245,276.16582,-2.13811159375163,1
0.102231322995862,508.33855,1.95682451065682,1
0.102313538801901,690.43479,2.2820530214628,0
0.102318924972723,522.35527,-2.14182330741614,1
0.102598820031789,596.33549,2.26535094011743,1
0.103375295713046,498.13233,2.00441970783982,1
0.104188248913253,507.95123,-2.2199534913123,1
0.104208900875626,636.38739,2.18985895930335,0
0.104436982894258,401.29068,-1.92458708100427,0
0.104897591345699,474.20623,-2.2915685859401,0
0.104904419942952,258.07373,-2.20160265292975,1
0.10528741408446,376.31829,1.91604512688616,1
0.105324220421867,237.08806,-2.20005017782694,0
0.105558656427702,333.07118,-2.23257223843534,1
0.106130182443829,132.10211,-2.11405894291695,1
0.106205118679727,824.37417,-1.9443708641785,0
0.107643918652685,572.33549,2.16213552155111,1
0.107691714929401,171.1492,-1.98654544991478,1
0.107952891910237,369.09388,-2.19032005872695,1
0.108146096953253,599.37898,1.93931069699425,1
0.108976865069005,405.0095,-2.0993466182587,1
0.109435924155661,577.89008,-2.17075399998087,0
0.110287615150556,261.13405,2.03424821838409,0
0.110307479987973,526.31479,2.00170556449059,0
0.1104747149885,366.09667,2.14627094057051,1
0.110895182749636,258.11021,-2.23270474079626,1
0.110971595982655,322.1067,-2.06579900489699,1
0.112006374628485,580.55891,-1.96139699084293,1
0.112173041057724,267.13387,-1.97850378621895,1
0.112396942257368,282.11992,-2.07929681647235,1
0.112465225142634,537.19476,-1.92856244338021,1
0.112847462866869,571.34453,2.17506155232865,1
0.113903090463699,664.1161,-1.92863372203907,1
0.114061600154333,585.31864,-2.13139768608813,0
0.114343906673769,387.8823,-1.89998693648092,1
0.114448340974908,258.0736,-2.16251700564529,1
0.114982075947046,401.21425,-2.0447481683375,1
0.115909413561111,330.04428,-1.83766633210651,0
0.115945973315029,621.3031,-1.91201257057784,1
0.116163627046472,590.08946,-2.09930655282953,1
0.11659944996281,801.61899,-2.05579205254002,1
0.116785565128418,494.32404,-2.08146288825055,1
0.116881614199259,369.09401,-2.14636698027917,1
0.11694163206741,273.12695,2.14001940524163,0
0.117078699064123,700.4516,1.96953714097797,1
0.117371715949915,532.58346,-1.83963263719271,0
0.117680360354164,258.05937,2.09712174119762,1
0.117733993774358,916.5679,1.89223800892043,1
0.118508632344462,212.06144,-1.89010191965639,0
0.118780777903734,588.07497,-1.84114803752547,0
0.119563359526387,428.11321,-2.00518630505269,0
0.120344698362289,524.33454,2.12511069327007,1
0.12068414466171,515.2128,-2.03574761772522,1
0.120703300465645,260.19672,-1.90854729141107,1
0.121118785351828,184.07343,-2.08840643527057,1
0.121139274669775,371.05924,1.8985552979832,0
0.121310572247583,351.08309,-2.10489129634329,1
0.121474995068944,192.02401,-1.89899283619247,1
0.121650650127909,451.23058,1.80814800722458,1
0.121760922486661,271.07535,-1.80304847951339,1
0.121818538823709,516.15932,1.8585681735697,1
0.122076862728045,459.19907,-2.12100650448056,1
0.122412781787979,186.04557,1.8144209571755,0
0.12252648350984,742.53649,-1.79677151501552,1
0.122588405952364,655.10851,-1.796888371327,0
0.122834847481171,139.02115,-2.11011386927396,1
0.122965482883035,579.14391,2.10912123359103,1
0.123079308900817,442.67681,2.07721100246626,0
0.123153349885845,201.02153,-2.05598138794913,1
0.123253999293321,502.05961,-1.98315360760519,0
0.123327245297824,150.05497,-2.09513329961586,1
0.123470167832688,234.14462,-1.87276058269573,1
0.123530147081347,664.11613,-1.80028637115341,1
0.124294773927205,203.05213,1.98785291407285,1
0.124357648121386,347.025092,-1.8273869579569,1
0.126685966300253,390.30801,1.83897472493893,1
0.126781359266487,346.0558,-1.85218583483177,0
0.126955769940699,362.99858,-1.95270625786892,1
0.127051644961737,284.26827,1.78288878911712,0
0.12768720094507,271.22766,-1.79130109572814,0
0.12863209335992,245.04155,-1.96759594313137,1
0.128684448807803,203.05219,2.03585085942154,1
0.128822244838979,373.2142,-1.86385181566125,1
0.128936510759418,209.07964,2.01840075673541,0
0.129582677048491,104.107,-2.03894732763216,1
0.129633162284901,309.05709,-1.80963071970501,1
0.130615947631494,370.05223,-1.98878125124693,1
0.130743396149501,472.3387,-1.95146957946732,1
0.13074436856226,173.00791,1.751358305674,0
0.131147054407525,243.06214,-1.83246727598419,0
0.131618076269999,333.96452,-1.84919641121813,1
0.13281744760926,260.16783,-1.88330918698328,1
0.132852747250398,398.32646,1.77132325320851,1
0.133022355325861,686.47024,-1.93984593691566,0
0.133111926754508,579.7288,-1.81923145551804,1
0.1336767578801,291.10095,-1.9019374402961,1
0.133677897172302,130.05006,-1.79784299454947,1
0.134053681220865,512.2991,1.7406632202175,0
0.134066769465643,156.99087,1.84054353376322,0
0.13416211490204,298.05279,1.96920784792183,1
0.134467741220677,356.77677,-1.7518288825984,1
0.1349279540778,339.05931,1.84402724912452,1
0.135360682595695,506.32507,-1.75011948011456,0
0.135692639895483,459.19599,1.85110034150474,0
0.135965734769648,346.04197,-1.84326628668373,1
0.136277827409032,558.03314,-1.80452126997152,1
0.136301976010343,202.06818,1.83098425814568,1
0.136952875951149,186.05807,-2.00787235508959,1
0.13753694988172,555.27192,1.71874400426565,0
0.137868917888672,452.27696,1.71846885853518,1
0.137885657069806,229.13451,1.97172483086886,0
0.137893170173782,432.7622,-1.71346987860106,1
0.138198037953167,588.07447,1.7993326653027,0
0.139265152712259,324.05904,-1.92961990766639,1
0.140345050331622,346.05585,-1.7345351089693,0
0.140567233514144,298.101,-1.90730093899563,1
0.140823503597836,280.09212,-1.91984674053335,1
0.140920307368904,585.37354,-1.89850453003853,1
0.141051887276553,193.06404,-1.85321743064745,1
0.14107947429967,426.35775,-1.8138570266153,1
0.141273860377607,296.06594,-1.95358880758881,1
0.14141562125964,293.11411,1.94587477394358,0
0.141490235573702,314.07467,-1.93810148310981,1
0.142021056811148,333.14773,1.96285419734612,1
0.14222707240408,360.07208,-1.71116087557119,0
0.142574777981284,355.06357,1.69656939203603,1
0.1436206892476,305.21547,1.74305915759717,0
0.143935355541135,335.07379,-1.91100192529085,1
0.144007533063742,533.34052,1.88872586296752,1
0.14506559321871,230.02221,-1.94770563516843,1
0.145081324823672,612.55426,-1.70112598131391,1
0.145184315515142,245.09531,-1.84912361879562,1
0.145304292409178,812.39291,-1.74857308780163,1
0.145472375559531,636.38274,1.86636907912661,1
0.145490246501472,269.11277,-1.68570313046184,1
0.145968462012672,404.6859,-1.77931677132751,1
0.147005106674671,232.15434,-1.91085233746332,1
0.147056838124085,542.32442,1.86028312394238,1
0.147972932747962,684.45511,-1.66280965854283,0
0.148045315928882,367.13942,-1.91246536929331,1
0.14865834481508,476.21669,-1.90652920072974,1
0.149007567736664,295.22639,1.70943238435169,1
0.14922197178964,146.06018,-1.66058351285399,1
0.149320369837814,484.11678,-1.66019956952,1
0.149545079178528,601.15234,1.65866671778906,0
0.149664016986279,128.10723,-1.76320851920419,1
0.149977152999417,364.70293,-1.80818031375919,1
0.150075999674727,220.11795,-1.90552390049812,1
0.150087757692913,336.12011,-1.86298158881292,1
0.150772850528418,272.13134,-1.83986565742954,1
0.150938694086826,567.33142,-1.81270955815693,1
0.151130495685731,294.1705,-1.89253836903538,1
0.151311808972796,452.27804,1.64575482995241,0
0.151473911692239,392.17056,-1.64997530072214,0
0.151499846109807,703.57432,-1.87562872185368,1
0.151666864803476,184.09668,-1.87471026709978,1
0.151751537651771,245.23341,-1.65531570688154,1
0.152172243878692,253.11815,-1.78466241153805,1
0.152333216018874,220.01914,-1.71500068737419,1
0.152575021619314,364.06531,-1.74824167064552,1
0.15261106777575,259.07469,1.67310491475674,1
0.15367510815166,271.96466,-1.63770679739195,1
0.154339327688749,357.08779,-1.86333425498009,0
0.154612257112933,519.93149,-1.88084507138162,0
0.155315438084049,452.12346,1.86992242648879,1
0.155425224117385,501.26724,-1.85408035238943,1
0.155467672848023,346.0557,-1.83593335054112,0
0.156187437738165,718.83638,-1.86399220930174,1
0.15710811709913,693.11901,-1.84869293049038,0
0.157271845496334,528.84824,-1.76979811346309,1
0.157669447904436,527.14257,-1.82359247106346,1
0.157904603042294,183.01121,-1.86210401535496,1
0.157921158087335,332.92189,-1.72682622574474,0
0.158582633207741,202.10724,-1.84840634399577,1
0.158594122866868,480.30822,-1.83143889084028,1
0.158801578344509,214.00616,-1.60880543540364,1
0.158939033112035,139.02135,-1.85000924044166,1
0.15905024977007,415.21199,1.77349386914258,1
0.159290968037388,449.07715,1.61460818445137,1
0.159345714249285,511.32768,1.75516027241153,1
0.159353551928238,291.19969,1.75095714362662,0
0.159443746416786,492.2216,-1.82357643607284,1
0.15983399667947,613.15908,-1.60477344927858,1
0.160364690296723,143.07278,-1.60898072778578,1
0.16042509313072,333.13519,1.76922162416909,0
0.160776870224851,282.08426,-1.60112204592937,0
0.160852791636856,746.4251,-1.82636355109596,1
0.162370741415159,346.05575,-1.82046265494714,0
0.162861032240387,426.35767,1.62866410607191,1
0.163335934387746,554.28725,1.75287351821615,1
0.163421485184971,124.99981,-1.76464302992172,1
0.164155789801304,112.05052,-1.70965386252133,1
0.164208757561313,245.09532,-1.76337015826632,1
0.164274228412671,389.12048,-1.79754163196963,1
0.164841302299005,426.71581,-1.58425089510469,0
0.16521482117517,367.13925,-1.67758108946276,1
0.165608418373714,218.10335,1.62945176773705,0
0.165964651988302,250.09347,-1.6204078614027,1
0.166011772062823,222.029,-1.76578041243543,1
0.166091340467654,560.3118,-1.60365722594849,1
0.167443224938848,511.30236,-1.77464935095822,1
0.167487117991385,555.35328,1.70684567277565,1
0.16778212554416,86.09644,-1.61692875321039,1
0.16789843766339,361.1832,-1.75009700495506,1
0.168057872298672,535.28347,-1.80503091892856,1
0.168345750979593,483.13111,1.57680157677878,0
0.169554512026071,304.16182,-1.77090198494115,1
0.169889738544878,467.13314,1.70664696126096,1
0.170081107036695,436.77522,1.65027293270103,1
0.170120725819239,760.25703,-1.72013639017485,0
0.170395664183741,468.89684,-1.60301014071683,0
0.170754982338168,246.15211,-1.68664824985188,1
0.171745366697703,180.90389,-1.56465049916361,1
0.17234695471464,362.08592,-1.63827629542453,1
0.172481712379468,298.05273,-1.54940220153209,1
0.173276097376061,405.16996,1.77200903555925,0
0.173637016937082,378.1328,1.67748451034303,1
0.174088959215157,245.11313,-1.68312143278666,1
0.174191335219413,296.13555,-1.57997441169565,1
0.174218359857346,227.08447,-1.72815671257057,1
0.174769980701451,313.15562,-1.76963734286226,1
0.174903949433214,407.18484,1.7622145731449,1
0.174992084712916,588.0751,-1.54274168386692,0
0.175214095344047,502.29269,1.64170309462671,1
0.175724556865028,452.27741,-1.71400616171548,1
0.175846962175209,764.52366,-1.66539053682317,1
0.176243987930823,136.06177,-1.74837968584102,1
0.176611682310387,191.01029,-1.67973826903446,1
0.176755805928446,321.0493,-1.53056827688793,0
0.17680271429569,416.22701,-1.61663513554414,1
0.176815903494368,97.02839,-1.7135030813857,1
0.176959453324037,380.98745,-1.68753900946965,0
0.177154375332906,332.89426,-1.70908520541872,1
0.177262465512541,318.66751,-1.74666975292992,1
0.177321697800236,467.80277,1.6585437123589,1
0.177382048325401,370.05213,-1.7510496677904,1
0.178248725069119,289.01767,-1.65851996683565,0
0.178548925829433,642.47921,-1.68834969282255,1
0.178749717287595,112.05076,-1.56234805399727,1
0.179829741251816,518.32048,1.52720166200264,1
0.180064071715147,468.30839,-1.62956602964923,1
0.180391648205172,520.05932,-1.65250994003996,0
0.181780594980106,459.87158,-1.53200530234467,1
0.182043907699669,134.0473,-1.54237128410925,0
0.182096300674228,538.14736,1.66812379302115,1
0.182587255874498,584.28543,-1.70751350005209,1
0.18264310280084,234.07922,-1.62590842097374,1
0.183025456140115,328.20719,1.6659787941603,1
0.183460986770935,277.18409,1.68700733844421,0
0.18379150227691,577.36647,1.53857308400281,1
0.185038584409125,134.08121,-1.69030178261463,1
0.18516515113341,640.51386,-1.52113393899667,1
0.185479821419927,449.99316,-1.61509899639557,1
0.185575359737146,377.21358,-1.53844824639317,1
0.185689527689188,547.10183,-1.62653218615075,0
0.186189618334257,244.66341,1.50347571677841,1
0.186709058489379,502.29236,-1.50089086875535,1
0.186832347517333,498.0774,-1.63748579978541,0
0.186892708576922,725.10908,-1.60016699261035,0
0.186913917349538,577.74857,-1.66774208320679,1
0.187282614470015,386.71596,1.7005727725052,0
0.187563531439019,279.23277,-1.56724594916732,0
0.188279174227756,523.2745,-1.57826094128973,1
0.189023683081977,361.20514,1.51075587886931,0
0.189218220151782,268.07302,-1.68637031951223,0
0.189387394360127,450.92209,1.59544557580225,0
0.189899516521576,349.2359,-1.50609135782928,0
0.189973860693187,489.31451,1.61761520003667,1
0.190066680685224,229.98011,-1.54198323744787,1
0.190156247568957,257.99283,-1.60717473413468,1
0.191200339927942,227.20152,1.5030675794299,0
0.192191201275114,258.11003,-1.5762149426185,1
0.192341769837888,222.09679,-1.6753630711432,1
0.192514819052867,295.06143,-1.50416787727672,1
0.192914508795264,668.19163,1.52543058545692,0
0.193116652185153,534.94971,-1.66606442213317,1
0.194367200036598,323.02859,-1.60125181989016,0
0.194720746859975,650.84993,-1.55551370280162,1
0.19477739954762,185.02785,-1.64618406306996,0
0.195029470102821,606.29016,-1.51531863500456,1
0.195109514048098,128.03537,1.45871292715065,0
0.195423941341379,273.12778,-1.49815337662955,0
0.195465563329875,390.16101,1.46200938717662,1
0.19621706578197,430.20769,-1.64294131903849,1
0.197010563782619,490.20161,-1.52629914360771,0
0.197031958788528,450.10894,1.6016785925049,0
0.197107659257366,740.1872,-1.47469967892651,0
0.197141939104301,482.32392,1.48650552435993,1
0.197540831864218,265.06296,-1.48214120269307,1
0.19754559316694,178.05107,-1.4501991545411,0
0.198318879370353,146.08241,1.459983925732,0
0.198386489602502,206.05511,-1.44588502213519,1
0.198572599616081,260.18533,-1.64358056554185,1
0.198768691491071,170.08112,-1.59745790043144,1
0.19922650423682,611.14466,-1.50914161270941,0
0.200538280365076,441.23522,-1.61627691389487,0
0.200546598442998,762.39522,1.47112948669023,1
0.20092173577872,314.181,1.55463223371675,1
0.201096252389224,112.05053,-1.56062640645335,1
0.201890063065611,370.05239,-1.56051308607724,1
0.202211555703865,361.17925,1.60959197302193,1
0.20232894217876,414.76196,1.53678458772114,1
0.202401337117245,379.24909,1.49327511694538,1
0.202415740097682,706.51278,-1.48617185002846,1
0.20275494892612,367.13939,1.44396574053033,1
0.2050428271313,229.15421,-1.57623243678573,1
0.205123024068834,348.07065,-1.60487670908763,1
0.205142497351293,350.16324,1.53780440664395,1
0.205277058022699,461.21048,-1.58223696508748,1
0.205894274582539,136.06176,-1.56815125900438,1
0.205965624561717,619.28854,-1.56898296117372,0
0.206820307675588,255.23278,1.42803473653689,0
0.207507400214194,535.15425,-1.57556193793883,0
0.208396919868508,482.32396,1.44249839971783,1
0.208781763387836,275.0886,1.53557086160631,0
0.209779838196842,212.0386,-1.58499404461353,0
0.210063275721635,506.24974,1.53771876871656,1
0.210360394760144,274.18355,-1.55403282295982,1
0.210403591704254,218.13847,1.54129352889529,1
0.210586938245664,300.28959,-1.40473892983986,1
0.210635896999983,287.93881,-1.54346750236189,1
0.210703182721412,503.34368,-1.40433057975192,1
0.210982601170895,191.04018,-1.51035010469112,1
0.211640323488592,489.81501,1.44408115385409,1
0.211643653697943,313.08644,-1.40247518494933,0
0.211672993535636,530.31162,-1.56741640219801,1
0.212157045032456,522.35438,-1.5575692418037,1
0.212278952555956,285.18183,-1.51641291441026,0
0.212352358631327,151.02632,-1.42349983954399,0
0.212960018054335,441.25273,1.51612733288198,0
0.213532263479667,578.56172,-1.39849279072479,1
0.213953753744755,279.16998,-1.39016652496959,1
0.214136929198972,480.07748,-1.54853780286314,0
0.214275703619168,591.32323,1.43651434803986,0
0.214408976435676,392.03448,-1.51370118344656,1
0.215017062420827,401.26228,1.4548591241008,1
0.215296551791683,180.06542,-1.40978016701102,1
0.21532755090292,276.12626,1.49765603269918,1
0.215939206836593,331.20468,-1.45492961150936,1
0.216239480616085,253.00827,-1.38225645701503,1
0.217023818389504,307.10994,-1.45125521782926,1
0.217314603343598,608.35692,1.53526141004387,0
0.217361904490266,88.04019,1.44829577091006,0
0.217547573101146,392.7489,1.49010885311047,1
0.217588760438066,578.33789,1.41936590249651,1
0.217859772202121,375.23472,1.38901187798164,1
0.218004883604957,332.8942,-1.54158873984785,1
0.218355549922682,622.40738,1.54757011491381,1
0.218483241188809,447.06753,-1.37446672857945,1
0.219243113790747,378.90169,1.4545754417968,1
0.21942358563446,636.42245,1.47986314313619,1
0.219508168864063,494.2128,-1.38066327111608,1
0.220678554086587,458.06897,-1.50368808783832,0
0.221853357925241,361.75553,-1.51516336594949,1
0.222589478044113,132.10188,-1.49023859544019,1
0.223000037729565,424.07979,1.42220092014351,1
0.223131064730834,445.28838,1.46651693931793,1
0.223494583299752,598.06815,-1.5097902652128,1
0.223655813870305,114.06623,-1.47625852927602,1
0.22368489169897,696.437,1.39324561546255,1
0.224351231392582,504.26501,1.44036996465485,1
0.224542657901744,745.42006,-1.47499310738955,1
0.225066200524017,415.25334,1.44954281667788,1
0.22588547919647,284.18361,1.48568962341038,1
0.226182332524716,622.40749,1.48809883364722,1
0.226947848755023,206.055116,-1.39425574061254,1
0.227202744623426,276.16651,-1.42462305733582,1
0.22757258586644,296.18314,1.42922686911697,1
0.227701029041891,283.17502,1.49994808586622,1
0.228204881713674,331.13323,1.49457192982452,0
0.228501947975193,401.8596,-1.3904614200505,0
0.229058286554471,354.77965,-1.34079986366071,1
0.229384650843217,378.19673,1.45053029895769,1
0.229495921322011,254.24763,-1.38662122023362,1
0.229836628442379,318.1963,1.41016726233086,1
0.230303547691823,293.11418,-1.344662438564,0
0.230955159239395,635.34947,1.41293303041069,0
0.231389814450531,872.54195,1.43084645168238,1
0.232246650924237,241.15385,-1.3887772631901,1
0.23265537363195,162.11238,-1.47985059738006,1
0.232958210355884,242.09981,-1.47155279207529,1
0.232967745529707,137.04579,-1.47923395879324,1
0.233496872497782,520.33899,-1.40653285758462,1
0.233824089359187,784.48887,1.44480185016275,1
0.234004876686031,139.0214,-1.47372842085656,1
0.234541363816322,505.79647,-1.35655350855647,1
0.234806348236927,752.44237,-1.32050202724813,0
0.235487568008101,621.39298,1.38072622902518,1
0.235510172989642,509.16058,-1.41604748122274,1
0.235560834158661,467.3014,1.43595683011031,1
0.235644937796097,123.05503,-1.46619805758256,1
0.235735104503917,574.04413,-1.42038920740661,1
0.236160195817478,367.13239,1.3481340577117,1
0.236737334955108,646.08063,-1.46568525040904,0
0.237855544631353,580.36137,1.44158251040517,1
0.237944352996163,325.04328,-1.45051874279284,1
0.239550848098756,565.04795,1.3096614398085,0
0.240963484364181,623.41167,1.43822810393803,1
0.241168071125092,221.0185,-1.4072298750898,1
0.241691410721909,664.41815,1.44968053476427,1
0.241834919912404,369.2379,-1.35986075912229,1
0.241940855873005,435.21652,1.43102747903638,1
0.242461776795872,359.16456,1.44865626581497,0
0.243023226568156,297.15438,1.43372482352681,1
0.243699937662742,697.35603,1.31200432291909,0
0.245087396640684,348.72272,1.37074972488055,1
0.245387437325709,265.14799,1.3789744298814,0
0.245706933312006,525.28798,1.38442815833099,1
0.246432087727806,295.13984,1.35158750499729,0
0.246488283157103,284.98493,1.29125107468928,0
0.246541024350217,611.02458,1.29837870654796,1
0.247136923846187,582.86322,-1.40037162659478,1
0.247142473682444,593.70684,-1.29167833247466,0
0.247924335215046,340.20946,1.3484106558194,1
0.247977930946879,385.20728,1.33387344386393,1
0.248333826810673,121.06504,-1.41786193419069,1
0.248688122323582,668.05488,-1.28180787913895,1
0.248875030795581,547.33234,1.39680279521648,1
0.248973453604543,280.09203,-1.34813502317392,1
0.249552742994129,254.96776,1.35256107099315,0
0.250015018639013,785.49357,1.36700299096963,1
0.250112691743443,534.28316,1.29018970375196,1
0.25058699685371,283.17511,1.39886799175682,1
0.251423516389108,123.05549,-1.29153578248631,1
0.251432335765924,828.51541,1.36820742089186,1
0.251956678965128,278.57292,1.32068595653811,1
0.252596812136435,395.24405,1.3675629683663,0
0.252772038650232,784.48942,1.36475299185412,1
0.252796903454297,324.19445,1.34766828178711,1
0.253225380767134,371.22741,1.36433706644997,1
0.253546004288384,371.21125,1.40279870338417,1
0.253738881552089,692.44928,1.36849429150637,1
0.254119613351464,311.98523,-1.29447970007852,1
0.254530870661381,222.0291,-1.25979194463276,1
0.255484712629643,640.46414,-1.33644651471442,1
0.256644583671999,423.27511,1.34493584060155,1
0.257353647247754,622.36457,1.35041617942593,1
0.257452221316047,533.75094,-1.25250323613359,0
0.259329551301853,401.76427,1.33056847180531,1
0.259660250660275,664.11627,-1.26046888979586,1
0.260388468799988,173.00782,1.28983090065226,0
0.260769394952821,271.96483,1.26488228074477,1
0.261035708402237,459.27989,1.35624986354481,1
0.261539576156017,638.51737,-1.31543852134504,1
0.261548934032392,312.05225,1.26977123204179,0
0.261994156881314,207.13898,-1.27845569735408,0
0.26211047706567,531.27711,-1.24363367793795,1
0.262791527852753,317.18925,-1.29083542239247,1
0.263000509013515,370.73585,1.32869311412803,1
0.263254167993154,571.13075,1.35150143101858,0
0.263414475929106,305.21539,1.30851557101648,0
0.264043135304488,627.34869,-1.3652781083293,1
0.264043696242049,474.20603,-1.30308584523496,1
0.264492194495509,363.21889,1.28411601640753,1
0.264539058794088,400.34194,-1.29708139987162,1
0.264747247695846,388.25409,1.34472106460263,1
0.265094705357645,275.5674,-1.24581414966337,1
0.265451833669487,453.20939,1.30706305562695,1
0.265580195186518,298.05251,-1.31323160501944,1
0.265828839625998,318.19605,1.32960136175498,1
0.265889991800558,665.42233,1.35790028579922,1
0.266936613289434,520.33267,1.3306084580825,1
0.267814633203973,152.05667,-1.29389128997053,1
0.268335372166616,327.20093,1.33647640061171,1
0.268751727566888,379.24907,1.31064613293417,1
0.269091050512577,279.0597,1.29387368952487,0
0.269496505440319,546.28126,-1.24667553056801,0
0.269498556332429,830.36527,-1.23245587048681,0
0.270036798073829,325.15247,-1.31211009983969,1
0.270046304270434,476.30651,1.32184462715644,1
0.271135467126854,310.1763,-1.34068779985681,1
0.2714691677389,644.31657,1.28154793803737,1
0.271725670124375,466.29374,-1.21017526077825,0
0.272108506642318,442.31377,-1.21549531633133,1
0.272274074727073,206.05514,-1.27374609010294,1
0.272626528498612,511.14232,-1.20763458146656,0
0.272776625558996,740.43383,1.33337383446831,1
0.272786272131927,250.09346,-1.2372396452199,1
0.273091058585758,283.60105,-1.20697860990913,1
0.273098311049633,525.24872,-1.33212359520824,1
0.273471244735232,219.1338,-1.20549062687988,1
0.273531286844453,578.33822,1.29802998522091,1
0.273737594895916,564.35869,1.30864662481005,1
0.274306515831155,344.22785,1.32220856248367,1
0.274995661276644,503.30613,1.30643929108861,1
0.275020784666165,401.26237,1.29605155667108,1
0.275595601008427,261.14437,-1.30572567239662,1
0.275873336184089,405.73873,-1.2107450776924,1
0.276001511852945,332.0753,-1.26774122197748,1
0.276193123611728,446.25956,1.30108913689019,1
0.276494048168947,696.43721,1.28685420080535,1
0.276658245598015,399.14451,-1.24062419260902,1
0.276866329361557,455.22521,1.23446363168927,1
0.276918591527305,238.0445,-1.19755980938,1
0.278005806471237,522.35525,1.19617931946266,1
0.278118223254364,316.11671,1.19739935108368,0
0.278315116293274,404.73098,1.29942458837925,1
0.279041823330345,415.25359,1.267878730707,1
0.279597547032787,740.4632,1.27931848471693,1
0.279857629572346,356.10424,1.25779579065196,0
0.280315696159227,608.38485,1.28470709318097,1
0.280596735232676,228.0371,-1.18865309766888,1
0.281061070697871,684.45554,-1.18635077013967,0
0.281089905328149,379.24921,1.22003836189872,1
0.281147097295806,460.23865,1.25461833983256,1
0.2816007471163,652.4109,1.28340994241534,1
0.281780555299097,677.45399,1.29211733017169,1
0.28201163518665,836.61016,-1.18474108795822,1
0.28204269181233,516.31414,-1.29755589238783,1
0.282625332596013,212.04299,-1.22709636389589,1
0.283053961174846,304.15763,1.26671258051313,1
0.283449514114297,311.12377,1.21999568601254,1
0.284427563106057,243.06185,-1.18787535890147,0
0.284677270725884,423.77644,1.24227181110035,1
0.285227706967518,134.04718,1.22976215579243,0
0.285316647517697,648.42375,1.27308870262311,1
0.285577830219521,437.23418,1.27647552433641,1
0.285689704012738,280.26333,-1.1766902368636,1
0.286946975514873,538.31469,1.19707103936196,0
0.288224533844949,653.41444,1.25114639097563,1
0.288873075287957,327.06805,-1.26424415530197,1
0.289348268275747,534.31218,1.24892905356912,1
0.289481181643854,326.70953,1.23561332535021,1
0.290162945103753,160.13317,-1.26423930908691,1
0.290591079536931,548.29126,1.22017622689092,1
0.290864787445853,103.0035,1.20093460277721,0
0.293128891607061,394.16336,-1.17900521598225,0
0.293246488679723,359.09161,-1.22942513140363,1
0.293363494981717,191.98221,-1.21937225809893,1
0.293388990009846,262.12844,-1.25352740140371,1
0.29380156655571,286.93068,-1.17604450921768,1
0.293856163704965,352.94525,1.15943288075515,0
0.294548931878777,694.33776,-1.16330730054603,1
0.295024910034257,120.08079,1.2537873723518,1
0.295275625980061,193.06406,-1.23811040935452,1
0.295712232634794,187.04207,-1.16063675274773,0
0.295782172472961,286.05435,-1.15082823798039,0
0.295783357358362,502.29299,1.14712480465631,0
0.295925173118505,433.28245,1.2290869000353,1
0.297096251855274,552.33082,1.14340784887112,0
0.297639702760344,320.09213,-1.15877369115531,0
0.298087298138225,242.64215,-1.25222094846822,1
0.298279038157264,572.0445,-1.14309351356948,1
0.298741751203133,201.11327,1.2399177544489,0
0.299753800990363,565.0474,1.15649715113965,0
0.300111604953892,610.33473,1.22726404443393,1
0.300470673930879,490.28595,1.22779526146618,1
0.300745429418251,118.06523,-1.132261302455,1
0.300938525010906,376.22023,1.15274243273482,1
0.300990001506291,679.37563,1.17655486551192,0
0.301305338934244,187.60879,-1.20403254190605,1
0.301902172966649,638.40227,1.23541502821983,1
0.302133218496574,349.2245,1.19617031461699,1
0.303485967730681,427.30276,-1.19784986551358,1
0.303941002440089,526.2923,-1.16126014160763,1
0.304175972371903,357.23599,1.19213776869129,1
0.304549736211516,550.16515,-1.12489498040236,0
0.305648534828435,684.45522,1.16461195778099,0
0.306328485119809,598.29885,1.20945817221332,1
0.307433875809357,599.35034,-1.11875888695708,1
0.308757675545723,409.18365,1.19826091128801,1
0.309064661301916,335.10609,1.11294506623112,1
0.309285465375857,198.03723,-1.18539884183972,1
0.310307311769402,534.3119,1.16460014136748,1
0.31082001226794,158.09238,-1.13246233073009,1
0.310831307050157,543.23957,1.16268815060569,1
0.311275090311856,173.08077,-1.11438582571654,1
0.31223352007847,740.43444,1.1368373462241,1
0.312858513428352,717.36675,1.17839652945734,1
0.313501539724044,352.94497,1.17013468568445,0
0.313523578255342,743.40538,-1.10061185462746,0
0.314081429253504,186.11361,1.19065419358127,0
0.314260519438363,365.15723,1.16421252014737,1
0.315499387224245,349.23055,1.09503579758172,1
0.315781450888996,472.19161,-1.09964899004097,0
0.315908989380077,319.13651,1.1804186349967,1
0.315971323432145,343.23354,-1.18949886117661,1
0.316536356807754,419.2851,-1.1850676179248,1
0.316537210476123,500.27674,-1.16007661860026,1
0.31679630599543,147.07655,1.09408007268371,1
0.317173752091047,379.13643,1.17842923516741,1
0.318120423001347,596.35509,1.18538151768588,1
0.319331276212324,666.43384,1.17081760411728,1
0.319970111438214,687.1582,-1.09031314676711,0
0.320332566122168,298.09658,1.15646072018786,1
0.320780238431424,139.03895,-1.16920995010607,1
0.320849001900255,268.10393,-1.10006021576784,1
0.321671410445421,120.00301,-1.13471454749389,1
0.322418038911067,526.29273,1.08464404297183,1
0.322979497173456,263.07037,1.14016617354857,1
0.323333146676764,246.15598,-1.14678641478281,1
0.324441631878155,246.16987,-1.13662629078946,1
0.324785795153327,786.59984,1.07265786537496,1
0.325809326012402,250.09333,-1.11348117732035,1
0.326500186862113,178.99277,1.08361901764228,1
0.326527312020188,331.09594,1.09642432018527,1
0.32699009432903,274.10446,-1.13036761677179,0
0.327213842427504,347.07345,1.09066306784066,0
0.32759195172461,147.07639,-1.12316750648559,1
0.329061764782708,151.06197,1.11579625071114,1
0.3291297209567,137.04574,-1.06855736437823,1
0.329784628833525,313.16009,-1.07132310883712,1
0.330887152457083,467.1888,1.12839430300769,1
0.331151545138776,419.75353,-1.09219993637501,1
0.331409217573219,541.2617,1.12764645389068,1
0.33145332395174,357.29945,-1.10341980105599,1
0.33264210340301,635.74435,-1.0853406972191,1
0.332765515746131,355.1169,1.08229609519439,1
0.333956548483086,461.08078,-1.05691026106174,1
0.334703579923445,269.0882,1.05057460137769,1
0.335845435179719,679.47567,1.04685997782305,1
0.337015407160751,191.03974,-1.10278570499286,1
0.337852748210794,633.51629,1.0684706610042,1
0.339162611933272,420.31008,-1.04677533797943,1
0.34027227757288,443.25016,-1.12584558489287,1
0.340405248666059,228.26837,-1.12015035309374,1
0.341022079265646,257.94911,-1.03775677259892,1
0.341292056086318,445.84105,-1.11494072483803,1
0.341660784989994,319.13048,-1.09133381320389,1
0.342930130988327,516.08934,1.08486157331197,1
0.343482476905124,146.06019,1.0283106612866,1
0.345560482378123,589.0452,1.02589674967712,1
0.345838424316143,217.11927,-1.0410078442137,0
0.346293742892518,269.08792,-1.10655629136084,1
0.347918572820876,426.02215,-1.01909448419329,0
0.348094949212772,636.38706,1.09169657079464,1
0.348766892763486,152.03178,-1.09437175163932,1
0.348984246581288,649.4261,1.09169743618675,1
0.349141833638049,230.18624,-1.09455445718851,1
0.349288098701689,744.55271,-1.01578767097861,1
0.350528726962161,555.06308,-1.02180815012314,1
0.351230841375543,260.17155,-1.05891621234628,1
0.351839677844945,808.45485,1.08983350344576,0
0.352716390518876,318.06492,-1.01207647591637,1
0.352731988512995,267.13381,-1.00726875368941,1
0.353125602907381,349.23064,1.00804981510218,1
0.3538393635716,582.3034,1.0804022823987,1
0.354126449817279,274.14071,-1.01491707661143,0
0.354352312157614,326.70958,1.05951571914251,1
0.355255471160325,382.04245,1.04729044154278,0
0.355398479500293,423.07883,-1.03551518286438,1
0.355411340662456,402.99506,1.08389259498398,0
0.355497747722246,243.17122,-1.00114295064562,0
0.356487171765514,352.94484,1.06353502777431,0
0.357032635575987,418.74665,-1.00523165838448,1
0.35885217871603,676.45444,1.05884129861732,1
0.359927854778677,724.43887,1.04169082547471,1
0.360741224434037,340.04183,-0.990139201471018,1
0.361537904728664,124.999815,-1.0394597322445,1
0.362201845054692,308.29404,0.987672176722224,1
0.36264258262134,288.19141,1.05015684506913,1
0.363012123287288,282.11921,-0.985170086434427,1
0.364313092138668,348.07042,-1.05264574425756,1
0.364367021842519,427.09504,-1.01033459862159,1
0.364455121576051,453.34265,1.05383849009792,1
0.364567472835019,568.36164,-0.99702135954198,0
0.366906183745205,117.0576,-1.00510008252321,1
0.367848081070472,510.24638,1.03587704392532,1
0.368127570977276,335.10692,-1.00375788949739,1
0.369406993811185,168.02792,-1.0108411756111,0
0.369618769917825,258.07358,-1.0456195766085,1
0.371420319269956,177.0922,0.968778601885778,0
0.371496941534178,478.29361,-1.0191658274142,0
0.371884164981779,266.07462,-0.965275022785267,1
0.371958825349302,705.36873,1.00984578483561,1
0.373014597463532,404.68604,-0.966124025786014,1
0.373301214051619,349.12568,0.962410411044063,0
0.373503420043838,501.01529,-1.03775403702402,0
0.373842355120737,610.37106,1.02764040786435,1
0.374223816754889,751.43204,1.01401102606903,1
0.374866837144482,622.36402,0.995835664234785,1
0.374978590572761,343.95442,-0.958560931603644,1
0.375515558961886,308.09062,0.984853427662085,1
0.375702238415545,542.29253,-0.993762411747754,1
0.376095604471068,345.00113,-0.998119130267058,1
0.377977126826933,480.30933,0.955695601389986,0
0.378846362019002,395.07376,-1.02384187659546,0
0.378939804980423,494.21186,0.999191022532731,1
0.379033812333756,290.11482,0.992893236755333,0
0.379551832502809,571.3709,0.952375719093904,0
0.379779882849526,136.06173,-1.0148385165009,1
0.380081738162342,336.00832,0.9559670215453,1
0.380143908845884,275.14236,-0.967065170482688,1
0.381895593590441,286.21249,-1.01324545269677,1
0.383134954426242,144.08082,-0.947888305304966,1
0.383438127480127,497.2356,0.999902821144945,1
0.383786670190322,335.01088,-0.983123486429255,1
0.385677572467023,594.3763,1.00001261033639,1
0.38589518923413,383.70745,0.960818893193811,1
0.386999176609627,432.2808,0.976791738427958,1
0.387169895098641,160.0427,-0.932497312566164,1
0.387900254693658,214.00618,0.953084195997378,1
0.388219703527215,478.29403,-0.988796616752987,0
0.389109571000953,146.08237,0.974622199340787,0
0.389152748637626,242.09975,-0.9298452647302,1
0.38955707151725,139.02139,-0.989613889029795,1
0.390297341563858,375.19885,-0.993613091907832,1
0.390331063316595,708.03756,-0.937071471261169,1
0.392183412264682,353.10225,0.922514782992706,0
0.393952527700196,592.31738,0.970079196975269,1
0.394457429743296,154.05861,-0.921739932298868,1
0.394885369256391,805.41857,0.976295485456876,1
0.395219029164168,761.39248,0.948012991079995,1
0.395638985303528,624.38608,0.972723620492177,1
0.395882605643179,287.93878,-0.954617676991332,1
0.396032220654336,580.32045,0.941537672904214,1
0.397302480214305,217.12944,-0.971913741636828,1
0.399491077774907,345.1996,-0.972989234874334,1
0.399678136255696,736.48133,-0.940914914132425,1
0.399798739987713,474.20559,0.927199023525028,1
0.400276983060234,341.10119,-0.90693366081324,1
0.400458675446522,482.10188,-0.910659098281102,0
0.401811479097745,291.19964,0.935378877999508,0
0.401973142345383,296.82092,-0.902932573546712,1
0.403415890388668,360.07442,0.908188583857367,1
0.403965162707002,355.07393,-0.89801434347387,1
0.404019071746787,518.32153,0.934943505953685,1
0.404686044094439,136.06172,-0.96598953204192,1
0.406867624288913,672.93408,0.947883518383328,1
0.408820459865753,394.18513,-0.888511673540188,1
0.409622435551792,241.031,0.929331659844678,1
0.41001776586571,700.48499,-0.939358856815374,1
0.410964604140868,511.2151,0.930443225399096,1
0.411113980303819,474.25586,-0.883310927738885,1
0.411456599998339,720.33315,-0.907933870252261,1
0.412034063644297,452.12342,0.934993699862381,1
0.413529721608839,536.88421,-0.901974440708317,0
0.413597615046792,329.0813,0.90519996282488,0
0.415211235761686,715.36888,0.875031909184112,1
0.415244138924778,218.10354,0.924368879511721,0
0.415506898738115,720.45587,0.922765533078478,1
0.415588728503479,459.03102,0.920947881179497,0
0.416720185648181,233.14963,-0.880010159127753,1
0.418246937632619,405.01017,0.86974225425922,1
0.419595833803175,134.08112,-0.918348036485509,1
0.419657013893993,128.03557,0.889979266396178,0
0.420495077444687,348.07037,0.930594864617553,1
0.4205685803533,327.66334,-0.930014719020693,1
0.421568747283885,423.16263,0.913945766753038,1
0.423001058890805,289.03317,-0.869844333183636,0
0.423190262428172,606.30205,0.922076299715862,0
0.424090117609963,858.99324,-0.865670326272569,1
0.424357112227885,466.22235,0.858649295780019,1
0.428828654005432,281.24855,0.877856421037426,0
0.429201500412513,481.25767,0.866031284290873,0
0.429291797739813,474.62477,-0.908558487260171,0
0.429883260591438,204.98126,-0.858485452574433,0
0.430492304735893,664.17132,-0.860530693480665,1
0.43170046951461,306.02621,-0.842921427287556,1
0.432728137270726,697.41473,0.858400253958026,1
0.4338093255938,600.28956,0.883407509928294,1
0.435173382923318,243.06216,-0.863044484891701,0
0.436102879357937,403.85617,0.837315551124204,1
0.437057773653186,417.83352,0.849414474679234,0
0.438436404877475,530.31171,-0.86684297762424,1
0.439463130526399,246.16982,-0.841401080718325,1
0.441196279113496,242.07981,0.844841494958306,0
0.441362758902305,271.96473,-0.824708853961933,1
0.441772367446797,344.31657,0.844826895568473,1
0.442119395350895,205.09706,-0.863586775592385,1
0.44350277649903,468.30837,0.832870187652734,1
0.44383006732459,450.92184,0.86928725770768,0
0.444197022660084,673.34049,0.863161794553158,1
0.446593902936992,112.05061,-0.837587346533034,1
0.447668456158637,446.19525,-0.813080315796868,1
0.448948974509958,653.3248,-0.811398437703645,1
0.449480478365868,552.29175,0.857025299798671,1
0.452446399055942,281.11355,0.828022057963166,1
0.452471469372876,637.46551,0.803421358093963,1
0.453657055009521,298.10088,-0.849894403211749,1
0.454505370505261,461.81468,-0.801434802544222,1
0.455264183931065,301.96755,-0.828401210901783,1
0.455845007263974,300.19892,0.823190229298425,1
0.455954404458054,495.20949,-0.797661315041898,0
0.456800377041479,146.06014,-0.815462504146078,1
0.457408023281214,441.283,0.847052565490942,0
0.458290872007781,244.09037,-0.792553906712763,1
0.460844390915236,215.00193,-0.825003924790647,0
0.46211694489877,535.12898,0.785680473189751,1
0.46218503673866,306.12938,-0.79319025169197,1
0.463317482707891,495.32679,-0.78378292207677,1
0.464417951799965,186.01638,-0.782679379735053,1
0.464637264508602,227.04966,-0.817764398441047,0
0.465355082719902,769.00485,0.783940646578253,1
0.46678109981367,150.05486,-0.819085523347124,1
0.467673081328762,185.07472,0.788873642356142,0
0.468504654225687,389.20669,0.821118354546195,1
0.468529209467538,152.05689,0.789591356269232,1
0.468816233162138,546.95477,-0.810283952636925,1
0.469088636232095,640.46379,-0.804237779463173,1
0.472413671584477,162.11251,-0.794492623186573,1
0.474368178211165,383.04139,0.792269472768834,1
0.474413382796307,285.18207,-0.773339843611696,0
0.474953597885866,359.102,-0.777107254830562,1
0.475774860562385,650.43886,0.788145877484119,1
0.475790134002583,443.29767,0.780413164240107,1
0.47672835894528,110.03517,0.775664778471921,1
0.476942223646072,159.09182,-0.762362158163519,1
0.478388076075287,323.02838,-0.772913961068279,0
0.478688306405659,650.43867,0.788922587891874,1
0.479459983703757,257.94889,0.75400034324494,1
0.479482742733774,659.17968,-0.75389642915769,1
0.480503850128964,371.60483,-0.76561102174064,1
0.4818051338065,339.1768,0.779385116262749,1
0.483087462597211,242.07959,-0.780601454128041,0
0.487389780416252,342.06495,0.744976627687907,1
0.487914376914085,424.13602,0.759697559632354,0
0.489570105833682,512.17333,-0.739728598182773,1
0.491042712819199,450.92213,0.767582864796675,0
0.494780961354944,267.098,-0.773319342128548,0
0.499616600710439,705.93983,-0.71905164845066,1
0.501129277301104,920.75551,-0.743433037453893,1
0.501493853798326,345.09032,-0.715036258842902,1
0.502137277418253,188.17565,-0.737764966959107,1
0.50222850295042,424.24703,0.730846991651324,0
0.502405826748876,203.11281,0.746473887838309,1
0.502626496852488,628.95776,-0.74081210742943,1
0.502888013375424,359.07324,0.712871918506851,0
0.503886889781463,137.04609,0.720759474696557,1
0.504884976984724,351.25046,0.709634699302726,1
0.506628814094898,495.04247,0.733899734637519,0
0.507976220312451,409.61176,-0.703773427743428,1
0.509494017791188,642.47958,-0.718030189387504,1
0.510443386248329,572.03543,-0.717252098509771,1
0.510670298029743,218.94317,-0.733274577613656,1
0.512932182101516,541.25086,0.715536041603839,1
0.515811099594324,287.93872,-0.71164017679397,1
0.515866095760216,619.28861,-0.691184182928793,0
0.517670650561348,530.13704,-0.68715730181306,1
0.518362280073251,177.03293,-0.710122618243236,1
0.518941997233049,432.23819,0.711548332580106,1
0.519115716632561,516.1701,-0.713981934249133,1
0.523383544221003,554.47823,-0.679457413001897,0
0.524442233429075,410.03786,-0.701624354813133,1
0.525094525012066,298.09681,-0.713261822596557,1
0.525227407123306,335.10624,-0.691337277656964,1
0.5253209485585,128.03545,0.703872568345201,0
0.526693620301926,550.16517,-0.672036197374084,0
0.526951711506159,339.17673,0.701769035223486,1
0.527271669439767,335.10597,0.704578607353413,1
0.531892197913577,272.08895,0.679944804574103,0
0.533710187715839,231.09758,-0.675982347770912,1
0.534211334540877,258.93328,-0.681827388251956,1
0.536258944396565,260.18539,-0.690561814695036,1
0.537183783960651,366.91338,-0.682242846063051,1
0.537498861554625,149.02366,-0.668781027723079,1
0.539547521558454,587.0298,0.66178309495986,0
0.54247801303126,295.16487,-0.646896347101615,1
0.545223780023383,581.21117,-0.669276540055596,1
0.545789918467746,427.09515,-0.642686020963027,1
0.545865729628809,432.80989,-0.648690711103799,1
0.548759071692625,254.96782,0.660763850869628,0
0.549334583925252,283.60099,-0.660934928390005,1
0.554099977730301,518.24892,0.628102731575163,0
0.554367849793979,415.30647,-0.634911028340683,0
0.556703918007613,595.36749,0.652388188591259,1
0.557244350138272,245.18806,-0.625169369849214,1
0.558484684956764,261.14434,0.62544040872078,1
0.559041308984532,159.0272,-0.654500078407967,1
0.561433566042313,276.11895,0.618854533417872,1
0.564461569460009,563.75468,-0.614030505962748,1
0.56555291049923,235.99331,-0.616832713639595,1
0.565780770924445,191.04065,-0.614954917272565,1
0.567753775217307,271.22756,0.629847623455443,0
0.567812266103839,287.1963,0.616494255177375,1
0.568202435385098,296.03815,0.610928564915387,0
0.568534515628408,535.15423,-0.603557478910948,0
0.569720031202663,425.30606,0.608872217805418,0
0.574281645402807,480.30935,-0.594811112325584,0
0.575746554493191,184.04384,0.594640768378652,0
0.578234829597316,329.26857,-0.59106304602465,1
0.580948586259208,722.55448,-0.584004390307111,1
0.581948605957659,160.042734,-0.582734548538913,1
0.585688602898194,184.07326,-0.586082976949514,1
0.586811575646296,339.19976,0.596205675320231,0
0.588394590870701,254.22075,-0.58368195738059,0
0.590868471269432,786.16365,0.591403467132455,1
0.593059859680542,355.15114,-0.564225902673663,1
0.593846036641029,906.7402,-0.570977662499985,1
0.59561456917747,611.1446,-0.561783604069616,0
0.596546220381922,445.183,-0.56670239986591,1
0.601410227426652,666.05941,0.581096645479278,0
0.601442835175534,295.12881,-0.551200759183063,1
0.6025091873398,310.13059,-0.575394428748095,1
0.602663774550463,329.26858,0.552343034134155,1
0.603697861484695,544.33853,0.547745959773282,1
0.609339060582235,288.06872,-0.541203045663053,1
0.613114759813152,137.04595,-0.537830500589675,1
0.613805715837817,478.29323,-0.532066942807908,0
0.619136756775288,279.10044,0.528218144549368,1
0.619194098081627,523.30402,-0.523951788199509,1
0.620508328341928,210.15757,-0.52694560292545,1
0.620572565576682,482.10199,-0.526817730876058,0
0.620692330343551,363.04795,0.54512329703991,1
0.625235985421648,480.30817,0.515730587737111,1
0.626530432044163,308.03613,-0.524637923202492,0
0.627215892751162,307.08388,0.529074384956061,1
0.627950308850736,244.09296,-0.515318660409987,1
0.629690838722984,302.90491,-0.519135990545796,1
0.630213938833801,662.15713,0.514817648406507,0
0.630807557517972,416.09431,-0.508104458537854,1
0.634091556139024,492.04202,-0.511802408524943,1
0.635650757451653,158.09235,-0.499293974572298,1
0.636770194578157,200.05643,-0.497189123688457,0
0.636805448329934,266.07531,-0.499946355252593,1
0.637886521791121,531.13617,-0.495566730542102,1
0.639785808529351,388.15531,0.508074009675905,0
0.641805397630099,450.16197,0.492627430042244,1
0.642905578183258,204.12303,-0.494104688680628,1
0.643295494292678,298.09688,-0.512186094619534,1
0.645385410856135,759.37321,-0.484317545640778,1
0.647245668924681,340.0137,-0.481491583688822,1
0.647966501167601,320.05294,0.486274218836553,1
0.648961633724261,636.39778,0.488724796735725,1
0.649509986574378,554.34641,-0.497340489074772,0
0.65034325510608,389.9519,-0.491656851630301,1
0.653087907150026,306.98291,0.472875119304928,0
0.656714437961889,392.17075,-0.480942157315686,0
0.657396172478262,602.15803,0.475163298468642,1
0.659704989646892,282.12015,-0.470278464401881,1
0.659877707009438,218.1034,-0.485444484228438,0
0.661340945383626,229.01191,0.469052658509111,0
0.666950497258657,607.39769,0.471265830416897,1
0.667635705085553,520.60322,-0.463760203777921,1
0.66907297029424,313.27356,-0.449567275282873,1
0.671238095432624,808.57919,-0.457021866318812,1
0.67144006953203,309.17838,0.464888209315776,1
0.671704167065542,145.06202,0.448368334614471,0
0.672516528475424,274.10437,-0.444683746501326,0
0.67480334278191,215.00192,-0.458891164980446,0
0.677277842459402,257.05905,-0.437891891948743,1
0.680187002384009,191.04024,-0.45269129505081,1
0.681633120278324,595.28885,-0.435389309203189,0
0.681913407950721,286.97041,-0.439201110975888,0
0.682266601863086,493.04103,0.432376317060501,1
0.682619816145792,253.16372,-0.436719728129296,1
0.685276225471431,706.22637,-0.427080370847157,1
0.686267165939068,580.49425,-0.424500138737673,0
0.687251325348869,245.07682,0.425724001952555,1
0.687850723979544,137.04592,0.421879887411203,1
0.6885015379505,646.87639,-0.439601879484965,0
0.691915608979121,804.54344,-0.431778120428706,1
0.692477305195529,453.947,-0.41785989666658,1
0.692569294291481,428.20437,0.415661405467874,1
0.692762881038974,201.00275,-0.424910549457553,0
0.694478362649638,679.3553,0.431812579612077,1
0.695092098089858,212.95484,-0.411467555533753,0
0.695925864375849,706.08318,-0.412912265501974,1
0.701419680204511,341.09926,-0.402977444395532,1
0.702980006069363,325.15227,-0.405987510066434,1
0.703821256531878,299.08622,0.40336381106492,1
0.704293741160481,245.18585,-0.398876814657604,1
0.705547301024437,170.06004,-0.398473235369935,1
0.708846701748978,310.17599,-0.406345795775783,1
0.711550301917682,651.31081,-0.38810117367203,0
0.713794198358802,405.85247,-0.38540926173326,1
0.713812619478286,552.17955,0.384613363587519,1
0.71429437348559,617.36151,0.397818736027023,1
0.714486034846076,275.08846,-0.383643318788002,0
0.718525073642451,463.81184,0.383997577572568,1
0.718619233563947,218.13858,-0.389724974553316,1
0.722635438477037,550.34095,0.386996241922236,1
0.723735964715687,293.11425,-0.374195065652515,0
0.724543851366254,610.01253,-0.374799210613929,1
0.72484133583204,568.33849,-0.370753903811113,1
0.726136191079446,608.35257,0.373073176175065,1
0.727881768104288,171.01225,-0.368938337266725,0
0.728191377582448,738.545,-0.364802345582557,1
0.728240802572492,684.13934,0.365064138482858,0
0.729329886913074,784.14973,-0.365532523615482,0
0.729556233588386,550.16759,0.376379403369117,1
0.731544972727732,284.09896,0.359905255910143,1
0.733147596453675,295.22787,0.359338769057373,0
0.734048782579939,758.97246,-0.359285610531942,1
0.735762037782661,277.086,-0.354493785367499,0
0.737323900898594,578.34548,0.351519018566356,1
0.739985680046751,337.2052,0.348843827077469,0
0.74020130998785,381.10087,0.352915981089796,1
0.740819347586563,464.2785,0.350669264958052,0
0.741352964739791,573.11516,-0.345898249927674,0
0.742155538167643,616.32032,0.344760285178809,1
0.744226889339185,197.10062,0.343283655668042,1
0.744485033336136,296.12405,-0.346260640473376,1
0.747426368137834,219.17534,0.344338145561605,0
0.748402607891277,205.09705,0.345182559222568,1
0.755638545723682,504.08407,-0.327296222916719,0
0.763508406620541,556.31718,-0.314988455190731,0
0.768857877595699,484.1166,0.307530521716069,1
0.770092903745621,606.07393,-0.306192467151762,0
0.771604547916149,492.47743,-0.304150078581712,1
0.772735569032092,371.24131,-0.302465957466288,1
0.78283567623106,544.33717,-0.289300232801517,1
0.783547707982451,177.02473,0.287980298275663,1
0.784415645920373,216.17054,0.295184483702734,1
0.784518019424228,172.99186,0.294821536302643,0
0.784995485549612,117.01935,-0.285315661128042,0
0.785724714473367,492.3076,0.285036813963505,1
0.78618209473939,288.21663,-0.291469555402788,1
0.786354221094911,540.3306,0.295737452217952,0
0.787050778335608,518.49337,-0.282867565651381,1
0.788223659460946,462.19115,0.290622852257104,0
0.789769302694595,367.13922,0.28134552741829,1
0.791604892039279,134.08116,0.276817796881351,1
0.79172692090365,548.89909,-0.281361983155409,0
0.791992802888663,220.019146,-0.278820025847894,1
0.792564374397006,243.06224,-0.282972365910402,0
0.795527192649347,136.06175,-0.277132936146066,1
0.799930437175728,626.4742,-0.265232604295838,1
0.802944439564426,759.1793,-0.261050667150204,0
0.805302110044686,235.02042,0.257662938343095,1
0.806347621546694,281.14916,-0.258947616925099,1
0.807284783919854,473.11579,-0.254951246689492,1
0.808461361854412,255.0444,-0.256816596113549,0
0.810923971779559,191.01982,-0.250015102381726,0
0.812871087778139,400.11082,0.251163965107702,0
0.814581402937883,375.09085,-0.245298350377845,1
0.820490577051793,472.19103,-0.237473083171068,0
0.820507040574976,634.33347,0.238168397718119,0
0.820852295833629,359.14896,0.243796601611513,1
0.820894604784748,601.33406,-0.236761030941982,1
0.823275925504767,446.88752,0.241331230675075,1
0.824307379128946,643.28855,-0.232029731468118,0
0.82612640701196,385.25283,0.235044452294913,0
0.828097696547443,146.98188,-0.22835052936743,1
0.829174776065593,478.2939,-0.230209821013126,0
0.830364095005167,361.06126,-0.230521809110468,1
0.830673288956572,560.49157,-0.223564416307243,1
0.832354434980503,443.23283,0.222458997481457,1
0.835352839892194,435.04219,-0.225696683311659,0
0.837509837471103,782.56707,-0.218052988750849,1
0.837752405738559,818.24583,-0.215066163990989,0
0.839849989196993,621.3042,-0.214336792727726,0
0.840572698746352,305.06891,-0.21291358664913,0
0.842079540102205,536.37138,0.208041919191127,1
0.845908644979777,584.08874,-0.210311239966208,1
0.849841307909211,323.18508,0.201861490311769,1
0.852263446877188,354.04488,0.194606415933696,0
0.854116171312606,405.00944,-0.199919653194549,1
0.854697080196093,265.1117,0.194552464783172,1
0.854835210284662,369.35122,0.191583030552183,1
0.855251385537943,685.17969,0.195764597175981,1
0.859553511912393,587.46329,0.185167338972144,1
0.859823092479652,450.26243,-0.184503968328319,0
0.865113643731726,229.01179,0.177297693848208,0
0.86796320840513,269.08817,-0.173502670580084,1
0.870413005186926,90.05502,0.171863343586986,1
0.870658359402825,296.08238,-0.171440947957736,0
0.872186197937516,301.16015,-0.170037870433161,0
0.873459552126981,566.34602,-0.167566036497454,0
0.875641222101272,345.89744,-0.165636977785569,1
0.876151986220474,480.77729,0.163237998895206,1
0.878441474936276,361.16488,-0.165358714136994,1
0.878711216270486,480.30931,0.160416337481684,0
0.879890073869662,315.08093,-0.157950166261941,0
0.880894085445282,602.33781,-0.156432603639361,1
0.881347763117069,72.08089,-0.155807846500927,1
0.883251618023412,302.04922,-0.153304642802381,0
0.883737675986112,218.1247,-0.157612068832718,1
0.884803149432582,160.04271,-0.155864005207597,1
0.885808535568926,532.46926,0.149831410259295,1
0.888886350190503,803.23469,-0.145792468469869,0
0.890131352597916,583.32426,-0.144180520735964,1
0.891464271812935,180.06551,0.147510577044895,1
0.894633355569434,575.12951,-0.138686789348339,1
0.894634807676806,134.06016,0.138167010382798,1
0.89797753498465,714.64516,-0.133771983077748,1
0.903051009068569,218.12077,0.128312643188534,1
0.910101451660308,478.10753,0.117774834751048,1
0.910531966332206,238.99406,-0.118303370579918,0
0.912815540756262,520.2657,-0.11624669085776,0
0.913903274740212,308.08284,0.11562886146616,1
0.916709590716293,309.17868,-0.109265258261288,1
0.917540757758204,354.16589,0.107971610823389,1
0.919524619602612,742.06819,-0.106425344584211,0
0.919846833074173,608.31789,0.108746133507742,0
0.920769932341473,97.02857,-0.103895022552386,1
0.921622935647043,447.27468,-0.106518074720076,0
0.922589528025329,135.03025,-0.101343733881663,1
0.923200714897446,617.27345,0.10132239415563,0
0.923684171597307,227.18652,-0.103164235330905,1
0.926613358570344,535.12912,0.0974364762978639,1
0.926946036449204,694.46347,-0.0956345267797756,1
0.927065284032516,603.02361,-0.0967331581265389,1
0.92803994925471,645.80174,-0.0943641053470416,1
0.928310650027534,307.08347,-0.093828313533234,1
0.929909260018819,325.11685,0.0921761006091348,1
0.937112687706415,343.0201,0.0844205596372897,0
0.937146993687359,342.0885,0.0852853427759601,0
0.938296803901016,550.43885,-0.0807143679311163,1
0.940647067755339,355.07402,-0.0790641394128954,1
0.94137209648831,447.8378,0.0775615902073746,1
0.941896543805011,388.34193,0.0783534230956452,1
0.946480504195442,526.06609,0.0705590272891018,0
0.949487862749514,135.03029,-0.0661407071316524,1
0.949846732368039,244.09246,-0.0655762000885395,1
0.951175905004128,758.97279,0.0638457279752172,1
0.9512807708359,615.34698,-0.0638410746621398,0
0.952664043871643,452.27824,-0.0624556149664432,0
0.956576193918609,599.32008,-0.0569573266839128,0
0.957140875715763,122.07125,0.0568808968504547,1
0.958240770771639,391.72259,-0.0550601316160065,1
0.95890189110041,88.04053,0.0557010399483817,0
0.960609959779395,686.47052,-0.0517145162812885,1
0.963157562899383,278.25759,-0.0482072711269596,1
0.963280594209428,204.04367,0.0497554248823089,1
0.963947408603743,759.17277,0.0471413249392752,1
0.965244188056231,561.44873,-0.045430158579274,1
0.965249838123443,425.26624,-0.0457555717318064,0
0.966747827284948,505.9653,0.0441822960290451,0
0.967494772637644,414.28479,-0.0438448828747673,1
0.968381025135821,213.08686,0.0417494088366686,1
0.969520911842404,436.35481,-0.0398332999321298,1
0.969984018596974,391.57116,0.0395023546050837,0
0.97102375878372,698.47061,0.0382043918238987,0
0.973025537690138,278.05491,-0.0363515756325149,0
0.975752283558592,506.09839,0.0319446233412077,1
0.977067429317868,510.48785,0.0299646486338652,1
0.977544893552886,458.34739,-0.0293403729411098,1
0.978916163284451,814.38993,-0.0278097987257021,1
0.979902732745021,309.22575,-0.0262593798837248,1
0.981382715617823,240.03239,-0.024612326677635,1
0.985776770847836,507.10177,0.0186486941226251,1
0.986254865319584,337.06268,0.0184924852185977,0
0.98649090416171,496.26805,0.0177068082348949,0
0.987374263306785,401.91302,0.0167163371264599,1
0.987964427563402,494.25219,0.0158435809233674,0
0.988405370418191,325.0434,-0.0152191797156232,1
0.990596404780994,296.08633,-0.0123502579069331,0
0.990605263309097,758.77252,-0.0122761302960823,1
0.991883362858602,702.46413,-0.0106204367749686,1
0.994335319046811,328.03535,-0.00743144835474947,1
0.994758238457255,284.77484,-0.00699658403933276,0
0.995286255268391,522.28363,0.00617600093500343,0
0.998165837776177,533.07398,0.00246724805038558,1
0.998693004756539,348.0704,0.00172399208952833,1
0.999488994770238,171.00642,-0.000672033171471061,0
